cell,t,date,SACT,PI-GBM,FREQ,R0
4377,11853,2023-06-15,0,0.0051184,False,0
4377,11854,2023-06-16,0,0.00510809,False,0
4377,11855,2023-06-17,0,0.00513127,False,0
4377,11856,2023-06-18,0,0.00542804,False,0.15036
4377,11857,2023-06-19,0,0.00588479,False,0
4377,11858,2023-06-20,0.0008991,0.0352204,True,40.0345
4377,11859,2023-06-21,0.000825691,0.0222803,True,5.568
4377,11860,2023-06-22,0.000757026,0.0143352,True,0
4377,11861,2023-06-23,0.000775467,0.0260806,True,8.79701
4377,11862,2023-06-24,0.000828157,0.0367027,True,14.3244
4377,11863,2023-06-25,0.000819173,0.024095,True,4.09854
4377,11864,2023-06-26,0.000982049,0.0943833,True,40.4084
4377,11865,2023-06-27,0.00105237,0.108485,True,25.2507
4377,11866,2023-06-28,0.00118104,0.316176,True,46.5
4377,11867,2023-06-29,0.00116513,0.0544153,True,3.45691
4377,11868,2023-06-30,0.00116123,0.0403983,True,6.73485
4377,11869,2023-07-01,0.00117333,0.0349277,True,12.0113
4377,11870,2023-07-02,0.00116154,0.0218759,True,3.02155
4377,11871,2023-07-03,0.00118101,0.0325116,True,14.549
4377,11872,2023-07-04,0.00117257,0.0191912,True,3.54118
4377,11873,2023-07-05,0.00121478,0.0502783,True,24.3414
4377,11874,2023-07-06,0.00126553,0.0986345,True,29.6709
4377,11875,2023-07-07,0.00126477,0.0465599,True,6.84446
4377,11876,2023-07-08,0.0012834,0.0585194,True,16.0346
4377,11877,2023-07-09,0.00144048,0.329515,True,90.8119
4377,11878,2023-07-10,0.00167023,0.382878,True,152.873
4377,11879,2023-07-11,0.00184853,0.532116,True,141.633
4377,11880,2023-07-12,0.00191622,0.585972,True,67.8551
4377,11881,2023-07-13,0.00200624,0.433598,True,91.0673
4377,11882,2023-07-14,0.00201167,0.177419,True,20.2534
4377,11883,2023-07-15,0.00201422,0.111824,True,17.4894
4377,11884,2023-07-16,0.0020126,0.0529825,True,13.3903
4377,11885,2023-07-17,0.002019,0.0713387,True,20.5619
4377,11886,2023-07-18,0.00206942,0.336763,True,63.1645
4377,11887,2023-07-19,0.00206827,0.144439,True,13.6829
4377,11888,2023-07-20,0.00205634,0.0495145,True,2.52943
4377,11889,2023-07-21,0.00204344,0.0340187,True,1.02487
4377,11890,2023-07-22,0.00210795,0.41923,True,80.8635
4377,11891,2023-07-23,0.00213154,0.324946,True,39.7877
4377,11892,2023-07-24,0.00214309,0.215651,True,27.171
4377,11893,2023-07-25,0.00213205,0.0441814,True,2.04624
4377,11894,2023-07-26,0.00215799,0.158072,True,43.4103
4377,11895,2023-07-27,0.00214687,0.0446417,True,1.31966
4377,11896,2023-07-28,0.0021357,0.0355589,True,0.836641
4377,11897,2023-07-29,0.00213245,0.061423,True,9.64287
4377,11898,2023-07-30,0.00212316,0.0379408,True,2.27146
4377,11899,2023-07-31,0.00211224,0.0368207,True,0
4377,11900,2023-08-01,0.00210248,0.024963,True,1.00052
4377,11901,2023-08-02,0.00209324,0.0216156,True,1.27094
4377,11902,2023-08-03,0.00211712,0.116644,True,41.0087
4377,11903,2023-08-04,0.00211836,0.08431,True,13.7239
4377,11904,2023-08-05,0.00217135,0.449598,True,78.8388
4377,11905,2023-08-06,0.00216299,0.0913219,True,1.78449
4377,11906,2023-08-07,0.00216868,0.17077,True,19.6883
4377,11907,2023-08-08,0.00215967,0.0513326,True,0.43074
4377,11908,2023-08-09,0.0021594,0.0641057,True,11.6277
4377,11909,2023-08-10,0.00216482,0.115765,True,19.064
4377,11910,2023-08-11,0.00222188,0.568216,True,89.4361
4377,11911,2023-08-12,0.00221608,0.115221,True,4.23958
4377,11912,2023-08-13,0.0022076,0.0838511,True,0.27446
4377,11913,2023-08-14,0.00226693,0.563074,True,96.3851
4377,11914,2023-08-15,0.00226005,0.124097,True,2.44648
4377,11915,2023-08-16,0.00226037,0.208193,True,12.7143
4377,11916,2023-08-17,0.00225528,0.0703215,True,4.62405
4377,11917,2023-08-18,0.00225829,0.151071,True,16.4268
4377,11918,2023-08-19,0.00225202,0.0731305,True,2.5229
4377,11919,2023-08-20,0.0022442,0.0627564,True,0
4377,11920,2023-08-21,0.00225153,0.128737,True,22.5541
4377,11921,2023-08-22,0.00224663,0.0588324,True,4.05404
4377,11922,2023-08-23,0.00224815,0.106822,True,13.6523
4377,11923,2023-08-24,0.0022602,0.180181,True,29.8608
4377,11924,2023-08-25,0.00225485,0.0814779,True,2.95149
4377,11925,2023-08-26,0.00224771,0.055939,True,0
4377,11926,2023-08-27,0,0.0284348,False,0.730112
4377,11927,2023-08-28,0.000569197,0.0398309,True,5.21895
4377,11928,2023-08-29,0.000490666,0.0406317,False,0
4377,11929,2023-08-30,0,0.0260461,False,0
4377,11930,2023-08-31,0,0.0116687,False,0
4404,11853,2023-06-15,0.000185083,0.0218982,False,0
4404,11854,2023-06-16,0,0.0205118,False,0
4404,11855,2023-06-17,0,0.0200692,False,0
4404,11856,2023-06-18,0,0.0204082,False,0
4404,11857,2023-06-19,0,0.0197855,False,0
4404,11858,2023-06-20,0.000235722,0.027128,False,1.44941
4404,11859,2023-06-21,0.000784933,0.108393,True,21.9533
4404,11860,2023-06-22,0.000719655,0.0254892,True,0
4404,11861,2023-06-23,0,0.0327787,False,0.475699
4404,11862,2023-06-24,0.00145964,0.316344,True,62.2764
4404,11863,2023-06-25,0.00165389,0.525788,True,47.0835
4404,11864,2023-06-26,0.00152935,0.171152,True,1.92441
4404,11865,2023-06-27,0.00148972,0.161642,True,8.39708
4404,11866,2023-06-28,0.00144376,0.0885075,True,4.11649
4404,11867,2023-06-29,0.00138852,0.0989464,True,0
4404,11868,2023-06-30,0.00137401,0.0794013,True,5.86977
4404,11869,2023-07-01,0.00161468,0.227064,True,62.1263
4404,11870,2023-07-02,0.00161963,0.133059,True,11.5017
4404,11871,2023-07-03,0.00158353,0.0583089,True,0
4404,11872,2023-07-04,0,0.0464883,False,0.593906
4404,11873,2023-07-05,0.000811722,0.107058,True,17.6568
4404,11874,2023-07-06,0.00106881,0.156765,True,24.5823
4404,11875,2023-07-07,0.00119408,0.194229,True,21.2198
4404,11876,2023-07-08,0.00152628,0.371765,True,55.9946
4404,11877,2023-07-09,0.00216651,0.345638,True,151.868
4404,11878,2023-07-10,0.00253808,0.437243,True,136.215
4404,11879,2023-07-11,0.00290713,0.467072,True,169.649
4404,11880,2023-07-12,0.00293471,0.5301,True,47.0482
4404,11881,2023-07-13,0.00301583,0.402756,True,71.3285
4404,11882,2023-07-14,0.00295506,0.111464,True,3.10075
4404,11883,2023-07-15,0.00293872,0.28218,True,21.6961
4404,11884,2023-07-16,0.002956,0.243354,True,37.281
4404,11885,2023-07-17,0.00295144,0.315323,True,24.7175
4404,11886,2023-07-18,0.00303336,0.436109,True,72.9684
4404,11887,2023-07-19,0.00299397,0.112252,True,2.95498
4404,11888,2023-07-20,0.00295379,0.0920219,True,0.494622
4404,11889,2023-07-21,0,0.0404363,False,0.148387
4404,11890,2023-07-22,0.00288603,0.349754,True,77.4732
4404,11891,2023-07-23,0.00283484,0.285031,True,23.8806
4404,11892,2023-07-24,0.00285018,0.239206,True,21.1965
4404,11893,2023-07-25,0.00268023,0.0432552,True,0
4404,11894,2023-07-26,0.00329344,0.351222,True,84.3134
4404,11895,2023-07-27,0.00316764,0.0678699,True,0
4404,11896,2023-07-28,0,0.0435364,False,0.0594624
4404,11897,2023-07-29,0.00092266,0.0503445,True,6.94408
4404,11898,2023-07-30,0.000795402,0.0436271,True,0
4404,11899,2023-07-31,0.00136032,0.0840162,True,18.1314
4404,11900,2023-08-01,0.00146998,0.0539897,True,8.32159
4404,11901,2023-08-02,0.0014161,0.0390718,True,0.723616
4404,11902,2023-08-03,0,0.0307091,False,0
4404,11903,2023-08-04,0,0.020451,False,0
4404,11904,2023-08-05,0.000825083,0.0405639,True,5.78283
4404,11905,2023-08-06,0.000754847,0.0484923,True,0.753071
4404,11906,2023-08-07,0.00074189,0.0503461,False,1.00568
4404,11907,2023-08-08,0.000697565,0.0323244,False,0
4404,11908,2023-08-09,0,0.0240363,False,0
4404,11909,2023-08-10,0.000354881,0.0139036,False,1.44723
4404,11910,2023-08-11,0.000977458,0.0759357,True,14.3694
4404,11911,2023-08-12,0.00123089,0.083875,True,14.59
4404,11912,2023-08-13,0.00133467,0.0795611,True,10.3762
4404,11913,2023-08-14,0.00162471,0.179512,True,26.6961
4404,11914,2023-08-15,0.00157246,0.0373567,True,0.885356
4404,11915,2023-08-16,0,0.0257309,False,0
4404,11916,2023-08-17,0,0.0207472,False,0
4404,11917,2023-08-18,0.000396158,0.0274248,True,3.23755
4404,11918,2023-08-19,0.000341493,0.0301267,False,0
4404,11919,2023-08-20,0,0.0193093,False,0
4404,11920,2023-08-21,0,0.0130247,False,0
4404,11921,2023-08-22,0.000658095,0.134635,True,11.0647
4404,11922,2023-08-23,0.00102071,0.219602,True,26.017
4404,11923,2023-08-24,0.0015145,0.52449,True,62.8752
4404,11924,2023-08-25,0.00142408,0.122396,True,0
4404,11925,2023-08-26,0,0.0667637,False,0
4404,11926,2023-08-27,0,0.0409079,False,0
4404,11927,2023-08-28,0,0.0392367,False,0
4404,11928,2023-08-29,0,0.0229152,False,0
4404,11929,2023-08-30,0,0.0229662,False,0
4404,11930,2023-08-31,0,0.0164367,False,0
4405,11853,2023-06-15,0,0.0210428,False,0
4405,11854,2023-06-16,0,0.0201466,False,0
4405,11855,2023-06-17,0,0.019934,False,0
4405,11856,2023-06-18,0,0.0219812,False,0
4405,11857,2023-06-19,0,0.0254402,False,0.250241
4405,11858,2023-06-20,0.000312187,0.0274262,True,2.79991
4405,11859,2023-06-21,0.0008465,0.120046,True,26.824
4405,11860,2023-06-22,0.000776107,0.0263184,True,0
4405,11861,2023-06-23,0,0.0205328,False,0
4405,11862,2023-06-24,0.000729284,0.0855682,True,15.2278
4405,11863,2023-06-25,0.00121049,0.292859,True,43.461
4405,11864,2023-06-26,0.00140637,0.395836,True,36.8959
4405,11865,2023-06-27,0.00136544,0.147615,True,6.52057
4405,11866,2023-06-28,0.0013501,0.10748,True,7.96383
4405,11867,2023-06-29,0.00132557,0.0859931,True,4.79061
4405,11868,2023-06-30,0.00133383,0.116844,True,9.6622
4405,11869,2023-07-01,0.00147735,0.180598,True,38.503
4405,11870,2023-07-02,0.00148428,0.109338,True,10.3555
4405,11871,2023-07-03,0.00145119,0.0509795,True,0
4405,11872,2023-07-04,0.00144009,0.0555946,True,4.60068
4405,11873,2023-07-05,0.00148165,0.0981785,True,18.1284
4405,11874,2023-07-06,0.00158552,0.213984,True,37.4808
4405,11875,2023-07-07,0.00161162,0.168752,True,16.0193
4405,11876,2023-07-08,0.00167761,0.284788,True,29.8932
4405,11877,2023-07-09,0.00191063,0.448515,True,96.4787
4405,11878,2023-07-10,0.0021301,0.389099,True,107.221
4405,11879,2023-07-11,0.00238644,0.436445,True,143.178
4405,11880,2023-07-12,0.00241771,0.45942,True,32.5668
4405,11881,2023-07-13,0.00249787,0.480623,True,61.9765
4405,11882,2023-07-14,0.00247866,0.128587,True,4.04231
4405,11883,2023-07-15,0.00248053,0.202263,True,16.1707
4405,11884,2023-07-16,0.00247717,0.103246,True,12.5614
4405,11885,2023-07-17,0.00247756,0.112542,True,14.5252
4405,11886,2023-07-18,0.00251626,0.235734,True,39.3601
4405,11887,2023-07-19,0.00250672,0.117679,True,7.67687
4405,11888,2023-07-20,0.00249969,0.10849,True,8.8887
4405,11889,2023-07-21,0.00248081,0.0778133,True,0.329401
4405,11890,2023-07-22,0.00259493,0.46294,True,94.2513
4405,11891,2023-07-23,0.00260199,0.27226,True,19.0776
4405,11892,2023-07-24,0.0025948,0.148029,True,8.23964
4405,11893,2023-07-25,0.00257725,0.0846457,True,0
4405,11894,2023-07-26,0.00267685,0.440291,True,90.9361
4405,11895,2023-07-27,0.00266049,0.108516,True,0.538944
4405,11896,2023-07-28,0,0.0519895,False,0
4405,11897,2023-07-29,0.0012448,0.0837121,True,14.9949
4405,11898,2023-07-30,0.00107316,0.0480089,True,0
4405,11899,2023-07-31,0.00133802,0.0795862,True,13.2486
4405,11900,2023-08-01,0.00140881,0.0609351,True,7.41227
4405,11901,2023-08-02,0.00135464,0.0509417,True,0.633344
4405,11902,2023-08-03,0.00133372,0.0526015,True,1.79648
4405,11903,2023-08-04,0.00129044,0.0340597,True,0
4405,11904,2023-08-05,0.00139275,0.0653981,True,9.18556
4405,11905,2023-08-06,0.00136231,0.059045,True,0.30341
4405,11906,2023-08-07,0,0.0465963,False,0.549002
4405,11907,2023-08-08,0,0.033205,False,0
4405,11908,2023-08-09,0,0.0361287,False,0
4405,11909,2023-08-10,0.000320109,0.0184679,False,1.28909
4405,11910,2023-08-11,0.00101904,0.0788167,True,17.6906
4405,11911,2023-08-12,0.00107176,0.029997,True,6.1999
4405,11912,2023-08-13,0.00117355,0.0436395,True,9.27869
4405,11913,2023-08-14,0.00155934,0.166207,True,33.828
4405,11914,2023-08-15,0.00157423,0.0473547,True,7.17974
4405,11915,2023-08-16,0.00152316,0.0369831,True,0
4405,11916,2023-08-17,0,0.0387851,False,0
4405,11917,2023-08-18,0.000977229,0.14492,True,19.015
4405,11918,2023-08-19,0.000880815,0.0751224,True,1.82613
4405,11919,2023-08-20,0.000887466,0.0495315,True,4.46864
4405,11920,2023-08-21,0.000834451,0.045829,True,0
4405,11921,2023-08-22,0.000883786,0.079581,True,6.12318
4405,11922,2023-08-23,0.00104583,0.153239,True,16.7469
4405,11923,2023-08-24,0.00140064,0.306039,True,45.9475
4405,11924,2023-08-25,0.00136118,0.08281,True,0
4405,11925,2023-08-26,0,0.0662934,False,0
4405,11926,2023-08-27,0,0.0452488,False,0
4405,11927,2023-08-28,0,0.0411475,False,0
4405,11928,2023-08-29,0,0.0231779,False,0
4405,11929,2023-08-30,0,0.0227433,False,0
4405,11930,2023-08-31,0,0.0163039,False,0
4406,11853,2023-06-15,0,0.0277966,False,0
4406,11854,2023-06-16,0,0.0221632,False,0
4406,11855,2023-06-17,0,0.0221632,False,0
4406,11856,2023-06-18,0,0.0229293,False,0
4406,11857,2023-06-19,0,0.0215329,False,0.0382427
4406,11858,2023-06-20,0.000363662,0.0459166,True,4.04475
4406,11859,2023-06-21,0.000803683,0.21665,True,24.0455
4406,11860,2023-06-22,0.000736847,0.0392818,True,0
4406,11861,2023-06-23,0,0.0313258,False,0
4406,11862,2023-06-24,0.000529359,0.0959313,True,8.15933
4406,11863,2023-06-25,0.000978553,0.278784,True,31.0842
4406,11864,2023-06-26,0.00126162,0.580275,True,39.9484
4406,11865,2023-06-27,0.00123257,0.213933,True,6.49821
4406,11866,2023-06-28,0.00121283,0.152496,True,5.76618
4406,11867,2023-06-29,0.00116641,0.146238,True,0
4406,11868,2023-06-30,0.00113817,0.138727,True,1.61334
4406,11869,2023-07-01,0.00118804,0.27023,True,14.7588
4406,11870,2023-07-02,0.00116555,0.113803,True,1.36415
4406,11871,2023-07-03,0.00113956,0.115371,True,0
4406,11872,2023-07-04,0.00116407,0.227785,True,9.78971
4406,11873,2023-07-05,0.00118281,0.150881,True,8.78824
4406,11874,2023-07-06,0.00121054,0.267698,True,11.0592
4406,11875,2023-07-07,0.00119149,0.1335,True,0
4406,11876,2023-07-08,0.001194,0.147024,True,4.90949
4406,11877,2023-07-09,0.00140516,0.389386,True,63.0975
4406,11878,2023-07-10,0.00159366,0.453932,True,68.5138
4406,11879,2023-07-11,0.00176657,0.435797,True,73.8063
4406,11880,2023-07-12,0.00182863,0.476725,True,34.7982
4406,11881,2023-07-13,0.00190936,0.481976,True,45.3591
4406,11882,2023-07-14,0.00189495,0.157061,True,2.54242
4406,11883,2023-07-15,0.0018903,0.164694,True,6.72105
4406,11884,2023-07-16,0.00189815,0.233835,True,12.5184
4406,11885,2023-07-17,0.001892,0.134977,True,5.4766
4406,11886,2023-07-18,0.00191721,0.300411,True,21.1533
4406,11887,2023-07-19,0.00193043,0.236392,True,15.2655
4406,11888,2023-07-20,0.00196553,0.355884,True,27.2399
4406,11889,2023-07-21,0.00195351,0.109591,True,1.76622
4406,11890,2023-07-22,0.00207922,0.549859,True,80.876
4406,11891,2023-07-23,0.00207294,0.189668,True,5.27786
4406,11892,2023-07-24,0.00205924,0.156256,True,0.477155
4406,11893,2023-07-25,0,0.0798022,False,0.36015
4406,11894,2023-07-26,0.00198265,0.33685,True,57.5136
4406,11895,2023-07-27,0.00172954,0.107602,True,1.4024
4406,11896,2023-07-28,0.00158583,0.112004,True,0
4406,11897,2023-07-29,0.00157285,0.0959613,True,6.84458
4406,11898,2023-07-30,0.00149952,0.0833971,True,0
4406,11899,2023-07-31,0,0.0696749,False,0
4406,11900,2023-08-01,0,0.05181,False,0
4406,11901,2023-08-02,0,0.0439322,False,0
4406,11902,2023-08-03,0.000484892,0.055667,True,3.18103
4406,11903,2023-08-04,0.000417988,0.0646455,False,0
4406,11904,2023-08-05,0.000975047,0.204368,True,18.5734
4406,11905,2023-08-06,0.000916804,0.03949,True,0
4406,11906,2023-08-07,0,0.0309445,False,0
4406,11907,2023-08-08,0,0.0285845,False,0
4406,11908,2023-08-09,0,0.0298532,False,0
4406,11909,2023-08-10,0,0.0261858,False,0
4406,11910,2023-08-11,0.000656055,0.0802284,True,8.47484
4406,11911,2023-08-12,0.000628818,0.0671055,True,2.06767
4406,11912,2023-08-13,0.000580725,0.0669878,True,0.159052
4406,11913,2023-08-14,0.00135086,0.371901,True,58.4105
4406,11914,2023-08-15,0.00134105,0.0979392,True,6.00785
4406,11915,2023-08-16,0.00128973,0.0720451,True,0
4406,11916,2023-08-17,0,0.0609007,False,0
4406,11917,2023-08-18,0.00128316,0.388538,True,37.8298
4406,11918,2023-08-19,0.00115344,0.128534,True,3.40055
4406,11919,2023-08-20,0.00108478,0.138925,True,2.21613
4406,11920,2023-08-21,0.00101999,0.140785,True,0
4406,11921,2023-08-22,0,0.067691,False,0
4406,11922,2023-08-23,0.000381789,0.124026,True,3.90309
4406,11923,2023-08-24,0.000574447,0.192765,True,8.38105
4406,11924,2023-08-25,0.000526665,0.140248,True,0
4406,11925,2023-08-26,0,0.0917424,False,0
4406,11926,2023-08-27,0,0.0615738,False,0
4406,11927,2023-08-28,0,0.0700368,False,0.802865
4406,11928,2023-08-29,0,0.0308983,False,0
4406,11929,2023-08-30,0,0.0280212,False,0.201098
4406,11930,2023-08-31,0,0.0241991,False,0
4427,11853,2023-06-15,0.000673841,0.0379198,True,0.938968
4427,11854,2023-06-16,0.000651835,0.0412721,True,1.74435
4427,11855,2023-06-17,0.000612887,0.0197496,True,0
4427,11856,2023-06-18,0,0.0156657,False,0
4427,11857,2023-06-19,0.000254706,0.0197494,False,1.42553
4427,11858,2023-06-20,0.000219555,0.017312,False,0
4427,11859,2023-06-21,0.000633595,0.0766134,True,13.6733
4427,11860,2023-06-22,0.000595736,0.026676,True,0
4427,11861,2023-06-23,0.000766348,0.0702482,True,12.8812
4427,11862,2023-06-24,0.0014321,0.59416,True,81.9313
4427,11863,2023-06-25,0.00156658,0.500565,True,31.627
4427,11864,2023-06-26,0.00158013,0.29643,True,11.2703
4427,11865,2023-06-27,0.00163254,0.202011,True,19.3405
4427,11866,2023-06-28,0.00165845,0.0958792,True,14.1348
4427,11867,2023-06-29,0.00162979,0.0603769,True,1.13873
4427,11868,2023-06-30,0.00162061,0.0551703,True,5.07653
4427,11869,2023-07-01,0.00168943,0.12126,True,24.76
4427,11870,2023-07-02,0.00168344,0.0398623,True,5.57749
4427,11871,2023-07-03,0.00166597,0.0444311,True,1.99757
4427,11872,2023-07-04,0.00170188,0.0841587,True,16.8836
4427,11873,2023-07-05,0.00168512,0.0452954,True,1.53324
4427,11874,2023-07-06,0.00169316,0.0663663,True,8.66909
4427,11875,2023-07-07,0.00186587,0.338077,True,63.2588
4427,11876,2023-07-08,0.00190937,0.394465,True,22.893
4427,11877,2023-07-09,0.00231703,0.450466,True,176.714
4427,11878,2023-07-10,0.00253565,0.513925,True,118.051
4427,11879,2023-07-11,0.00273302,0.46959,True,120.447
4427,11880,2023-07-12,0.00272936,0.23331,True,12.1459
4427,11881,2023-07-13,0.00277443,0.32882,True,40.6892
4427,11882,2023-07-14,0.00277963,0.155174,True,17.2299
4427,11883,2023-07-15,0.00277219,0.0898631,True,9.20105
4427,11884,2023-07-16,0.00277908,0.129432,True,17.7988
4427,11885,2023-07-17,0.00276466,0.0654676,True,4.04127
4427,11886,2023-07-18,0.00275298,0.0799598,True,5.32453
4427,11887,2023-07-19,0.00275652,0.141196,True,14.8321
4427,11888,2023-07-20,0.00275313,0.101737,True,10.0848
4427,11889,2023-07-21,0.00273509,0.0907596,True,0
4427,11890,2023-07-22,0.00280183,0.352829,True,57.4315
4427,11891,2023-07-23,0.00279806,0.169755,True,9.47267
4427,11892,2023-07-24,0.00279309,0.121126,True,8.3656
4427,11893,2023-07-25,0.00277679,0.0890171,True,0
4427,11894,2023-07-26,0.00281183,0.220206,True,36.8162
4427,11895,2023-07-27,0.00280727,0.0913677,True,8.10413
4427,11896,2023-07-28,0.00281413,0.159683,True,16.4139
4427,11897,2023-07-29,0.00280652,0.0688883,True,5.42378
4427,11898,2023-07-30,0.00281907,0.136878,True,20.564
4427,11899,2023-07-31,0.00281279,0.0722114,True,6.06288
4427,11900,2023-08-01,0.00280987,0.0756244,True,8.45174
4427,11901,2023-08-02,0.00279738,0.0714729,True,0.762852
4427,11902,2023-08-03,0.00280414,0.125118,True,15.705
4427,11903,2023-08-04,0.00279531,0.0665553,True,3.21245
4427,11904,2023-08-05,0.00278603,0.0804935,True,2.61574
4427,11905,2023-08-06,0.00277634,0.107496,True,2.06937
4427,11906,2023-08-07,0.00279492,0.25476,True,24.9003
4427,11907,2023-08-08,0.0027999,0.181662,True,13.8648
4427,11908,2023-08-09,0.00280372,0.161344,True,12.8725
4427,11909,2023-08-10,0.00279619,0.103261,True,3.24605
4427,11910,2023-08-11,0.00285592,0.532863,True,60.7216
4427,11911,2023-08-12,0.00289557,0.592687,True,44.716
4427,11912,2023-08-13,0.00292332,0.57657,True,34.9183
4427,11913,2023-08-14,0.00300245,0.732683,True,83.2027
4427,11914,2023-08-15,0.00300304,0.320996,True,11.069
4427,11915,2023-08-16,0.0029921,0.23355,True,0
4427,11916,2023-08-17,0.00298435,0.140996,True,2.84274
4427,11917,2023-08-18,0.00299437,0.251256,True,19.7144
4427,11918,2023-08-19,0.00300377,0.224421,True,19.2031
4427,11919,2023-08-20,0.00299916,0.133369,True,5.51493
4427,11920,2023-08-21,0.00299185,0.117347,True,2.71425
4427,11921,2023-08-22,0.00298493,0.124078,True,2.93368
4427,11922,2023-08-23,0.00307743,0.667706,True,103.147
4427,11923,2023-08-24,0.00309424,0.507819,True,27.6195
4427,11924,2023-08-25,0.00311678,0.546368,True,33.8991
4427,11925,2023-08-26,0.00311465,0.160204,True,8.02713
4427,11926,2023-08-27,0.00310509,0.122196,True,0
4427,11927,2023-08-28,0,0.0726911,False,0
4427,11928,2023-08-29,0.000911649,0.0824353,True,9.37144
4427,11929,2023-08-30,0.000785908,0.0699308,True,0
4427,11930,2023-08-31,0,0.057301,False,0
4428,11853,2023-06-15,0.000445595,0.0692308,True,1.64576
4428,11854,2023-06-16,0.000436072,0.074539,True,1.1507
4428,11855,2023-06-17,0.000410011,0.0344723,False,0
4428,11856,2023-06-18,0,0.0220509,False,0
4428,11857,2023-06-19,0.000279165,0.0302573,False,2.23016
4428,11858,2023-06-20,0.000348915,0.0541144,False,2.56057
4428,11859,2023-06-21,0.000561354,0.122566,True,10.454
4428,11860,2023-06-22,0.000527809,0.0465415,True,0
4428,11861,2023-06-23,0.000538367,0.0649513,True,2.27606
4428,11862,2023-06-24,0.00101336,0.375396,True,52.3079
4428,11863,2023-06-25,0.00121171,0.611156,True,38.1781
4428,11864,2023-06-26,0.00118753,0.198201,True,1.89137
4428,11865,2023-06-27,0.00121677,0.243762,True,11.8054
4428,11866,2023-06-28,0.00121696,0.155127,True,5.82676
4428,11867,2023-06-29,0.00120821,0.164873,True,3.51127
4428,11868,2023-06-30,0.00119935,0.161468,True,3.07657
4428,11869,2023-07-01,0.00122791,0.204794,True,11.7193
4428,11870,2023-07-02,0.00122106,0.096685,True,3.11829
4428,11871,2023-07-03,0.00120316,0.091906,True,0
4428,11872,2023-07-04,0.00119607,0.106924,True,2.4437
4428,11873,2023-07-05,0.00118294,0.0812802,True,0.606333
4428,11874,2023-07-06,0.00119268,0.149632,True,6.53356
4428,11875,2023-07-07,0.00122294,0.230415,True,12.4261
4428,11876,2023-07-08,0.00126637,0.275048,True,16.9423
4428,11877,2023-07-09,0.00153639,0.470402,True,98.0045
4428,11878,2023-07-10,0.00181258,0.501538,True,124.385
4428,11879,2023-07-11,0.00195713,0.550093,True,79.8171
4428,11880,2023-07-12,0.00195702,0.196249,True,9.22963
4428,11881,2023-07-13,0.00199096,0.410795,True,27.4111
4428,11882,2023-07-14,0.00202504,0.27149,True,28.2704
4428,11883,2023-07-15,0.00201637,0.102028,True,4.34377
4428,11884,2023-07-16,0.00201216,0.113452,True,6.60011
4428,11885,2023-07-17,0.00200203,0.0900166,True,2.8712
4428,11886,2023-07-18,0.00199508,0.0938259,True,4.44644
4428,11887,2023-07-19,0.00201321,0.253524,True,19.2921
4428,11888,2023-07-20,0.00200658,0.0886632,True,4.28401
4428,11889,2023-07-21,0.00199473,0.0956828,True,0.806917
4428,11890,2023-07-22,0.00206043,0.418115,True,49.7605
4428,11891,2023-07-23,0.0020662,0.278495,True,12.1209
4428,11892,2023-07-24,0.00206054,0.11659,True,4.47641
4428,11893,2023-07-25,0.00205012,0.103493,True,1.0843
4428,11894,2023-07-26,0.00206204,0.202171,True,15.9599
4428,11895,2023-07-27,0.00206076,0.113817,True,6.95958
4428,11896,2023-07-28,0.00205738,0.114173,True,5.37027
4428,11897,2023-07-29,0.00205778,0.120767,True,7.8747
4428,11898,2023-07-30,0.00205889,0.128065,True,8.27983
4428,11899,2023-07-31,0.00205537,0.102511,True,4.87113
4428,11900,2023-08-01,0.00204529,0.107879,True,0
4428,11901,2023-08-02,0,0.0562356,False,0
4428,11902,2023-08-03,0.000866577,0.121365,True,10.5061
4428,11903,2023-08-04,0.000916534,0.0815911,True,5.5002
4428,11904,2023-08-05,0.00126525,0.185313,True,21.1759
4428,11905,2023-08-06,0.00121189,0.0665936,True,1.44365
4428,11906,2023-08-07,0.00123594,0.0640233,True,5.75399
4428,11907,2023-08-08,0.00119684,0.0660907,True,0.632871
4428,11908,2023-08-09,0,0.0524968,False,0
4428,11909,2023-08-10,0,0.0383324,False,0.317603
4428,11910,2023-08-11,0.00109007,0.274984,True,28.6065
4428,11911,2023-08-12,0.00143278,0.491978,True,39.5899
4428,11912,2023-08-13,0.00158429,0.57713,True,32.1154
4428,11913,2023-08-14,0.00187502,0.590329,True,60.8414
4428,11914,2023-08-15,0.00183163,0.209449,True,8.28499
4428,11915,2023-08-16,0.00176157,0.127603,True,0
4428,11916,2023-08-17,0.00172035,0.132466,True,3.2781
4428,11917,2023-08-18,0.0016719,0.109045,True,0
4428,11918,2023-08-19,0.00171309,0.258957,True,18.5638
4428,11919,2023-08-20,0.00168455,0.116325,True,2.27584
4428,11920,2023-08-21,0.00165866,0.0943117,True,1.96534
4428,11921,2023-08-22,0.00162985,0.137923,True,0.44165
4428,11922,2023-08-23,0.00195938,0.626205,True,100.744
4428,11923,2023-08-24,0.00203742,0.596932,True,35.56
4428,11924,2023-08-25,0.00200918,0.20095,True,0.546182
4428,11925,2023-08-26,0.00198619,0.148474,True,1.57774
4428,11926,2023-08-27,0.0019606,0.128578,True,0
4428,11927,2023-08-28,0.00194293,0.137068,True,2.19308
4428,11928,2023-08-29,0.00192198,0.113034,True,0.500466
4428,11929,2023-08-30,0,0.0735692,False,0
4428,11930,2023-08-31,0,0.0678886,False,0
4429,11853,2023-06-15,0.0004625,0.0813726,True,2.58253
4429,11854,2023-06-16,0.000424254,0.0600978,True,0.011973
4429,11855,2023-06-17,0,0.0342225,False,0
4429,11856,2023-06-18,0,0.0289723,False,0
4429,11857,2023-06-19,0,0.0366867,False,0.633756
4429,11858,2023-06-20,0,0.0396949,False,0.347218
4429,11859,2023-06-21,0.000526615,0.24441,True,9.94387
4429,11860,2023-06-22,0.000453957,0.0506742,True,0
4429,11861,2023-06-23,0,0.0671339,False,0.245447
4429,11862,2023-06-24,0.000966682,0.256645,True,33.7475
4429,11863,2023-06-25,0.00112832,0.5703,True,29.2413
4429,11864,2023-06-26,0.00105262,0.143853,True,2.29119
4429,11865,2023-06-27,0.00107117,0.362001,True,11.5431
4429,11866,2023-06-28,0.00106746,0.213432,True,7.33917
4429,11867,2023-06-29,0.00111012,0.456259,True,14.7106
4429,11868,2023-06-30,0.00108963,0.135568,True,2.96985
4429,11869,2023-07-01,0.00108113,0.146736,True,4.44796
4429,11870,2023-07-02,0.00110138,0.323746,True,10.0274
4429,11871,2023-07-03,0.00107682,0.133771,True,0
4429,11872,2023-07-04,0,0.126069,False,0.0667919
4429,11873,2023-07-05,0,0.0994254,False,0.0299326
4429,11874,2023-07-06,0.0006005,0.44007,True,11.9346
4429,11875,2023-07-07,0.000666017,0.199403,True,8.11556
4429,11876,2023-07-08,0.000860078,0.43459,True,20.5391
4429,11877,2023-07-09,0.00130058,0.765207,True,67.4057
4429,11878,2023-07-10,0.00170607,0.684024,True,100.445
4429,11879,2023-07-11,0.00183754,0.740043,True,54.7914
4429,11880,2023-07-12,0.00184489,0.679388,True,20.8414
4429,11881,2023-07-13,0.00186425,0.665378,True,23.7778
4429,11882,2023-07-14,0.00182751,0.139074,True,3.3782
4429,11883,2023-07-15,0.00179566,0.161481,True,3.19433
4429,11884,2023-07-16,0.00182532,0.549217,True,24.7568
4429,11885,2023-07-17,0.0018073,0.205952,True,6.12861
4429,11886,2023-07-18,0.00178612,0.169501,True,3.81658
4429,11887,2023-07-19,0.00183172,0.614788,True,30.8356
4429,11888,2023-07-20,0.00188918,0.695631,True,37.4869
4429,11889,2023-07-21,0.00186335,0.173819,True,0.0319312
4429,11890,2023-07-22,0.00191143,0.633528,True,34.4253
4429,11891,2023-07-23,0.00190492,0.232181,True,8.28566
4429,11892,2023-07-24,0.00189233,0.17697,True,4.70593
4429,11893,2023-07-25,0.00187223,0.164971,True,0.278405
4429,11894,2023-07-26,0.00190182,0.552274,True,25.73
4429,11895,2023-07-27,0.00188611,0.139568,True,1.67926
4429,11896,2023-07-28,0.00190432,0.481402,True,19.7996
4429,11897,2023-07-29,0.00192536,0.464135,True,21.6652
4429,11898,2023-07-30,0.00191702,0.148518,True,4.85373
4429,11899,2023-07-31,0.00192078,0.370957,True,11.6169
4429,11900,2023-08-01,0.00190692,0.142686,True,0.945869
4429,11901,2023-08-02,0,0.0873288,False,0
4429,11902,2023-08-03,0.00050093,0.102872,True,3.50929
4429,11903,2023-08-04,0.000524707,0.0954654,False,1.73156
4429,11904,2023-08-05,0.000588507,0.119116,False,2.69564
4429,11905,2023-08-06,0.000684676,0.140427,False,4.36735
4429,11906,2023-08-07,0.000711696,0.154124,False,2.39814
4429,11907,2023-08-08,0.000692894,0.0877026,False,0.376136
4429,11908,2023-08-09,0,0.0539135,False,0
4429,11909,2023-08-10,0,0.0373991,False,0.107757
4429,11910,2023-08-11,0.00115653,0.579315,True,30.2554
4429,11911,2023-08-12,0.00124579,0.51471,True,17.6113
4429,11912,2023-08-13,0.00137737,0.570001,True,22.5226
4429,11913,2023-08-14,0.00173855,0.802793,True,58.7318
4429,11914,2023-08-15,0.00190296,0.781748,True,42.5142
4429,11915,2023-08-16,0.00183017,0.294443,True,0
4429,11916,2023-08-17,0,0.113799,False,0
4429,11917,2023-08-18,0,0.140704,False,0.898616
4429,11918,2023-08-19,0.000464965,0.221306,True,4.12428
4429,11919,2023-08-20,0.000414094,0.175925,False,0.286308
4429,11920,2023-08-21,0,0.128911,False,0
4429,11921,2023-08-22,0,0.0857175,False,0.283827
4429,11922,2023-08-23,0.00149985,0.665666,True,54.0719
4429,11923,2023-08-24,0.00161481,0.804112,True,31.3925
4429,11924,2023-08-25,0.00148162,0.276118,True,0.11973
4429,11925,2023-08-26,0,0.115234,False,0.478921
4429,11926,2023-08-27,0,0.0824629,False,0
4429,11927,2023-08-28,0,0.0867345,False,0
4429,11928,2023-08-29,0,0.101563,False,0.275379
4429,11929,2023-08-30,0,0.051525,False,0
4429,11930,2023-08-31,0,0.0395255,False,0
4430,11853,2023-06-15,0,0.013639,False,0.39946
4430,11854,2023-06-16,0,0.00972968,False,0
4430,11855,2023-06-17,0,0.009403,False,0
4430,11856,2023-06-18,0,0.00884713,False,0
4430,11857,2023-06-19,0.00036081,0.0138194,True,2.66266
4430,11858,2023-06-20,0.000311021,0.0143068,False,0
4430,11859,2023-06-21,0.000463672,0.0293414,False,4.57985
4430,11860,2023-06-22,0.000439331,0.025569,False,0.115685
4430,11861,2023-06-23,0,0.0155191,False,0
4430,11862,2023-06-24,0.000382516,0.0172865,True,2.92702
4430,11863,2023-06-25,0.000973939,0.0597025,True,24.2841
4430,11864,2023-06-26,0.00113149,0.0506045,True,17.0986
4430,11865,2023-06-27,0.00110206,0.0331993,True,3.33528
4430,11866,2023-06-28,0.00115334,0.0647932,True,10.0881
4430,11867,2023-06-29,0.00121199,0.0624101,True,11.5629
4430,11868,2023-06-30,0.00118576,0.0422411,True,1.60492
4430,11869,2023-07-01,0.0012085,0.0517028,True,7.3006
4430,11870,2023-07-02,0.00118295,0.0410191,True,0.62121
4430,11871,2023-07-03,0,0.0256627,False,0
4430,11872,2023-07-04,0,0.0149222,False,0
4430,11873,2023-07-05,0,0.0180648,False,0.258436
4430,11874,2023-07-06,0.000720184,0.0900246,True,11.5294
4430,11875,2023-07-07,0.00075716,0.0441808,True,5.82066
4430,11876,2023-07-08,0.000859264,0.1038,True,9.56921
4430,11877,2023-07-09,0.00147971,0.398515,True,66.6984
4430,11878,2023-07-10,0.00207058,0.309627,True,112.835
4430,11879,2023-07-11,0.00237429,0.39328,True,90.2344
4430,11880,2023-07-12,0.00241586,0.41357,True,32.4395
4430,11881,2023-07-13,0.00244187,0.395995,True,27.7543
4430,11882,2023-07-14,0.00240404,0.0824104,True,7.1118
4430,11883,2023-07-15,0.00236994,0.0798514,True,6.23723
4430,11884,2023-07-16,0.00237689,0.198938,True,18.229
4430,11885,2023-07-17,0.00234748,0.0698429,True,4.95843
4430,11886,2023-07-18,0.00232686,0.0853399,True,6.78324
4430,11887,2023-07-19,0.00233832,0.21833,True,17.5033
4430,11888,2023-07-20,0.00236794,0.244251,True,24.2265
4430,11889,2023-07-21,0.00233693,0.0735331,True,0.559862
4430,11890,2023-07-22,0.00250086,0.57167,True,80.195
4430,11891,2023-07-23,0.0024935,0.270351,True,10.0879
4430,11892,2023-07-24,0.00248863,0.246203,True,10.6579
4430,11893,2023-07-25,0.00246181,0.0919826,True,0.147771
4430,11894,2023-07-26,0.00251942,0.261597,True,38.9604
4430,11895,2023-07-27,0.00249813,0.0758422,True,1.75472
4430,11896,2023-07-28,0.00247831,0.0761561,True,1.85408
4430,11897,2023-07-29,0.00251609,0.262497,True,30.0344
4430,11898,2023-07-30,0.00249902,0.111403,True,2.4419
4430,11899,2023-07-31,0.002489,0.0900412,True,5.5961
4430,11900,2023-08-01,0.002469,0.0894297,True,0
4430,11901,2023-08-02,0,0.0366093,False,0
4430,11902,2023-08-03,0.000738368,0.041098,True,3.75591
4430,11903,2023-08-04,0.000753003,0.0537481,False,1.55281
4430,11904,2023-08-05,0.00083969,0.0781164,False,2.6358
4430,11905,2023-08-06,0.000789526,0.079561,False,0
4430,11906,2023-08-07,0.000921616,0.0598854,False,4.10964
4430,11907,2023-08-08,0.000886333,0.0412321,False,0
4430,11908,2023-08-09,0,0.0280785,False,0
4430,11909,2023-08-10,0,0.0151823,False,0
4430,11910,2023-08-11,0.00142409,0.123564,True,22.7779
4430,11911,2023-08-12,0.00145424,0.0802899,True,9.50565
4430,11912,2023-08-13,0.00144061,0.0400031,True,5.57744
4430,11913,2023-08-14,0.00180947,0.255338,True,30.8941
4430,11914,2023-08-15,0.00185691,0.197778,True,11.2652
4430,11915,2023-08-16,0.00178635,0.0495161,True,0.043148
4430,11916,2023-08-17,0,0.0405781,False,0
4430,11917,2023-08-18,0.000426515,0.0330435,False,1.99885
4430,11918,2023-08-19,0.000388769,0.0300643,False,0.243351
4430,11919,2023-08-20,0.000629074,0.0576184,False,4.97798
4430,11920,2023-08-21,0.000591485,0.0510582,False,0
4430,11921,2023-08-22,0,0.0323125,False,0
4430,11922,2023-08-23,0.00106492,0.172918,True,18.1561
4430,11923,2023-08-24,0.00158071,0.299871,True,37.4507
4430,11924,2023-08-25,0.00144935,0.0835482,True,0
4430,11925,2023-08-26,0,0.0490179,False,0
4430,11926,2023-08-27,0,0.0479781,False,0
4430,11927,2023-08-28,0,0.0409767,False,0
4430,11928,2023-08-29,0,0.022096,False,0
4430,11929,2023-08-30,0,0.0185168,False,0.0564461
4430,11930,2023-08-31,0,0.0146082,False,0
4431,11853,2023-06-15,0,0.0126388,False,0
4431,11854,2023-06-16,0,0.0115248,False,0
4431,11855,2023-06-17,0,0.0112061,False,0
4431,11856,2023-06-18,0,0.0115979,False,0
4431,11857,2023-06-19,0.000284628,0.016403,False,1.87597
4431,11858,2023-06-20,0.000334448,0.0378725,False,1.67313
4431,11859,2023-06-21,0.000401473,0.0502254,False,2.63145
4431,11860,2023-06-22,0.000377479,0.0334723,False,0
4431,11861,2023-06-23,0,0.0185711,False,0
4431,11862,2023-06-24,0.000230601,0.0182117,False,1.2099
4431,11863,2023-06-25,0.000294923,0.0288568,False,1.51506
4431,11864,2023-06-26,0.000828886,0.113699,True,24.616
4431,11865,2023-06-27,0.000822046,0.0427024,True,3.17236
4431,11866,2023-06-28,0.0007918,0.049611,True,0.653632
4431,11867,2023-06-29,0,0.0321864,False,0.177083
4431,11868,2023-06-30,0.000224331,0.0240349,False,1.3043
4431,11869,2023-07-01,0.000235571,0.0228412,False,0.653632
4431,11870,2023-07-02,0.000387107,0.04309,False,4.54901
4431,11871,2023-07-03,0.000391955,0.0399492,False,1.07162
4431,11872,2023-07-04,0.000488396,0.0443447,False,5.57243
4431,11873,2023-07-05,0.000497174,0.0405598,False,1.63309
4431,11874,2023-07-06,0.000604739,0.0675333,True,8.89742
4431,11875,2023-07-07,0.000607527,0.0554685,False,1.67506
4431,11876,2023-07-08,0.00059947,0.0572846,False,0.627506
4431,11877,2023-07-09,0.00104587,0.241344,True,59.6363
4431,11878,2023-07-10,0.00138426,0.449872,True,73.4537
4431,11879,2023-07-11,0.00164157,0.321316,True,75.7943
4431,11880,2023-07-12,0.00170969,0.337526,True,29.7036
4431,11881,2023-07-13,0.00182296,0.451959,True,47.4291
4431,11882,2023-07-14,0.00180227,0.135596,True,2.15735
4431,11883,2023-07-15,0.00179432,0.132327,True,6.13414
4431,11884,2023-07-16,0.00183648,0.251477,True,24.8069
4431,11885,2023-07-17,0.00182445,0.0927617,True,4.04649
4431,11886,2023-07-18,0.00180999,0.134427,True,2.60592
4431,11887,2023-07-19,0.00182508,0.341227,True,14.2568
4431,11888,2023-07-20,0.00188017,0.321474,True,31.6016
4431,11889,2023-07-21,0.00187093,0.140967,True,4.13474
4431,11890,2023-07-22,0.00198534,0.524596,True,61.2764
4431,11891,2023-07-23,0.00198052,0.18228,True,6.41153
4431,11892,2023-07-24,0.00196417,0.14541,True,0.428648
4431,11893,2023-07-25,0.0019519,0.159345,True,2.06158
4431,11894,2023-07-26,0.00198124,0.331509,True,22.9012
4431,11895,2023-07-27,0.00197042,0.118153,True,2.3562
4431,11896,2023-07-28,0.00195839,0.128515,True,1.41667
4431,11897,2023-07-29,0.00195664,0.13191,True,6.58013
4431,11898,2023-07-30,0.00194297,0.119357,True,0
4431,11899,2023-07-31,0,0.0667263,False,0
4431,11900,2023-08-01,0,0.0458107,False,0
4431,11901,2023-08-02,0,0.044862,False,0
4431,11902,2023-08-03,0,0.0450131,False,0.224366
4431,11903,2023-08-04,0.000460369,0.0692054,False,2.14324
4431,11904,2023-08-05,0.00112226,0.256344,True,16.0781
4431,11905,2023-08-06,0.00102896,0.051069,True,0
4431,11906,2023-08-07,0,0.0371675,False,0
4431,11907,2023-08-08,0,0.0260098,False,0
4431,11908,2023-08-09,0,0.0268112,False,0
4431,11909,2023-08-10,0,0.0263528,False,0
4431,11910,2023-08-11,0.000780891,0.10348,True,9.2906
4431,11911,2023-08-12,0.000673173,0.0573964,True,0
4431,11912,2023-08-13,0,0.0419251,False,0
4431,11913,2023-08-14,0.00120622,0.235738,True,27.1978
4431,11914,2023-08-15,0.00112293,0.0525255,True,4.66229
4431,11915,2023-08-16,0.00102957,0.0612052,True,0
4431,11916,2023-08-17,0,0.0494775,False,0
4431,11917,2023-08-18,0.000881655,0.270409,True,14.4966
4431,11918,2023-08-19,0.000820546,0.0758491,True,2.47619
4431,11919,2023-08-20,0.000929759,0.157653,True,9.27784
4431,11920,2023-08-21,0.000874219,0.070045,True,0
4431,11921,2023-08-22,0,0.0334564,False,0
4431,11922,2023-08-23,0.00042046,0.0437307,True,4.30783
4431,11923,2023-08-24,0.000630602,0.10637,True,9.16124
4431,11924,2023-08-25,0.000578152,0.0564757,True,0
4431,11925,2023-08-26,0,0.0278531,False,0
4431,11926,2023-08-27,0,0.0188184,False,0
4431,11927,2023-08-28,0,0.0170806,False,0.138275
4431,11928,2023-08-29,0,0.0163403,False,0
4431,11929,2023-08-30,0,0.0162762,False,0.56131
4431,11930,2023-08-31,0,0.0137984,False,0
4450,11853,2023-06-15,0.000563191,0.0215578,True,0
4450,11854,2023-06-16,0,0.0168596,False,0
4450,11855,2023-06-17,0,0.0135154,False,0
4450,11856,2023-06-18,0,0.01325,False,0
4450,11857,2023-06-19,0.000418134,0.0285253,True,5.76451
4450,11858,2023-06-20,0.000423986,0.0285577,True,2.28763
4450,11859,2023-06-21,0.000610296,0.0619023,True,12.3266
4450,11860,2023-06-22,0.000573829,0.0240849,True,0
4450,11861,2023-06-23,0.000813483,0.084381,True,25.7481
4450,11862,2023-06-24,0.000955411,0.125308,True,23.4853
4450,11863,2023-06-25,0.00103227,0.150917,True,17.7673
4450,11864,2023-06-26,0.00106039,0.12938,True,10.5733
4450,11865,2023-06-27,0.00112352,0.14763,True,18.2714
4450,11866,2023-06-28,0.0011054,0.069668,True,1.5164
4450,11867,2023-06-29,0.00108803,0.0785484,True,1.11161
4450,11868,2023-06-30,0.00107424,0.0764127,True,1.44595
4450,11869,2023-07-01,0.00108703,0.0743227,True,7.39597
4450,11870,2023-07-02,0.00107006,0.0493571,True,0.0353652
4450,11871,2023-07-03,0,0.0433526,False,0
4450,11872,2023-07-04,0.00055232,0.099776,True,10.4497
4450,11873,2023-07-05,0.000504185,0.0771862,True,1.30767
4450,11874,2023-07-06,0.00055035,0.083394,True,5.07993
4450,11875,2023-07-07,0.000916423,0.189483,True,37.7779
4450,11876,2023-07-08,0.000935427,0.102282,True,8.2482
4450,11877,2023-07-09,0.00159483,0.376075,True,141.598
4450,11878,2023-07-10,0.00181031,0.407416,True,79.6939
4450,11879,2023-07-11,0.00195183,0.423212,True,67.8151
4450,11880,2023-07-12,0.00191816,0.0954162,True,5.69853
4450,11881,2023-07-13,0.00188522,0.0779529,True,3.86801
4450,11882,2023-07-14,0.00191883,0.178037,True,29.5031
4450,11883,2023-07-15,0.00189979,0.0757284,True,7.02292
4450,11884,2023-07-16,0.00188494,0.0727044,True,7.68398
4450,11885,2023-07-17,0.00186409,0.0578844,True,3.97535
4450,11886,2023-07-18,0.00183678,0.065546,True,0
4450,11887,2023-07-19,0.00185489,0.105102,True,20.4358
4450,11888,2023-07-20,0.00184662,0.0649006,True,7.60169
4450,11889,2023-07-21,0.00182418,0.0555926,True,0
4450,11890,2023-07-22,0.00189993,0.27602,True,49.779
4450,11891,2023-07-23,0.00188865,0.0788424,True,5.0678
4450,11892,2023-07-24,0.00186904,0.0702361,True,0
4450,11893,2023-07-25,0,0.0337283,False,0
4450,11894,2023-07-26,0.000532364,0.0398615,True,4.10565
4450,11895,2023-07-27,0.00047722,0.0464365,False,0.344246
4450,11896,2023-07-28,0.00085833,0.0595163,True,13.3672
4450,11897,2023-07-29,0.00090153,0.0387188,True,4.56176
4450,11898,2023-07-30,0.000904214,0.0402184,True,2.46532
4450,11899,2023-07-31,0.000893018,0.0485421,True,1.39758
4450,11900,2023-08-01,0.000864025,0.0458489,True,0
4450,11901,2023-08-02,0,0.0257992,False,0
4450,11902,2023-08-03,0.000447214,0.0188991,True,2.92674
4450,11903,2023-08-04,0.000580834,0.0319163,True,3.87812
4450,11904,2023-08-05,0.000601918,0.0369111,False,1.95178
4450,11905,2023-08-06,0.000565951,0.0412367,False,0
4450,11906,2023-08-07,0.000972729,0.0689201,True,20.7119
4450,11907,2023-08-08,0.00093549,0.0270037,True,0
4450,11908,2023-08-09,0.000953184,0.027852,True,3.3133
4450,11909,2023-08-10,0.000955267,0.0401097,True,2.14458
4450,11910,2023-08-11,0.00156474,0.34667,True,66.7433
4450,11911,2023-08-12,0.00168353,0.248335,True,22.1682
4450,11912,2023-08-13,0.00186658,0.341746,True,35.9306
4450,11913,2023-08-14,0.00222966,0.444451,True,79.7256
4450,11914,2023-08-15,0.00230891,0.285123,True,27.1301
4450,11915,2023-08-16,0.00227261,0.0987898,True,0
4450,11916,2023-08-17,0.00225115,0.0514279,True,2.91064
4450,11917,2023-08-18,0.00223491,0.0726418,True,3.66895
4450,11918,2023-08-19,0.0022699,0.130823,True,16.5358
4450,11919,2023-08-20,0.00224718,0.0667634,True,1.29413
4450,11920,2023-08-21,0.00222135,0.0573309,True,0
4450,11921,2023-08-22,0.00220228,0.0440461,True,1.41229
4450,11922,2023-08-23,0.00259949,0.443988,True,128.191
4450,11923,2023-08-24,0.00263515,0.271029,True,20.9546
4450,11924,2023-08-25,0.00264196,0.179849,True,11.1464
4450,11925,2023-08-26,0.00265369,0.0993542,True,12.8111
4450,11926,2023-08-27,0.00263064,0.0739186,True,0
4450,11927,2023-08-28,0.00261413,0.0639873,True,2.00754
4450,11928,2023-08-29,0.00259658,0.0586946,True,1.28611
4450,11929,2023-08-30,0.00257648,0.0569477,True,0
4450,11930,2023-08-31,0,0.0332018,False,0
4451,11853,2023-06-15,0.000386591,0.0391676,False,3.64618
4451,11854,2023-06-16,0.000405524,0.0419726,False,1.91904
4451,11855,2023-06-17,0.000392352,0.0333188,False,0
4451,11856,2023-06-18,0,0.0153704,False,0
4451,11857,2023-06-19,0.000520873,0.052974,True,8.71985
4451,11858,2023-06-20,0.000449007,0.0303854,True,0
4451,11859,2023-06-21,0,0.0295151,False,0.469099
4451,11860,2023-06-22,0,0.0205843,False,0
4451,11861,2023-06-23,0.000277366,0.0262052,False,2.30605
4451,11862,2023-06-24,0.00113225,0.321595,True,54.3451
4451,11863,2023-06-25,0.00115439,0.270508,True,13.8457
4451,11864,2023-06-26,0.00111782,0.0960915,True,4.39955
4451,11865,2023-06-27,0.00118176,0.287028,True,17.7755
4451,11866,2023-06-28,0.00119379,0.140971,True,9.87309
4451,11867,2023-06-29,0.00116869,0.0988206,True,2.51174
4451,11868,2023-06-30,0.00115172,0.100518,True,3.06336
4451,11869,2023-07-01,0.00112841,0.0932694,True,1.06613
4451,11870,2023-07-02,0.0011366,0.103195,True,6.90854
4451,11871,2023-07-03,0.00111364,0.0752248,True,0
4451,11872,2023-07-04,0,0.063865,False,0.851932
4451,11873,2023-07-05,0.000221522,0.0554732,False,1.34333
4451,11874,2023-07-06,0.000364339,0.0910884,False,3.73381
4451,11875,2023-07-07,0.000756878,0.246863,True,22.2679
4451,11876,2023-07-08,0.00089115,0.185582,True,16.1066
4451,11877,2023-07-09,0.00135439,0.505493,True,70.0934
4451,11878,2023-07-10,0.00166294,0.368106,True,74.2746
4451,11879,2023-07-11,0.00180403,0.391444,True,49.9473
4451,11880,2023-07-12,0.00177871,0.131881,True,7.17659
4451,11881,2023-07-13,0.00176745,0.134643,True,9.70203
4451,11882,2023-07-14,0.00182745,0.254729,True,31.1091
4451,11883,2023-07-15,0.00180223,0.0965477,True,3.84611
4451,11884,2023-07-16,0.00180859,0.182731,True,13.5189
4451,11885,2023-07-17,0.00180817,0.168435,True,10.7398
4451,11886,2023-07-18,0.00180662,0.13628,True,9.85107
4451,11887,2023-07-19,0.00181243,0.169741,True,12.2138
4451,11888,2023-07-20,0.00184438,0.240752,True,22.3715
4451,11889,2023-07-21,0.00182282,0.080979,True,0.895766
4451,11890,2023-07-22,0.00187019,0.304452,True,29.1694
4451,11891,2023-07-23,0.00186816,0.115862,True,8.47902
4451,11892,2023-07-24,0.00184777,0.104128,True,0
4451,11893,2023-07-25,0.00183111,0.0983468,True,1.13055
4451,11894,2023-07-26,0.00183776,0.213486,True,11.293
4451,11895,2023-07-27,0.00182466,0.0969231,True,1.98923
4451,11896,2023-07-28,0.00188122,0.328457,True,35.0048
4451,11897,2023-07-29,0.00189371,0.22252,True,14.3481
4451,11898,2023-07-30,0.00188162,0.0967954,True,1.88528
4451,11899,2023-07-31,0.00187792,0.114117,True,5.85666
4451,11900,2023-08-01,0.00187123,0.102106,True,4.08012
4451,11901,2023-08-02,0.00185723,0.105095,True,0
4451,11902,2023-08-03,0.00187455,0.230636,True,16.3743
4451,11903,2023-08-04,0.00187391,0.111388,True,6.77375
4451,11904,2023-08-05,0.00186828,0.0980683,True,3.87801
4451,11905,2023-08-06,0.00186178,0.120967,True,3.1984
4451,11906,2023-08-07,0.0018614,0.149904,True,6.44561
4451,11907,2023-08-08,0.00185072,0.130971,True,0.464824
4451,11908,2023-08-09,0,0.083656,False,0
4451,11909,2023-08-10,0,0.0365975,False,0.703648
4451,11910,2023-08-11,0.00106784,0.330207,True,24.5776
4451,11911,2023-08-12,0.00140063,0.35912,True,33.7613
4451,11912,2023-08-13,0.0017464,0.578444,True,51.5734
4451,11913,2023-08-14,0.00196236,0.463337,True,48.7614
4451,11914,2023-08-15,0.00205257,0.447429,True,33.4011
4451,11915,2023-08-16,0.00197407,0.108672,True,0
4451,11916,2023-08-17,0.00192372,0.0887632,True,2.84429
4451,11917,2023-08-18,0.00186955,0.0693438,True,0
4451,11918,2023-08-19,0.00184492,0.104138,True,4.85248
4451,11919,2023-08-20,0.00181921,0.131685,True,3.53301
4451,11920,2023-08-21,0.00179489,0.100955,True,2.92424
4451,11921,2023-08-22,0.00176431,0.0863477,True,0.610037
4451,11922,2023-08-23,0.00192109,0.36234,True,48.527
4451,11923,2023-08-24,0.0019716,0.413703,True,22.9823
4451,11924,2023-08-25,0.00195735,0.117662,True,4.339
4451,11925,2023-08-26,0.00193143,0.0907694,True,0.276508
4451,11926,2023-08-27,0,0.0543283,False,0
4451,11927,2023-08-28,0.000381704,0.0495915,True,2.50885
4451,11928,2023-08-29,0.000393068,0.0828544,False,1.10878
4451,11929,2023-08-30,0.000360368,0.0389847,False,0
4451,11930,2023-08-31,0,0.0230612,False,0
4452,11853,2023-06-15,0.0005469,0.0651317,False,6.18735
4452,11854,2023-06-16,0.000521376,0.0399682,False,0
4452,11855,2023-06-17,0,0.0275623,False,0
4452,11856,2023-06-18,0,0.0195767,False,0
4452,11857,2023-06-19,0.000918239,0.0876824,True,15.5574
4452,11858,2023-06-20,0.000795514,0.0297096,True,0.159203
4452,11859,2023-06-21,0.000789215,0.0380544,True,2.77136
4452,11860,2023-06-22,0.000742064,0.0339875,True,0
4452,11861,2023-06-23,0,0.0239297,False,0.11254
4452,11862,2023-06-24,0.000968767,0.0936489,True,16.3515
4452,11863,2023-06-25,0.00116289,0.113759,True,15.9816
4452,11864,2023-06-26,0.00139419,0.237538,True,23.8471
4452,11865,2023-06-27,0.00145448,0.159673,True,13.4103
4452,11866,2023-06-28,0.00141105,0.0683095,True,2.54504
4452,11867,2023-06-29,0.00139137,0.079856,True,3.80914
4452,11868,2023-06-30,0.00135391,0.0644513,True,0.896103
4452,11869,2023-07-01,0.00135734,0.0716541,True,5.08537
4452,11870,2023-07-02,0.00134885,0.0624833,True,3.25926
4452,11871,2023-07-03,0.00131878,0.0578234,True,0
4452,11872,2023-07-04,0,0.040632,False,0.394146
4452,11873,2023-07-05,0,0.0337568,False,0
4452,11874,2023-07-06,0.00120195,0.288845,True,29.0144
4452,11875,2023-07-07,0.00117223,0.136646,True,8.39181
4452,11876,2023-07-08,0.00130163,0.278052,True,18.089
4452,11877,2023-07-09,0.00179844,0.440846,True,67.1545
4452,11878,2023-07-10,0.00218944,0.355085,True,80.3645
4452,11879,2023-07-11,0.00236414,0.365831,True,54.7278
4452,11880,2023-07-12,0.00236787,0.373735,True,19.0262
4452,11881,2023-07-13,0.00237707,0.371821,True,19.1393
4452,11882,2023-07-14,0.00236569,0.157917,True,12.7029
4452,11883,2023-07-15,0.00232674,0.0971067,True,3.79471
4452,11884,2023-07-16,0.00239678,0.28441,True,33.9579
4452,11885,2023-07-17,0.00237028,0.113403,True,5.38565
4452,11886,2023-07-18,0.00233442,0.108106,True,1.35862
4452,11887,2023-07-19,0.00241467,0.291987,True,38.067
4452,11888,2023-07-20,0.00249541,0.349996,True,40.3848
4452,11889,2023-07-21,0.00246155,0.112075,True,0.119747
4452,11890,2023-07-22,0.00247414,0.255703,True,16.3844
4452,11891,2023-07-23,0.00246406,0.0942367,True,7.58386
4452,11892,2023-07-24,0.00243656,0.104172,True,0.314982
4452,11893,2023-07-25,0,0.0731794,False,0.391389
4452,11894,2023-07-26,0.00134063,0.189738,True,15.3878
4452,11895,2023-07-27,0.00120643,0.0715738,True,1.42104
4452,11896,2023-07-28,0.00183002,0.211363,True,30.6187
4452,11897,2023-07-29,0.00216082,0.307101,True,28.409
4452,11898,2023-07-30,0.00213472,0.0819988,True,5.7705
4452,11899,2023-07-31,0.00210288,0.0830529,True,4.13203
4452,11900,2023-08-01,0.00204908,0.0864182,True,1.25573
4452,11901,2023-08-02,0.00199139,0.0804365,True,0
4452,11902,2023-08-03,0.00196348,0.074094,True,2.00932
4452,11903,2023-08-04,0.00194192,0.100195,True,2.13371
4452,11904,2023-08-05,0.00191586,0.0992405,True,1.3012
4452,11905,2023-08-06,0.00191266,0.0682574,True,3.28471
4452,11906,2023-08-07,0.00194249,0.0911602,True,6.65265
4452,11907,2023-08-08,0.00191359,0.0635836,True,0.181563
4452,11908,2023-08-09,0,0.0463028,False,0
4452,11909,2023-08-10,0,0.0317829,False,0.143058
4452,11910,2023-08-11,0.00139211,0.267932,True,24.2264
4452,11911,2023-08-12,0.00159595,0.201444,True,19.3543
4452,11912,2023-08-13,0.00186379,0.293037,True,28.1656
4452,11913,2023-08-14,0.00232151,0.52472,True,56.3443
4452,11914,2023-08-15,0.00252196,0.447131,True,39.5673
4452,11915,2023-08-16,0.00242561,0.131694,True,0.00690927
4452,11916,2023-08-17,0,0.062649,False,0
4452,11917,2023-08-18,0,0.0563011,False,0
4452,11918,2023-08-19,0.000502782,0.0636565,True,2.76389
4452,11919,2023-08-20,0.000472689,0.0953081,False,0.540343
4452,11920,2023-08-21,0,0.0722472,False,0.698091
4452,11921,2023-08-22,0,0.0501245,False,0.729265
4452,11922,2023-08-23,0.00138433,0.203733,True,25.4065
4452,11923,2023-08-24,0.00170235,0.204408,True,27.4048
4452,11924,2023-08-25,0.00156669,0.0667367,True,0.404573
4452,11925,2023-08-26,0,0.0526541,False,0
4452,11926,2023-08-27,0,0.0521314,False,0
4452,11927,2023-08-28,0,0.0505362,False,0
4452,11928,2023-08-29,0,0.0310476,False,0.365592
4452,11929,2023-08-30,0,0.0242092,False,0
4452,11930,2023-08-31,0,0.0188509,False,0
4453,11853,2023-06-15,0.00030474,0.0236921,False,1.89753
4453,11854,2023-06-16,0.000262687,0.0206501,False,0
4453,11855,2023-06-17,0,0.0159171,False,0
4453,11856,2023-06-18,0,0.0145903,False,0
4453,11857,2023-06-19,0.000413186,0.0310069,True,3.53733
4453,11858,2023-06-20,0.000356172,0.0305302,False,0
4453,11859,2023-06-21,0.00038907,0.0285745,False,1.53587
4453,11860,2023-06-22,0.000406201,0.0306319,False,1.22017
4453,11861,2023-06-23,0.000387241,0.0242909,False,0
4453,11862,2023-06-24,0.000400222,0.0258148,False,1.00571
4453,11863,2023-06-25,0.000420246,0.0342238,False,1.33917
4453,11864,2023-06-26,0.000495493,0.0416283,False,4.22158
4453,11865,2023-06-27,0.000556422,0.0457353,False,4.33779
4453,11866,2023-06-28,0.000642149,0.0491299,False,6.99904
4453,11867,2023-06-29,0.000698456,0.0428463,False,5.80587
4453,11868,2023-06-30,0.000692383,0.0332973,False,0.617902
4453,11869,2023-07-01,0.000911598,0.0928271,True,25.2659
4453,11870,2023-07-02,0.000913797,0.0314469,True,2.14349
4453,11871,2023-07-03,0.000900398,0.0309706,True,0
4453,11872,2023-07-04,0.000905821,0.0482917,False,2.41782
4453,11873,2023-07-05,0.000894139,0.0315487,False,0
4453,11874,2023-07-06,0.0010076,0.109565,True,18.8341
4453,11875,2023-07-07,0.00102442,0.0442689,True,4.72896
4453,11876,2023-07-08,0.00107737,0.101827,True,11.3191
4453,11877,2023-07-09,0.0014583,0.409392,True,86.4002
4453,11878,2023-07-10,0.00182957,0.276901,True,114.293
4453,11879,2023-07-11,0.00208457,0.363202,True,99.0265
4453,11880,2023-07-12,0.00211733,0.299211,True,20.6355
4453,11881,2023-07-13,0.00217689,0.312194,True,32.4639
4453,11882,2023-07-14,0.00216452,0.0609916,True,2.4895
4453,11883,2023-07-15,0.00215926,0.0634922,True,5.26798
4453,11884,2023-07-16,0.00221186,0.186684,True,30.9424
4453,11885,2023-07-17,0.00221402,0.0790481,True,8.58822
4453,11886,2023-07-18,0.00220898,0.0599467,True,5.10395
4453,11887,2023-07-19,0.00222784,0.186503,True,16.2671
4453,11888,2023-07-20,0.00228651,0.215594,True,36.1462
4453,11889,2023-07-21,0.00227268,0.057015,True,0.585368
4453,11890,2023-07-22,0.00234373,0.320187,True,44.0909
4453,11891,2023-07-23,0.00234462,0.07657,True,8.16376
4453,11892,2023-07-24,0.00233127,0.0590219,True,0.387256
4453,11893,2023-07-25,0,0.0422651,False,0.812502
4453,11894,2023-07-26,0.00138672,0.118587,True,17.3551
4453,11895,2023-07-27,0.00134033,0.0446905,True,4.60872
4453,11896,2023-07-28,0.0018225,0.145783,True,27.5077
4453,11897,2023-07-29,0.00224828,0.183419,True,37.1095
4453,11898,2023-07-30,0.00230335,0.138384,True,13.8391
4453,11899,2023-07-31,0.00221529,0.0414175,True,0
4453,11900,2023-08-01,0,0.0269394,False,0
4453,11901,2023-08-02,0,0.0208005,False,0
4453,11902,2023-08-03,0.00113324,0.0753104,True,10.7465
4453,11903,2023-08-04,0.00117174,0.0430621,True,4.8807
4453,11904,2023-08-05,0.00109651,0.0432822,True,0.671868
4453,11905,2023-08-06,0,0.0388695,False,0
4453,11906,2023-08-07,0.000775541,0.0525854,True,4.979
4453,11907,2023-08-08,0.00066856,0.054374,False,0
4453,11908,2023-08-09,0,0.0412784,False,0
4453,11909,2023-08-10,0,0.0266917,False,0
4453,11910,2023-08-11,0.000809246,0.0804593,True,8.78843
4453,11911,2023-08-12,0.000856531,0.0400659,True,4.62128
4453,11912,2023-08-13,0.000943454,0.0402545,True,6.15625
4453,11913,2023-08-14,0.00149946,0.163083,True,38.1192
4453,11914,2023-08-15,0.00161846,0.175547,True,16.8117
4453,11915,2023-08-16,0.00155704,0.0346107,True,0.0486951
4453,11916,2023-08-17,0,0.0257742,False,0
4453,11917,2023-08-18,0.000300259,0.0226248,False,1.2204
4453,11918,2023-08-19,0.000258823,0.0225983,False,0
4453,11919,2023-08-20,0,0.0209552,False,0
4453,11920,2023-08-21,0,0.020764,False,0
4453,11921,2023-08-22,0,0.0180148,False,0
4453,11922,2023-08-23,0.000894676,0.110946,True,15.1151
4453,11923,2023-08-24,0.00147906,0.282964,True,42.6721
4453,11924,2023-08-25,0.00135613,0.0692936,True,0
4453,11925,2023-08-26,0,0.047556,False,0
4453,11926,2023-08-27,0,0.0315209,False,0
4453,11927,2023-08-28,0,0.0395969,False,0
4453,11928,2023-08-29,0,0.0187128,False,0
4453,11929,2023-08-30,0.000461356,0.0395273,True,4.4595
4453,11930,2023-08-31,0.000397698,0.0367771,False,0
4454,11853,2023-06-15,0.000196304,0.030304,False,1.04488
4454,11854,2023-06-16,0.000177391,0.0232092,False,0.10659
4454,11855,2023-06-17,0,0.0215167,False,0
4454,11856,2023-06-18,0,0.0196931,False,0
4454,11857,2023-06-19,0.000435278,0.0572335,True,5.36911
4454,11858,2023-06-20,0.000380423,0.0444779,False,0.154467
4454,11859,2023-06-21,0.000439023,0.060581,True,3.34642
4454,11860,2023-06-22,0.000427739,0.059378,False,0.674068
4454,11861,2023-06-23,0,0.0368953,False,0
4454,11862,2023-06-24,0,0.029122,False,0.692561
4454,11863,2023-06-25,0,0.0401076,False,0.444907
4454,11864,2023-06-26,0.000477889,0.0854167,True,7.45665
4454,11865,2023-06-27,0.000553501,0.0625609,True,6.23894
4454,11866,2023-06-28,0.00056417,0.0527385,True,3.3373
4454,11867,2023-06-29,0.000587909,0.0586631,True,4.01566
4454,11868,2023-06-30,0.000566557,0.0484549,True,0.473086
4454,11869,2023-07-01,0.000679488,0.0884304,True,12.3859
4454,11870,2023-07-02,0.000720281,0.0462625,True,7.01315
4454,11871,2023-07-03,0.000703176,0.0434497,True,0.386167
4454,11872,2023-07-04,0.000701654,0.054516,True,2.00807
4454,11873,2023-07-05,0.000686082,0.0355331,True,0.010659
4454,11874,2023-07-06,0.000780731,0.127196,True,15.6338
4454,11875,2023-07-07,0.000779119,0.0609909,True,2.04558
4454,11876,2023-07-08,0.000819087,0.076478,True,9.04826
4454,11877,2023-07-09,0.00129944,0.401342,True,117.19
4454,11878,2023-07-10,0.00164014,0.358582,True,124.631
4454,11879,2023-07-11,0.00188763,0.39761,True,116.805
4454,11880,2023-07-12,0.00189377,0.317048,True,14.5703
4454,11881,2023-07-13,0.0019356,0.328554,True,32.2523
4454,11882,2023-07-14,0.00191334,0.0826576,True,0
4454,11883,2023-07-15,0.00191379,0.120959,True,11.1103
4454,11884,2023-07-16,0.00195903,0.206923,True,35.1136
4454,11885,2023-07-17,0.00197409,0.217357,True,19.2838
4454,11886,2023-07-18,0.0019694,0.0989713,True,8.00805
4454,11887,2023-07-19,0.00198702,0.192552,True,20.7665
4454,11888,2023-07-20,0.0020487,0.322758,True,48.0888
4454,11889,2023-07-21,0.00203243,0.096411,True,0.526381
4454,11890,2023-07-22,0.00210968,0.390082,True,60.6445
4454,11891,2023-07-23,0.00210392,0.10316,True,7.09872
4454,11892,2023-07-24,0.00208842,0.0830019,True,0.154467
4454,11893,2023-07-25,0.00207721,0.0877546,True,2.65
4454,11894,2023-07-26,0.0020994,0.203789,True,25.5141
4454,11895,2023-07-27,0.00210083,0.121912,True,11.0849
4454,11896,2023-07-28,0.00212513,0.25227,True,27.5597
4454,11897,2023-07-29,0.00216382,0.280643,True,38.8999
4454,11898,2023-07-30,0.00216057,0.104006,True,7.70079
4454,11899,2023-07-31,0.00214759,0.0804209,True,0
4454,11900,2023-08-01,0,0.0477428,False,0
4454,11901,2023-08-02,0,0.0299836,False,0
4454,11902,2023-08-03,0.000816407,0.0716753,True,6.50623
4454,11903,2023-08-04,0.000866111,0.0622139,True,3.4686
4454,11904,2023-08-05,0.000894596,0.0622123,True,2.77439
4454,11905,2023-08-06,0.000841155,0.0795672,True,0
4454,11906,2023-08-07,0,0.0392108,False,0
4454,11907,2023-08-08,0,0.0414418,False,0
4454,11908,2023-08-09,0,0.0428512,False,0
4454,11909,2023-08-10,0,0.0258235,False,0
4454,11910,2023-08-11,0.000680983,0.090844,True,7.50375
4454,11911,2023-08-12,0.000682514,0.05768,True,2.72944
4454,11912,2023-08-13,0.000627665,0.0520487,True,0.0646129
4454,11913,2023-08-14,0.00128607,0.139037,True,40.915
4454,11914,2023-08-15,0.00142627,0.218209,True,18.7212
4454,11915,2023-08-16,0.0013717,0.048553,True,0
4454,11916,2023-08-17,0,0.0294446,False,0
4454,11917,2023-08-18,0.00059512,0.0804307,True,6.27743
4454,11918,2023-08-19,0.000585195,0.0701264,True,1.95391
4454,11919,2023-08-20,0.000620311,0.0606063,True,2.8658
4454,11920,2023-08-21,0.000583245,0.0452396,False,0
4454,11921,2023-08-22,0,0.0302977,False,0
4454,11922,2023-08-23,0.000462123,0.047842,True,5.08124
4454,11923,2023-08-24,0.0011728,0.313382,True,41.8528
4454,11924,2023-08-25,0.0010753,0.0934989,True,0
4454,11925,2023-08-26,0,0.0691819,False,0
4454,11926,2023-08-27,0,0.0583536,False,0
4454,11927,2023-08-28,0,0.0609379,False,0
4454,11928,2023-08-29,0,0.0277138,False,0
4454,11929,2023-08-30,0.000301849,0.0396145,True,2.63499
4454,11930,2023-08-31,0.000260194,0.0328716,False,0
4455,11853,2023-06-15,0,0.0290136,False,0.41956
4455,11854,2023-06-16,0,0.0323748,False,0.39227
4455,11855,2023-06-17,0,0.0232764,False,0
4455,11856,2023-06-18,0,0.0213393,False,0
4455,11857,2023-06-19,0.000371811,0.0508407,True,4.66023
4455,11858,2023-06-20,0.000360791,0.082574,True,1.28594
4455,11859,2023-06-21,0.000366375,0.0715327,False,1.3923
4455,11860,2023-06-22,0.000344478,0.0395081,False,0
4455,11861,2023-06-23,0,0.0266763,False,0
4455,11862,2023-06-24,0.00020126,0.0353145,False,1.28982
4455,11863,2023-06-25,0.000189556,0.0572056,False,0.257964
4455,11864,2023-06-26,0.000319851,0.0993197,False,3.88385
4455,11865,2023-06-27,0.000363998,0.0986925,False,2.61439
4455,11866,2023-06-28,0.000359316,0.0941135,False,0.598451
4455,11867,2023-06-29,0.000366794,0.117023,False,1.12923
4455,11868,2023-06-30,0.000380001,0.0775287,False,1.47742
4455,11869,2023-07-01,0.000373563,0.0773718,False,0.26989
4455,11870,2023-07-02,0.000430847,0.0900031,False,4.75588
4455,11871,2023-07-03,0.000442085,0.106298,False,1.70202
4455,11872,2023-07-04,0.000505278,0.0773468,False,6.70705
4455,11873,2023-07-05,0.000497752,0.0804095,False,0.185132
4455,11874,2023-07-06,0.00056345,0.0983143,False,8.38389
4455,11875,2023-07-07,0.000573791,0.0956534,False,2.41533
4455,11876,2023-07-08,0.000598301,0.0732734,False,4.40851
4455,11877,2023-07-09,0.00091106,0.260996,True,57.936
4455,11878,2023-07-10,0.00109777,0.464335,True,49.7761
4455,11879,2023-07-11,0.00127018,0.370436,True,56.8956
4455,11880,2023-07-12,0.00130231,0.391184,True,16.0088
4455,11881,2023-07-13,0.00136203,0.330924,True,26.8936
4455,11882,2023-07-14,0.0013486,0.0831402,True,0.26989
4455,11883,2023-07-15,0.00135911,0.10342,True,9.2162
4455,11884,2023-07-16,0.00139048,0.197858,True,17.7053
4455,11885,2023-07-17,0.00138518,0.094708,True,3.01257
4455,11886,2023-07-18,0.00137727,0.103035,True,1.72516
4455,11887,2023-07-19,0.00139135,0.199118,True,10.9012
4455,11888,2023-07-20,0.00141696,0.262967,True,16.1801
4455,11889,2023-07-21,0.00140929,0.105375,True,1.49117
4455,11890,2023-07-22,0.00146179,0.326215,True,29.2955
4455,11891,2023-07-23,0.00145957,0.120021,True,4.00735
4455,11892,2023-07-24,0.00145195,0.11366,True,1.25557
4455,11893,2023-07-25,0.00145173,0.121746,True,4.72224
4455,11894,2023-07-26,0.00147185,0.327681,True,14.8768
4455,11895,2023-07-27,0.00147428,0.130349,True,6.04707
4455,11896,2023-07-28,0.00147549,0.134116,True,5.36706
4455,11897,2023-07-29,0.00148557,0.221146,True,10.0154
4455,11898,2023-07-30,0.00147868,0.134415,True,0.960376
4455,11899,2023-07-31,0,0.09539,False,0
4455,11900,2023-08-01,0,0.0639074,False,0
4455,11901,2023-08-02,0,0.0584019,False,0
4455,11902,2023-08-03,0,0.0389319,False,0
4455,11903,2023-08-04,0.000535216,0.0639632,True,4.55769
4455,11904,2023-08-05,0.000659397,0.0884987,True,4.94876
4455,11905,2023-08-06,0.000604553,0.100922,True,0
4455,11906,2023-08-07,0,0.0833077,False,0.391065
4455,11907,2023-08-08,0,0.0379229,False,0
4455,11908,2023-08-09,0,0.0327064,False,0
4455,11909,2023-08-10,0,0.0314299,False,0
4455,11910,2023-08-11,0.000465804,0.103557,True,5.18858
4455,11911,2023-08-12,0.000401532,0.0954114,False,0
4455,11912,2023-08-13,0,0.048014,False,0
4455,11913,2023-08-14,0.000643616,0.242885,True,11.4556
4455,11914,2023-08-15,0.000663396,0.070713,True,5.09476
4455,11915,2023-08-16,0.00060822,0.0645257,True,0
4455,11916,2023-08-17,0,0.0562303,False,0
4455,11917,2023-08-18,0.000883556,0.309106,True,23.2556
4455,11918,2023-08-19,0.000811551,0.0653464,True,3.24356
4455,11919,2023-08-20,0.000802582,0.0844791,True,4.47023
4455,11920,2023-08-21,0.000754633,0.0800131,True,0
4455,11921,2023-08-22,0,0.0391419,False,0
4455,11922,2023-08-23,0,0.0248201,False,0
4455,11923,2023-08-24,0.00058568,0.191107,True,11.3743
4455,11924,2023-08-25,0.000520378,0.0644301,True,0.730548
4455,11925,2023-08-26,0,0.0417533,False,0.139011
4455,11926,2023-08-27,0,0.0311057,False,0.0899632
4455,11927,2023-08-28,0,0.0239904,False,0
4455,11928,2023-08-29,0,0.0239329,False,0.359853
4455,11929,2023-08-30,0,0.0196211,False,0
4455,11930,2023-08-31,0,0.0142318,False,0
4457,11853,2023-06-15,0.000458,0.0434738,True,4.35612
4457,11854,2023-06-16,0.000424485,0.0457536,False,0.162824
4457,11855,2023-06-17,0,0.0264851,False,0
4457,11856,2023-06-18,0.000464112,0.0380757,True,5.28813
4457,11857,2023-06-19,0.000528638,0.0371578,True,4.09615
4457,11858,2023-06-20,0.000564167,0.0387711,True,3.4447
4457,11859,2023-06-21,0.000583619,0.039196,True,2.78751
4457,11860,2023-06-22,0.000556383,0.0369319,False,0
4457,11861,2023-06-23,0,0.0203796,False,0
4457,11862,2023-06-24,0,0.020619,False,0
4457,11863,2023-06-25,0.000472214,0.0519062,True,5.66196
4457,11864,2023-06-26,0.000555204,0.0610573,True,5.06387
4457,11865,2023-06-27,0.000553822,0.0639532,True,2.03389
4457,11866,2023-06-28,0.000556127,0.0720884,True,1.84994
4457,11867,2023-06-29,0.000538497,0.0836112,False,0.476111
4457,11868,2023-06-30,0.000577177,0.0633246,False,3.77215
4457,11869,2023-07-01,0.000620237,0.0614723,False,4.5488
4457,11870,2023-07-02,0.000677012,0.0638045,True,6.32515
4457,11871,2023-07-03,0.000660149,0.0518632,False,0
4457,11872,2023-07-04,0.000669678,0.0728059,False,2.34636
4457,11873,2023-07-05,0.000680517,0.0842486,False,2.50117
4457,11874,2023-07-06,0.00072325,0.0763654,False,6.15238
4457,11875,2023-07-07,0.000717246,0.0822124,False,0.745167
4457,11876,2023-07-08,0.000728776,0.0695798,False,2.80798
4457,11877,2023-07-09,0.000829952,0.118448,True,15.3798
4457,11878,2023-07-10,0.00101044,0.162777,True,32.3917
4457,11879,2023-07-11,0.00123588,0.411017,True,51.1034
4457,11880,2023-07-12,0.00128761,0.388101,True,16.5927
4457,11881,2023-07-13,0.00133305,0.317663,True,15.973
4457,11882,2023-07-14,0.00132768,0.093237,True,2.53141
4457,11883,2023-07-15,0.00133437,0.0910534,True,5.77187
4457,11884,2023-07-16,0.00138373,0.219648,True,18.4074
4457,11885,2023-07-17,0.00141985,0.145863,True,15.2625
4457,11886,2023-07-18,0.00144232,0.119579,True,11.4201
4457,11887,2023-07-19,0.00149734,0.177883,True,22.8655
4457,11888,2023-07-20,0.00152474,0.121898,True,14.1565
4457,11889,2023-07-21,0.00153284,0.0714119,True,7.43821
4457,11890,2023-07-22,0.00156163,0.158043,True,15.2875
4457,11891,2023-07-23,0.00159473,0.174288,True,17.4613
4457,11892,2023-07-24,0.00161632,0.136045,True,13.35
4457,11893,2023-07-25,0.00163139,0.116122,True,10.9188
4457,11894,2023-07-26,0.00164057,0.088936,True,8.5589
4457,11895,2023-07-27,0.00165857,0.14719,True,12.4496
4457,11896,2023-07-28,0.00165551,0.0913701,True,3.30504
4457,11897,2023-07-29,0.00167421,0.159031,True,12.9842
4457,11898,2023-07-30,0.00166544,0.093761,True,0.589782
4457,11899,2023-07-31,0,0.0722133,False,0.686535
4457,11900,2023-08-01,0,0.0533831,False,0
4457,11901,2023-08-02,0,0.0505898,False,0
4457,11902,2023-08-03,0.000712127,0.102626,True,6.52209
4457,11903,2023-08-04,0.000613889,0.0938366,True,0
4457,11904,2023-08-05,0.000659852,0.120502,True,2.52649
4457,11905,2023-08-06,0.000793505,0.0850648,True,5.96866
4457,11906,2023-08-07,0.000781246,0.0801365,True,1.0298
4457,11907,2023-08-08,0.000769605,0.0609164,False,0.813909
4457,11908,2023-08-09,0.000766367,0.0419435,False,1.0298
4457,11909,2023-08-10,0.000764227,0.0447656,False,0.975986
4457,11910,2023-08-11,0.00079277,0.0581078,False,2.5641
4457,11911,2023-08-12,0.000775084,0.0518583,False,0
4457,11912,2023-08-13,0.000776528,0.0527168,False,1.00558
4457,11913,2023-08-14,0.000980251,0.145824,False,15.231
4457,11914,2023-08-15,0.00103347,0.0482568,False,5.84151
4457,11915,2023-08-16,0.0010172,0.0432476,False,0
4457,11916,2023-08-17,0,0.0370447,False,0
4457,11917,2023-08-18,0,0.033734,False,0.798584
4457,11918,2023-08-19,0.000408515,0.0491817,True,3.31473
4457,11919,2023-08-20,0.000428189,0.0576286,False,1.64224
4457,11920,2023-08-21,0.000392568,0.0471645,False,0
4457,11921,2023-08-22,0,0.0194884,False,0
4457,11922,2023-08-23,0.000467751,0.0423472,True,5.28813
4457,11923,2023-08-24,0.000584622,0.0519076,True,6.07278
4457,11924,2023-08-25,0.000568426,0.0495445,True,1.46045
4457,11925,2023-08-26,0.000742437,0.124224,True,12.4022
4457,11926,2023-08-27,0.000708207,0.0408612,True,0.0302471
4457,11927,2023-08-28,0,0.0278052,False,0.770948
4457,11928,2023-08-29,0.000403246,0.0321835,True,4.59556
4457,11929,2023-08-30,0.000347603,0.0323134,False,0
4457,11930,2023-08-31,0,0.0228657,False,0
4458,11853,2023-06-15,0.000491888,0.0716868,True,5.22856
4458,11854,2023-06-16,0.000452107,0.0586719,False,0.0455503
4458,11855,2023-06-17,0,0.0492977,False,0
4458,11856,2023-06-18,0.00062037,0.210869,True,10.0531
4458,11857,2023-06-19,0.000619468,0.0658328,True,3.55267
4458,11858,2023-06-20,0.000654363,0.0739955,True,4.60634
4458,11859,2023-06-21,0.000701183,0.0847411,True,5.62401
4458,11860,2023-06-22,0.000668464,0.0656709,True,0
4458,11861,2023-06-23,0,0.0522217,False,0
4458,11862,2023-06-24,0,0.0396057,False,0
4458,11863,2023-06-25,0.000626253,0.212281,True,10.5403
4458,11864,2023-06-26,0.000752099,0.183149,True,10.3193
4458,11865,2023-06-27,0.000740526,0.0909006,True,3.29937
4458,11866,2023-06-28,0.000728478,0.108588,True,2.3563
4458,11867,2023-06-29,0.000697155,0.114453,True,0.210255
4458,11868,2023-06-30,0.000727506,0.105856,True,4.89292
4458,11869,2023-07-01,0.000786625,0.117786,True,8.13012
4458,11870,2023-07-02,0.000869104,0.205899,True,12.019
4458,11871,2023-07-03,0.00084746,0.0728253,True,0
4458,11872,2023-07-04,0.000858348,0.0988824,True,3.90599
4458,11873,2023-07-05,0.000876112,0.12564,True,4.89097
4458,11874,2023-07-06,0.000909612,0.12212,True,7.42431
4458,11875,2023-07-07,0.000908253,0.116409,True,2.22576
4458,11876,2023-07-08,0.000898739,0.124442,True,0.775821
4458,11877,2023-07-09,0.000956735,0.226431,True,12.2507
4458,11878,2023-07-10,0.00106672,0.224187,True,23.9168
4458,11879,2023-07-11,0.00126982,0.493971,True,50.4388
4458,11880,2023-07-12,0.00133707,0.511231,True,22.1492
4458,11881,2023-07-13,0.001378,0.456109,True,16.1338
4458,11882,2023-07-14,0.00137536,0.119816,True,3.69078
4458,11883,2023-07-15,0.00138062,0.145615,True,5.95029
4458,11884,2023-07-16,0.00144685,0.267797,True,25.5208
4458,11885,2023-07-17,0.00148993,0.238815,True,19.2537
4458,11886,2023-07-18,0.0015163,0.194425,True,14.1298
4458,11887,2023-07-19,0.00158365,0.338824,True,30.0253
4458,11888,2023-07-20,0.00162371,0.381948,True,20.9632
4458,11889,2023-07-21,0.00163377,0.149838,True,9.40178
4458,11890,2023-07-22,0.00169003,0.351532,True,29.0991
4458,11891,2023-07-23,0.00172542,0.378925,True,21.202
4458,11892,2023-07-24,0.00176205,0.338979,True,22.4987
4458,11893,2023-07-25,0.00177984,0.234661,True,14.2274
4458,11894,2023-07-26,0.00179666,0.213387,True,13.9858
4458,11895,2023-07-27,0.00181393,0.229591,True,14.4077
4458,11896,2023-07-28,0.00180771,0.121677,True,2.68847
4458,11897,2023-07-29,0.00183579,0.277814,True,20.1777
4458,11898,2023-07-30,0.00182524,0.109332,True,0.253428
4458,11899,2023-07-31,0.00181649,0.112666,True,1.00836
4458,11900,2023-08-01,0.00180616,0.107204,True,0
4458,11901,2023-08-02,0,0.0674072,False,0
4458,11902,2023-08-03,0.000856248,0.200381,True,9.57942
4458,11903,2023-08-04,0.000738142,0.113168,True,0
4458,11904,2023-08-05,0.000842839,0.124528,True,5.47235
4458,11905,2023-08-06,0.00103636,0.22152,True,11.102
4458,11906,2023-08-07,0.00101536,0.153962,True,1.51254
4458,11907,2023-08-08,0.00100208,0.0954907,True,1.51391
4458,11908,2023-08-09,0.000993638,0.102076,True,1.51254
4458,11909,2023-08-10,0.000988285,0.0836632,True,1.50106
4458,11910,2023-08-11,0.00103688,0.0896577,True,5.23984
4458,11911,2023-08-12,0.00101376,0.0683715,True,0
4458,11912,2023-08-13,0.00101461,0.0764573,False,1.674
4458,11913,2023-08-14,0.00120477,0.227643,True,18.7805
4458,11914,2023-08-15,0.00122293,0.0500876,True,3.95612
4458,11915,2023-08-16,0.00120369,0.0542901,True,0
4458,11916,2023-08-17,0,0.0646591,False,0
4458,11917,2023-08-18,0.000266885,0.0607073,False,1.18956
4458,11918,2023-08-19,0.000472252,0.0902523,False,4.03709
4458,11919,2023-08-20,0.000513965,0.108425,False,2.21259
4458,11920,2023-08-21,0.00048325,0.105073,False,0
4458,11921,2023-08-22,0,0.036503,False,0
4458,11922,2023-08-23,0.000528196,0.0952054,True,6.56027
4458,11923,2023-08-24,0.000751984,0.197166,True,11.8678
4458,11924,2023-08-25,0.000717863,0.073914,True,1.59799
4458,11925,2023-08-26,0.000952186,0.271013,True,20.646
4458,11926,2023-08-27,0.000907765,0.0496096,True,0
4458,11927,2023-08-28,0.000886283,0.0589184,True,1.2834
4458,11928,2023-08-29,0.000907973,0.0911107,True,5.24312
4458,11929,2023-08-30,0.000882382,0.0668583,True,0
4458,11930,2023-08-31,0,0.0384162,False,0
4469,11853,2023-06-15,0.00135701,0.0242021,True,0.377471
4469,11854,2023-06-16,0,0.0165911,False,0.130367
4469,11855,2023-06-17,0,0.0158638,False,0
4469,11856,2023-06-18,0,0.0141966,False,0
4469,11857,2023-06-19,0.00109433,0.0405905,True,9.209
4469,11858,2023-06-20,0.000943412,0.0271994,True,0
4469,11859,2023-06-21,0,0.0194208,False,0
4469,11860,2023-06-22,0.000700761,0.0308651,True,3.55163
4469,11861,2023-06-23,0.00235779,0.254724,True,55.1645
4469,11862,2023-06-24,0.00224547,0.0684621,True,4.77081
4469,11863,2023-06-25,0.00216831,0.0949782,True,3.57214
4469,11864,2023-06-26,0.00206727,0.0574834,True,0
4469,11865,2023-06-27,0.00207393,0.0652419,True,6.09681
4469,11866,2023-06-28,0.00209783,0.0806674,True,7.01659
4469,11867,2023-06-29,0.00203877,0.0423077,True,0
4469,11868,2023-06-30,0.00203863,0.0417689,True,4.26112
4469,11869,2023-07-01,0.0020108,0.0416865,True,1.54334
4469,11870,2023-07-02,0.0020031,0.0390236,True,2.98365
4469,11871,2023-07-03,0.00196617,0.0358262,True,0
4469,11872,2023-07-04,0.00211101,0.0847861,True,17.7403
4469,11873,2023-07-05,0.00217608,0.0661443,True,10.665
4469,11874,2023-07-06,0.00235323,0.170956,True,24.8153
4469,11875,2023-07-07,0.00245781,0.129121,True,17.8273
4469,11876,2023-07-08,0.00242807,0.0497428,True,0.259634
4469,11877,2023-07-09,0.00360029,0.494993,True,210.257
4469,11878,2023-07-10,0.00420448,0.612506,True,152.269
4469,11879,2023-07-11,0.00419498,0.32321,True,9.4649
4469,11880,2023-07-12,0.00415153,0.180059,True,0
4469,11881,2023-07-13,0.0041539,0.0962682,True,11.6704
4469,11882,2023-07-14,0.00413137,0.064598,True,4.56875
4469,11883,2023-07-15,0.00413236,0.0880841,True,10.6651
4469,11884,2023-07-16,0.00411848,0.0807972,True,6.21126
4469,11885,2023-07-17,0.00409042,0.0801139,True,1.79519
4469,11886,2023-07-18,0.00406649,0.0828051,True,2.57036
4469,11887,2023-07-19,0.00408317,0.104535,True,14.1242
4469,11888,2023-07-20,0.0040527,0.0707695,True,0
4469,11889,2023-07-21,0,0.052176,False,0
4469,11890,2023-07-22,0.00427659,0.332646,True,58.0387
4469,11891,2023-07-23,0.00400487,0.130495,True,10.7543
4469,11892,2023-07-24,0.00369014,0.0942315,True,0.672291
4469,11893,2023-07-25,0.00350917,0.0690811,True,1.6169
4469,11894,2023-07-26,0.00336637,0.0589874,True,0.902367
4469,11895,2023-07-27,0,0.045688,False,0
4469,11896,2023-07-28,0,0.0443347,False,0.532521
4469,11897,2023-07-29,0,0.0403837,False,0.809426
4469,11898,2023-07-30,0,0.0226566,False,0.182959
4469,11899,2023-07-31,0,0.0229222,False,0.191202
4469,11900,2023-08-01,0.000979869,0.0248264,True,2.82648
4469,11901,2023-08-02,0.000853319,0.0281954,False,0.0595177
4469,11902,2023-08-03,0.00125384,0.0402687,False,4.73741
4469,11903,2023-08-04,0.00119277,0.0397598,False,0.185002
4469,11904,2023-08-05,0,0.0335111,False,0.990449
4469,11905,2023-08-06,0,0.0252239,False,0.11834
4469,11906,2023-08-07,0.00296711,0.130181,True,30.3976
4469,11907,2023-08-08,0.00262217,0.0385834,True,1.57866
4469,11908,2023-08-09,0.00240447,0.0264288,True,0
4469,11909,2023-08-10,0,0.0224457,False,0.595173
4469,11910,2023-08-11,0.00312969,0.538316,True,71.058
4469,11911,2023-08-12,0.00321513,0.485476,True,30.9144
4469,11912,2023-08-13,0.00350502,0.539281,True,43.7465
4469,11913,2023-08-14,0.00375989,0.398205,True,45.5088
4469,11914,2023-08-15,0.00365437,0.122688,True,7.72411
4469,11915,2023-08-16,0.00351619,0.0767947,True,0.158714
4469,11916,2023-08-17,0.00341901,0.0869489,True,2.02121
4469,11917,2023-08-18,0.00332446,0.065569,True,0.198392
4469,11918,2023-08-19,0,0.0519194,False,0.887909
4469,11919,2023-08-20,0,0.0543642,False,0
4469,11920,2023-08-21,0,0.044663,False,0
4469,11921,2023-08-22,0.00225469,0.18873,True,27.6313
4469,11922,2023-08-23,0.00390554,0.577913,True,88.9133
4469,11923,2023-08-24,0.00368392,0.154843,True,6.97487
4469,11924,2023-08-25,0.00352454,0.132804,True,4.46574
4469,11925,2023-08-26,0.00343746,0.102431,True,6.12286
4469,11926,2023-08-27,0.00330618,0.0877632,True,0
4469,11927,2023-08-28,0,0.0732504,False,0
4469,11928,2023-08-29,0.000964132,0.0885331,True,3.7112
4469,11929,2023-08-30,0.000831159,0.0979077,False,0
4469,11930,2023-08-31,0,0.0761738,False,0
4470,11853,2023-06-15,0.00039518,0.0198842,True,0.0790838
4470,11854,2023-06-16,0,0.016303,False,0
4470,11855,2023-06-17,0,0.0113389,False,0
4470,11856,2023-06-18,0,0.0100821,False,0
4470,11857,2023-06-19,0.000261197,0.0155222,False,2.18823
4470,11858,2023-06-20,0.000225151,0.0140246,False,0
4470,11859,2023-06-21,0,0.00999828,False,0
4470,11860,2023-06-22,0.00066754,0.04931,True,14.9698
4470,11861,2023-06-23,0.00109631,0.12317,True,41.4728
4470,11862,2023-06-24,0.0011889,0.356958,True,23.3149
4470,11863,2023-06-25,0.00118176,0.150104,True,9.66984
4470,11864,2023-06-26,0.00113653,0.0507538,True,1.62512
4470,11865,2023-06-27,0.00117276,0.138336,True,14.2091
4470,11866,2023-06-28,0.00113581,0.0633165,True,0.212475
4470,11867,2023-06-29,0.00111692,0.0680555,True,2.59909
4470,11868,2023-06-30,0.00112944,0.0730574,True,8.40487
4470,11869,2023-07-01,0.00110507,0.0519302,True,0.176468
4470,11870,2023-07-02,0.00109044,0.0582259,True,1.7117
4470,11871,2023-07-03,0.00107031,0.0319539,True,0
4470,11872,2023-07-04,0.00111744,0.0901692,True,15.632
4470,11873,2023-07-05,0.00111098,0.0498054,True,2.80582
4470,11874,2023-07-06,0.00115455,0.115386,True,15.8546
4470,11875,2023-07-07,0.00115692,0.0566639,True,5.07271
4470,11876,2023-07-08,0.00116699,0.062577,True,7.18881
4470,11877,2023-07-09,0.00155592,0.367388,True,140.982
4470,11878,2023-07-10,0.00180272,0.438637,True,118.433
4470,11879,2023-07-11,0.00184885,0.428822,True,32.9107
4470,11880,2023-07-12,0.00183401,0.124168,True,2.24555
4470,11881,2023-07-13,0.00184574,0.135736,True,15.7232
4470,11882,2023-07-14,0.00189719,0.22146,True,37.6638
4470,11883,2023-07-15,0.00192519,0.276056,True,25.7404
4470,11884,2023-07-16,0.00190945,0.0775358,True,0.57732
4470,11885,2023-07-17,0.00189672,0.0739646,True,1.89263
4470,11886,2023-07-18,0.00188391,0.077573,True,1.44655
4470,11887,2023-07-19,0.00188827,0.112815,True,11.4066
4470,11888,2023-07-20,0.00187484,0.074786,True,0.419408
4470,11889,2023-07-21,0.00186446,0.0701129,True,1.94719
4470,11890,2023-07-22,0.00188699,0.175318,True,22.2449
4470,11891,2023-07-23,0.00187782,0.063561,True,2.29367
4470,11892,2023-07-24,0.00186696,0.0697976,True,0.938923
4470,11893,2023-07-25,0.00185747,0.0820534,True,1.55009
4470,11894,2023-07-26,0.00184599,0.0551048,True,0
4470,11895,2023-07-27,0,0.0310089,False,0.289311
4470,11896,2023-07-28,0.00145303,0.164748,True,33.0549
4470,11897,2023-07-29,0.00127544,0.0440335,True,1.24738
4470,11898,2023-07-30,0.00125037,0.0343128,True,5.07079
4470,11899,2023-07-31,0.00121835,0.0374599,True,2.99913
4470,11900,2023-08-01,0.00122141,0.039773,True,4.62272
4470,11901,2023-08-02,0.00117512,0.035672,True,0.0377228
4470,11902,2023-08-03,0.00126287,0.071078,True,11.3576
4470,11903,2023-08-04,0.00128523,0.039641,True,5.82107
4470,11904,2023-08-05,0.00132382,0.0454135,True,7.67329
4470,11905,2023-08-06,0.00130197,0.0387574,True,0.879702
4470,11906,2023-08-07,0.001527,0.215926,True,32.631
4470,11907,2023-08-08,0.00150918,0.0551706,True,1.50543
4470,11908,2023-08-09,0.00148355,0.0515566,True,0
4470,11909,2023-08-10,0.001524,0.104869,True,9.84482
4470,11910,2023-08-11,0.0018673,0.323168,True,66.1831
4470,11911,2023-08-12,0.0019662,0.376667,True,26.4067
4470,11912,2023-08-13,0.00224099,0.385386,True,72.2317
4470,11913,2023-08-14,0.00260184,0.420956,True,111.31
4470,11914,2023-08-15,0.00268502,0.332558,True,36.4645
4470,11915,2023-08-16,0.00265575,0.0963223,True,0
4470,11916,2023-08-17,0,0.0464631,False,0
4470,11917,2023-08-18,0.000706475,0.0724357,True,7.57934
4470,11918,2023-08-19,0.000865135,0.0767068,True,8.03503
4470,11919,2023-08-20,0.000793193,0.0637009,True,0
4470,11920,2023-08-21,0,0.045186,False,0
4470,11921,2023-08-22,0.000874278,0.110571,True,12.1461
4470,11922,2023-08-23,0.0026555,0.500307,True,150.578
4470,11923,2023-08-24,0.00244983,0.121359,True,2.04462
4470,11924,2023-08-25,0.00252978,0.340472,True,35.0926
4470,11925,2023-08-26,0.00244338,0.052434,True,5.4091
4470,11926,2023-08-27,0.00235627,0.0532566,True,1.13679
4470,11927,2023-08-28,0.00228288,0.065722,True,0.560392
4470,11928,2023-08-29,0.00223321,0.0606506,True,2.81537
4470,11929,2023-08-30,0.00217767,0.0586046,True,0
4470,11930,2023-08-31,0,0.0310429,False,0
4471,11853,2023-06-15,0.000347593,0.0177786,False,0.897967
4471,11854,2023-06-16,0,0.0114979,False,0.121996
4471,11855,2023-06-17,0,0.00807359,False,0
4471,11856,2023-06-18,0,0.00688171,False,0
4471,11857,2023-06-19,0.000272438,0.00978546,False,2.19511
4471,11858,2023-06-20,0.000234841,0.00965828,False,0
4471,11859,2023-06-21,0,0.00658731,False,0
4471,11860,2023-06-22,0.000565921,0.0488721,True,9.79256
4471,11861,2023-06-23,0.000692089,0.0376168,True,10.3245
4471,11862,2023-06-24,0.00101665,0.0645462,True,32.9839
4471,11863,2023-06-25,0.00126712,0.224261,True,41.783
4471,11864,2023-06-26,0.00122311,0.0899369,True,2.45694
4471,11865,2023-06-27,0.0012445,0.119098,True,11.9829
4471,11866,2023-06-28,0.00124147,0.0561098,True,7.10392
4471,11867,2023-06-29,0.00121261,0.0488543,True,1.21996
4471,11868,2023-06-30,0.00122921,0.0668047,True,9.79009
4471,11869,2023-07-01,0.00124808,0.0676729,True,10.316
4471,11870,2023-07-02,0.00122704,0.0390702,True,0.966402
4471,11871,2023-07-03,0.00123582,0.0459419,True,7.55891
4471,11872,2023-07-04,0.00124729,0.0480912,True,8.16426
4471,11873,2023-07-05,0.00123126,0.0417432,True,0.93422
4471,11874,2023-07-06,0.00129465,0.142007,True,22.2517
4471,11875,2023-07-07,0.00133581,0.0923543,True,17.2989
4471,11876,2023-07-08,0.00132533,0.0468168,True,2.05879
4471,11877,2023-07-09,0.00174676,0.298102,True,159.841
4471,11878,2023-07-10,0.00189079,0.332806,True,73.4379
4471,11879,2023-07-11,0.00191986,0.262964,True,23.906
4471,11880,2023-07-12,0.00190027,0.0582412,True,0.163965
4471,11881,2023-07-13,0.00192119,0.0731758,True,20.0028
4471,11882,2023-07-14,0.00192853,0.0531236,True,13.2056
4471,11883,2023-07-15,0.00196553,0.132223,True,29.0802
4471,11884,2023-07-16,0.00195014,0.0410721,True,0.928435
4471,11885,2023-07-17,0.00196715,0.0911084,True,18.5396
4471,11886,2023-07-18,0.00195814,0.0367617,True,3.86209
4471,11887,2023-07-19,0.00195403,0.0459414,True,6.3595
4471,11888,2023-07-20,0.0019397,0.0384078,True,0.159358
4471,11889,2023-07-21,0,0.0294852,False,0.511414
4471,11890,2023-07-22,0.00194682,0.141806,True,46.1441
4471,11891,2023-07-23,0.00171249,0.0357393,True,1.94405
4471,11892,2023-07-24,0.00158686,0.0434965,True,1.0573
4471,11893,2023-07-25,0.00149683,0.041569,True,0.320122
4471,11894,2023-07-26,0,0.0215571,False,0.0510306
4471,11895,2023-07-27,0.00110563,0.0646104,True,15.4112
4471,11896,2023-07-28,0.00139965,0.0694303,True,18.5921
4471,11897,2023-07-29,0.00130526,0.0309029,True,1.20902
4471,11898,2023-07-30,0.00129462,0.0348246,True,4.0932
4471,11899,2023-07-31,0.00123424,0.0348165,True,0
4471,11900,2023-08-01,0.00122168,0.0255033,True,2.4019
4471,11901,2023-08-02,0.00118945,0.0195452,True,0.541548
4471,11902,2023-08-03,0.00169545,0.20962,True,50.7651
4471,11903,2023-08-04,0.0016736,0.0491546,True,2.37384
4471,11904,2023-08-05,0.00165242,0.0522489,True,1.9476
4471,11905,2023-08-06,0.00170854,0.0669983,True,11.4104
4471,11906,2023-08-07,0.00217975,0.392982,True,77.949
4471,11907,2023-08-08,0.00214367,0.06394,True,0.162662
4471,11908,2023-08-09,0,0.0388164,False,0
4471,11909,2023-08-10,0.00177843,0.185533,True,52.7668
4471,11910,2023-08-11,0.00223265,0.354855,True,61.7139
4471,11911,2023-08-12,0.00233418,0.270702,True,35.5571
4471,11912,2023-08-13,0.00270601,0.402633,True,81.0051
4471,11913,2023-08-14,0.00304533,0.364295,True,94.2547
4471,11914,2023-08-15,0.00303969,0.280633,True,25.8825
4471,11915,2023-08-16,0.0029412,0.077025,True,0
4471,11916,2023-08-17,0,0.0303216,False,0
4471,11917,2023-08-18,0,0.0281938,False,0.179761
4471,11918,2023-08-19,0.00107745,0.075321,True,12.8967
4471,11919,2023-08-20,0.000928865,0.044946,True,0
4471,11920,2023-08-21,0,0.0287544,False,0.132188
4471,11921,2023-08-22,0.000702694,0.0472614,True,5.59616
4471,11922,2023-08-23,0.00222134,0.369183,True,75.7556
4471,11923,2023-08-24,0.00210884,0.0770281,True,6.03961
4471,11924,2023-08-25,0.00211,0.116683,True,11.9306
4471,11925,2023-08-26,0.00204542,0.0548456,True,3.46591
4471,11926,2023-08-27,0.00197306,0.0505829,True,0.632435
4471,11927,2023-08-28,0,0.0339013,False,0
4471,11928,2023-08-29,0.000472891,0.0276527,False,2.2745
4471,11929,2023-08-30,0.000407642,0.0254384,False,0
4471,11930,2023-08-31,0,0.0218394,False,0
4472,11853,2023-06-15,0.00103276,0.089971,True,29.5203
4472,11854,2023-06-16,0.000903508,0.0322676,True,0.906848
4472,11855,2023-06-17,0,0.0234744,False,0
4472,11856,2023-06-18,0,0.0194764,False,0
4472,11857,2023-06-19,0.00064721,0.0803993,True,10.4467
4472,11858,2023-06-20,0.000557922,0.0339178,True,0
4472,11859,2023-06-21,0,0.023288,False,0.0157223
4472,11860,2023-06-22,0.000244858,0.0233974,False,1.35975
4472,11861,2023-06-23,0.000214663,0.0196596,False,0.0481151
4472,11862,2023-06-24,0.00105656,0.232201,True,43.3596
4472,11863,2023-06-25,0.00154016,0.482518,True,65.6959
4472,11864,2023-06-26,0.00153233,0.306461,True,10.1475
4472,11865,2023-06-27,0.00152819,0.22672,True,9.36912
4472,11866,2023-06-28,0.00148153,0.0929998,True,0.531177
4472,11867,2023-06-29,0.00149606,0.159595,True,10.725
4472,11868,2023-06-30,0.00146159,0.0835715,True,0.55252
4472,11869,2023-07-01,0,0.0617635,False,0.0378599
4472,11870,2023-07-02,0,0.0392881,False,0.736694
4472,11871,2023-07-03,0,0.0389936,False,0.347319
4472,11872,2023-07-04,0.000361242,0.061919,True,2.68705
4472,11873,2023-07-05,0.00041647,0.0787961,False,2.20135
4472,11874,2023-07-06,0.000504751,0.0974554,False,3.79452
4472,11875,2023-07-07,0.000806673,0.249425,True,17.1964
4472,11876,2023-07-08,0.000820641,0.0832198,True,3.70301
4472,11877,2023-07-09,0.00151423,0.389181,True,83.6361
4472,11878,2023-07-10,0.00191392,0.348477,True,83.1604
4472,11879,2023-07-11,0.00214922,0.401143,True,68.1533
4472,11880,2023-07-12,0.00209576,0.109792,True,0
4472,11881,2023-07-13,0.00209532,0.253605,True,12.4588
4472,11882,2023-07-14,0.00206992,0.0826683,True,4.71236
4472,11883,2023-07-15,0.00209186,0.221459,True,17.4509
4472,11884,2023-07-16,0.00211779,0.196181,True,18.7172
4472,11885,2023-07-17,0.00212918,0.166294,True,14.2108
4472,11886,2023-07-18,0.00212989,0.138474,True,10.4914
4472,11887,2023-07-19,0.00211027,0.0872318,True,3.22649
4472,11888,2023-07-20,0.00214123,0.239022,True,20.1969
4472,11889,2023-07-21,0.00211522,0.0835523,True,0
4472,11890,2023-07-22,0.00214369,0.229255,True,19.3055
4472,11891,2023-07-23,0.00213583,0.0842452,True,5.83763
4472,11892,2023-07-24,0.00211366,0.0891438,True,0
4472,11893,2023-07-25,0,0.0536764,False,0.154579
4472,11894,2023-07-26,0,0.0424739,False,0.322719
4472,11895,2023-07-27,0,0.0410844,False,0.567774
4472,11896,2023-07-28,0.00187944,0.273307,True,48.0912
4472,11897,2023-07-29,0.00178564,0.180442,True,10.6523
4472,11898,2023-07-30,0.00169549,0.105076,True,4.38538
4472,11899,2023-07-31,0.00164562,0.0890224,True,4.26128
4472,11900,2023-08-01,0.00157314,0.0867809,True,0.375183
4472,11901,2023-08-02,0,0.0541417,False,0.0160384
4472,11902,2023-08-03,0.000480435,0.0605921,True,2.64072
4472,11903,2023-08-04,0.000484755,0.0458139,False,1.01059
4472,11904,2023-08-05,0.000849016,0.123752,True,10.19
4472,11905,2023-08-06,0.000922022,0.0548722,True,4.78107
4472,11906,2023-08-07,0.00153848,0.236878,True,40.3679
4472,11907,2023-08-08,0.00156207,0.0866377,True,6.97372
4472,11908,2023-08-09,0.00151138,0.0729946,True,0
4472,11909,2023-08-10,0.0017044,0.218874,True,23.6629
4472,11910,2023-08-11,0.00216746,0.354277,True,65.3111
4472,11911,2023-08-12,0.00238605,0.345577,True,42.9331
4472,11912,2023-08-13,0.00273481,0.479193,True,75.5547
4472,11913,2023-08-14,0.00298147,0.436898,True,66.1063
4472,11914,2023-08-15,0.00317177,0.452064,True,60.1047
4472,11915,2023-08-16,0.00313028,0.121698,True,2.20346
4472,11916,2023-08-17,0.00308568,0.0990951,True,0.321864
4472,11917,2023-08-18,0,0.0519806,False,0.53644
4472,11918,2023-08-19,0.000757773,0.104236,True,6.18469
4472,11919,2023-08-20,0.000653242,0.0973361,True,0
4472,11920,2023-08-21,0.000679576,0.0736486,False,1.83752
4472,11921,2023-08-22,0.000777482,0.0888513,False,3.99288
4472,11922,2023-08-23,0.00190611,0.415773,True,72.0738
4472,11923,2023-08-24,0.00214186,0.462382,True,31.8036
4472,11924,2023-08-25,0.00215362,0.233934,True,9.55895
4472,11925,2023-08-26,0.00209299,0.0689702,True,0
4472,11926,2023-08-27,0,0.0595435,False,0.0110544
4472,11927,2023-08-28,0,0.0418084,False,0
4472,11928,2023-08-29,0,0.0347226,False,0.0673611
4472,11929,2023-08-30,0,0.0333795,False,0
4472,11930,2023-08-31,0,0.0295408,False,0
4473,11853,2023-06-15,0.000543343,0.0798327,True,9.24524
4473,11854,2023-06-16,0.000473042,0.0424483,True,0.19049
4473,11855,2023-06-17,0,0.0321441,False,0
4473,11856,2023-06-18,0,0.0208221,False,0
4473,11857,2023-06-19,0.000424061,0.0552114,True,5.40067
4473,11858,2023-06-20,0.000365547,0.0435003,False,0
4473,11859,2023-06-21,0,0.0288371,False,0
4473,11860,2023-06-22,0,0.0194943,False,0
4473,11861,2023-06-23,0,0.0194696,False,0
4473,11862,2023-06-24,0.000727961,0.13418,True,16.3877
4473,11863,2023-06-25,0.00115061,0.159184,True,40.7172
4473,11864,2023-06-26,0.00112633,0.0742627,True,8.24329
4473,11865,2023-06-27,0.0011505,0.16199,True,12.154
4473,11866,2023-06-28,0.00109818,0.0508595,True,0.196257
4473,11867,2023-06-29,0.00108063,0.0535684,True,3.75502
4473,11868,2023-06-30,0.00104555,0.0565628,True,0
4473,11869,2023-07-01,0.00102616,0.0673716,True,1.67233
4473,11870,2023-07-02,0.00100067,0.0401274,True,0.0101353
4473,11871,2023-07-03,0,0.0219038,False,0
4473,11872,2023-07-04,0.000768526,0.107909,True,19.949
4473,11873,2023-07-05,0.000663801,0.0422668,True,0.0799543
4473,11874,2023-07-06,0.000737126,0.0984143,True,9.68658
4473,11875,2023-07-07,0.000800665,0.132996,True,10.2794
4473,11876,2023-07-08,0.000793068,0.072495,True,3.27719
4473,11877,2023-07-09,0.00122174,0.468424,True,70.9133
4473,11878,2023-07-10,0.00157243,0.305967,True,91.3673
4473,11879,2023-07-11,0.00180012,0.338139,True,82.5349
4473,11880,2023-07-12,0.00178124,0.139768,True,8.83257
4473,11881,2023-07-13,0.00178459,0.329476,True,15.3276
4473,11882,2023-07-14,0.00175149,0.0760507,True,1.07268
4473,11883,2023-07-15,0.00174535,0.131174,True,9.90549
4473,11884,2023-07-16,0.00178195,0.204072,True,26.2448
4473,11885,2023-07-17,0.00177812,0.11553,True,10.008
4473,11886,2023-07-18,0.00176169,0.0738127,True,4.07958
4473,11887,2023-07-19,0.00180808,0.250547,True,31.0782
4473,11888,2023-07-20,0.00181798,0.25842,True,15.2806
4473,11889,2023-07-21,0.00181854,0.165341,True,10.7281
4473,11890,2023-07-22,0.00182464,0.155614,True,13.1338
4473,11891,2023-07-23,0.0018078,0.0800009,True,1.52314
4473,11892,2023-07-24,0.00178912,0.0954958,True,0.0429823
4473,11893,2023-07-25,0.0017756,0.0829678,True,2.12976
4473,11894,2023-07-26,0.00177257,0.0994139,True,7.0872
4473,11895,2023-07-27,0.00176049,0.0907152,True,2.08179
4473,11896,2023-07-28,0.00177729,0.241338,True,17.1043
4473,11897,2023-07-29,0.00179232,0.217548,True,16.3473
4473,11898,2023-07-30,0.00178233,0.090098,True,2.4626
4473,11899,2023-07-31,0.0017694,0.0803647,True,0.496996
4473,11900,2023-08-01,0,0.0373154,False,0.0921789
4473,11901,2023-08-02,0,0.035232,False,0
4473,11902,2023-08-03,0.0004771,0.02634,True,3.07983
4473,11903,2023-08-04,0.000415026,0.0265698,False,0.0581525
4473,11904,2023-08-05,0.000516917,0.0475389,False,2.75787
4473,11905,2023-08-06,0.00052446,0.0610845,False,0.999934
4473,11906,2023-08-07,0.000573124,0.0607703,False,2.23775
4473,11907,2023-08-08,0.000551175,0.036551,False,0
4473,11908,2023-08-09,0,0.0219796,False,0
4473,11909,2023-08-10,0,0.0273676,False,0
4473,11910,2023-08-11,0.000997486,0.168055,True,25.2541
4473,11911,2023-08-12,0.00105192,0.10469,True,12.9914
4473,11912,2023-08-13,0.0010594,0.0644897,True,8.15926
4473,11913,2023-08-14,0.00145152,0.498076,True,54.3757
4473,11914,2023-08-15,0.00153886,0.498845,True,24.6458
4473,11915,2023-08-16,0.00147998,0.123926,True,0
4473,11916,2023-08-17,0,0.0654576,False,0
4473,11917,2023-08-18,0,0.058038,False,0
4473,11918,2023-08-19,0,0.0523925,False,0
4473,11919,2023-08-20,0,0.0485329,False,0.0252837
4473,11920,2023-08-21,0,0.0463088,False,0.31769
4473,11921,2023-08-22,0,0.0499121,False,0.162603
4473,11922,2023-08-23,0.00107087,0.252413,True,31.2018
4473,11923,2023-08-24,0.00112547,0.283272,True,15.7213
4473,11924,2023-08-25,0.0010588,0.118007,True,2.55368
4473,11925,2023-08-26,0.000997739,0.10965,True,0.22347
4473,11926,2023-08-27,0,0.0544844,False,0
4473,11927,2023-08-28,0,0.0481075,False,0
4473,11928,2023-08-29,0,0.0289787,False,0
4473,11929,2023-08-30,0,0.0254458,False,0
4473,11930,2023-08-31,0,0.0207593,False,0
4474,11853,2023-06-15,0.000299558,0.0209096,False,2.24928
4474,11854,2023-06-16,0.000282431,0.0173278,False,0.455588
4474,11855,2023-06-17,0,0.0127626,False,0
4474,11856,2023-06-18,0,0.0122363,False,0
4474,11857,2023-06-19,0.000345457,0.0208785,True,2.99006
4474,11858,2023-06-20,0.000297786,0.018849,False,0
4474,11859,2023-06-21,0,0.0135446,False,0
4474,11860,2023-06-22,0,0.0144098,False,0.227794
4474,11861,2023-06-23,0,0.0119276,False,0
4474,11862,2023-06-24,0.000478118,0.0397287,True,5.80176
4474,11863,2023-06-25,0.000702176,0.0993254,True,11.5718
4474,11864,2023-06-26,0.000719093,0.0435048,True,4.44441
4474,11865,2023-06-27,0.000725483,0.0478389,True,3.40583
4474,11866,2023-06-28,0.000719595,0.0563725,True,2.14473
4474,11867,2023-06-29,0.000694719,0.049051,True,0.218542
4474,11868,2023-06-30,0,0.0293569,False,0.911176
4474,11869,2023-07-01,0.000551823,0.0646414,True,8.78433
4474,11870,2023-07-02,0.000525867,0.0458469,True,2.01412
4474,11871,2023-07-03,0.000482124,0.0362158,True,0
4474,11872,2023-07-04,0.000894441,0.0939006,True,32.9548
4474,11873,2023-07-05,0.000853142,0.0271875,True,0.0455588
4474,11874,2023-07-06,0.000917821,0.121888,True,11.3742
4474,11875,2023-07-07,0.000978689,0.117377,True,12.229
4474,11876,2023-07-08,0.000959551,0.0461613,True,1.23817
4474,11877,2023-07-09,0.0012771,0.305423,True,61.6346
4474,11878,2023-07-10,0.00157069,0.275419,True,78.7453
4474,11879,2023-07-11,0.00171179,0.25993,True,51.2508
4474,11880,2023-07-12,0.00172259,0.296553,True,13.7095
4474,11881,2023-07-13,0.00174397,0.291985,True,17.1492
4474,11882,2023-07-14,0.00172183,0.0716542,True,1.85054
4474,11883,2023-07-15,0.00171721,0.0917842,True,7.38297
4474,11884,2023-07-16,0.00178989,0.180952,True,36.2303
4474,11885,2023-07-17,0.00179208,0.183514,True,9.9912
4474,11886,2023-07-18,0.0017769,0.0887618,True,2.66917
4474,11887,2023-07-19,0.00177853,0.171441,True,9.10024
4474,11888,2023-07-20,0.00183045,0.312028,True,30.5956
4474,11889,2023-07-21,0.00181486,0.114145,True,1.51465
4474,11890,2023-07-22,0.00185759,0.346045,True,27.6741
4474,11891,2023-07-23,0.00185055,0.101993,True,4.95143
4474,11892,2023-07-24,0.0018343,0.12444,True,0.244411
4474,11893,2023-07-25,0.001826,0.113904,True,3.67967
4474,11894,2023-07-26,0.00189451,0.239765,True,41.7162
4474,11895,2023-07-27,0.0019166,0.30763,True,19.3932
4474,11896,2023-07-28,0.00197932,0.432386,True,41.9326
4474,11897,2023-07-29,0.00207792,0.502595,True,65.013
4474,11898,2023-07-30,0.00207497,0.207588,True,7.19243
4474,11899,2023-07-31,0.00206047,0.130577,True,0
4474,11900,2023-08-01,0,0.0701258,False,0
4474,11901,2023-08-02,0,0.0578539,False,0
4474,11902,2023-08-03,0.000354985,0.0583122,False,1.18999
4474,11903,2023-08-04,0.000344717,0.0637655,False,0.330673
4474,11904,2023-08-05,0.000591786,0.0806093,False,4.00993
4474,11905,2023-08-06,0.000556424,0.107195,False,0
4474,11906,2023-08-07,0,0.0741589,False,0.266168
4474,11907,2023-08-08,0,0.0424745,False,0
4474,11908,2023-08-09,0,0.0437622,False,0
4474,11909,2023-08-10,0,0.0438106,False,0
4474,11910,2023-08-11,0.000724188,0.129055,True,7.63409
4474,11911,2023-08-12,0.000806655,0.0682257,True,5.30539
4474,11912,2023-08-13,0.000798809,0.0585695,True,2.22459
4474,11913,2023-08-14,0.00135587,0.162164,True,36.0209
4474,11914,2023-08-15,0.00170885,0.244318,True,39.7908
4474,11915,2023-08-16,0.00164348,0.062647,True,0
4474,11916,2023-08-17,0,0.0396112,False,0
4474,11917,2023-08-18,0,0.0357503,False,0
4474,11918,2023-08-19,0,0.033765,False,0
4474,11919,2023-08-20,0,0.033787,False,0.143771
4474,11920,2023-08-21,0,0.0210368,False,0
4474,11921,2023-08-22,0,0.0142576,False,0
4474,11922,2023-08-23,0.000455729,0.031346,True,3.44256
4474,11923,2023-08-24,0.000820997,0.262551,True,12.2567
4474,11924,2023-08-25,0.0008297,0.0823655,True,3.48512
4474,11925,2023-08-26,0.000837556,0.0672007,True,3.02118
4474,11926,2023-08-27,0.000798479,0.0400233,True,0
4474,11927,2023-08-28,0,0.0162064,False,0
4474,11928,2023-08-29,0,0.0105228,False,0
4474,11929,2023-08-30,0,0.0100993,False,0
4474,11930,2023-08-31,0,0.00899276,False,0
4475,11853,2023-06-15,0.000271828,0.0245338,False,2.18923
4475,11854,2023-06-16,0.000294274,0.0342665,False,1.38213
4475,11855,2023-06-17,0.000280537,0.0277191,False,0
4475,11856,2023-06-18,0,0.0105974,False,0
4475,11857,2023-06-19,0,0.0128599,False,0.302079
4475,11858,2023-06-20,0,0.01066,False,0
4475,11859,2023-06-21,0,0.0135138,False,0.883678
4475,11860,2023-06-22,0,0.0139423,False,0.676626
4475,11861,2023-06-23,0,0.0107899,False,0
4475,11862,2023-06-24,0.000185574,0.0137353,False,1.14381
4475,11863,2023-06-25,0.000465267,0.0554543,True,9.15097
4475,11864,2023-06-26,0.0005043,0.0337089,True,4.23544
4475,11865,2023-06-27,0.000513286,0.0464658,True,2.57572
4475,11866,2023-06-28,0.0005726,0.041652,True,6.53358
4475,11867,2023-06-29,0.000558876,0.0366749,True,0.730808
4475,11868,2023-06-30,0.000570286,0.035546,True,2.82202
4475,11869,2023-07-01,0.000568484,0.0368772,True,1.46166
4475,11870,2023-07-02,0.000564014,0.0393072,False,1.04085
4475,11871,2023-07-03,0.000551429,0.0244352,False,0
4475,11872,2023-07-04,0.000602619,0.0383509,False,7.48406
4475,11873,2023-07-05,0.000592686,0.0306752,False,0.154579
4475,11874,2023-07-06,0.000686374,0.0812689,True,14.9832
4475,11875,2023-07-07,0.000724835,0.0473034,True,8.159
4475,11876,2023-07-08,0.000728486,0.0432541,True,2.51625
4475,11877,2023-07-09,0.000928402,0.131746,True,43.79
4475,11878,2023-07-10,0.00109848,0.239952,True,48.3002
4475,11879,2023-07-11,0.00119385,0.266219,True,33.7114
4475,11880,2023-07-12,0.0011912,0.0816006,True,3.66996
4475,11881,2023-07-13,0.00122509,0.202372,True,16.1145
4475,11882,2023-07-14,0.00121251,0.0598491,True,0.0518607
4475,11883,2023-07-15,0.00121218,0.0691506,True,4.20419
4475,11884,2023-07-16,0.00122369,0.0892793,True,8.48049
4475,11885,2023-07-17,0.00121537,0.058712,True,1.04483
4475,11886,2023-07-18,0.00120993,0.0707161,True,1.9552
4475,11887,2023-07-19,0.00122523,0.147559,True,9.89649
4475,11888,2023-07-20,0.0012514,0.168226,True,14.5267
4475,11889,2023-07-21,0.00125127,0.0623383,True,3.96696
4475,11890,2023-07-22,0.00128522,0.164949,True,18.4936
4475,11891,2023-07-23,0.00129048,0.0570823,True,6.40776
4475,11892,2023-07-24,0.00128189,0.0719244,True,0.193105
4475,11893,2023-07-25,0.00127965,0.0892879,True,2.90521
4475,11894,2023-07-26,0.00128536,0.0704695,True,6.45449
4475,11895,2023-07-27,0.00136427,0.255609,True,41.802
4475,11896,2023-07-28,0.00140717,0.293496,True,26.1779
4475,11897,2023-07-29,0.00140998,0.100906,True,5.92152
4475,11898,2023-07-30,0.00140658,0.0863855,True,2.57144
4475,11899,2023-07-31,0.00139857,0.0881743,True,0
4475,11900,2023-08-01,0,0.0489151,False,0
4475,11901,2023-08-02,0,0.0462533,False,0
4475,11902,2023-08-03,0,0.0481505,False,0.79514
4475,11903,2023-08-04,0,0.0465115,False,0.26126
4475,11904,2023-08-05,0.000467294,0.0741941,True,3.2593
4475,11905,2023-08-06,0.000402817,0.0622145,False,0
4475,11906,2023-08-07,0.000486684,0.100113,False,2.49289
4475,11907,2023-08-08,0.0004576,0.0489967,False,0
4475,11908,2023-08-09,0,0.026399,False,0
4475,11909,2023-08-10,0,0.0234427,False,0
4475,11910,2023-08-11,0.000392,0.0308373,True,3.304
4475,11911,2023-08-12,0.00040449,0.0631795,False,1.48011
4475,11912,2023-08-13,0.000377366,0.0538679,False,0.174881
4475,11913,2023-08-14,0.000519208,0.0666577,False,5.89826
4475,11914,2023-08-15,0.000604399,0.0625433,True,5.52136
4475,11915,2023-08-16,0.000581253,0.0462383,False,0
4475,11916,2023-08-17,0,0.0292379,False,0
4475,11917,2023-08-18,0,0.0221191,False,0.065427
4475,11918,2023-08-19,0,0.0211566,False,0
4475,11919,2023-08-20,0,0.0230471,False,0.113591
4475,11920,2023-08-21,0,0.0190673,False,0
4475,11921,2023-08-22,0,0.011529,False,0
4475,11922,2023-08-23,0.000252844,0.0160766,False,1.74977
4475,11923,2023-08-24,0.000520555,0.0702434,True,8.74994
4475,11924,2023-08-25,0.000588216,0.0404266,True,5.64628
4475,11925,2023-08-26,0.00060911,0.0317341,True,3.54909
4475,11926,2023-08-27,0.000580685,0.0286857,True,0
4475,11927,2023-08-28,0,0.0145038,False,0
4475,11928,2023-08-29,0,0.010049,False,0
4475,11929,2023-08-30,0,0.00983133,False,0
4475,11930,2023-08-31,0,0.00918663,False,0
4476,11853,2023-06-15,0.000168451,0.0338197,False,1.20845
4476,11854,2023-06-16,0.000172543,0.0390379,False,0.515016
4476,11855,2023-06-17,0,0.0283991,False,0
4476,11856,2023-06-18,0,0.0273549,False,0
4476,11857,2023-06-19,0.000267256,0.0422389,True,3.09361
4476,11858,2023-06-20,0.000283758,0.0840501,False,1.65687
4476,11859,2023-06-21,0.000262952,0.0652035,False,0.105952
4476,11860,2023-06-22,0,0.038526,False,0.0288661
4476,11861,2023-06-23,0,0.0358235,False,0
4476,11862,2023-06-24,0,0.0328303,False,0
4476,11863,2023-06-25,0,0.0665732,False,0.317527
4476,11864,2023-06-26,0,0.0644728,False,0.632295
4476,11865,2023-06-27,0,0.0529373,False,0.0264409
4476,11866,2023-06-28,0.000185556,0.0651234,False,1.61172
4476,11867,2023-06-29,0.000196505,0.0709478,False,0.850078
4476,11868,2023-06-30,0.000238895,0.0971549,False,1.93834
4476,11869,2023-07-01,0.000235515,0.0546002,False,0.450697
4476,11870,2023-07-02,0,0.0477325,False,0.608805
4476,11871,2023-07-03,0,0.0380667,False,0
4476,11872,2023-07-04,0,0.0398106,False,0.0577322
4476,11873,2023-07-05,0,0.0439015,False,0.164613
4476,11874,2023-07-06,0.000335957,0.102228,True,6.50348
4476,11875,2023-07-07,0.000339856,0.141012,True,2.53684
4476,11876,2023-07-08,0.000401244,0.08662,True,6.17369
4476,11877,2023-07-09,0.000634586,0.18401,True,29.1604
4476,11878,2023-07-10,0.000844942,0.377212,True,43.9049
4476,11879,2023-07-11,0.00102316,0.448553,True,53.6052
4476,11880,2023-07-12,0.00101779,0.185541,True,8.34026
4476,11881,2023-07-13,0.00103615,0.237124,True,15.0887
4476,11882,2023-07-14,0.00101099,0.103946,True,0.215794
4476,11883,2023-07-15,0.000993014,0.116008,True,1.57968
4476,11884,2023-07-16,0.000997532,0.140783,True,8.80876
4476,11885,2023-07-17,0.000980482,0.116886,True,0.50352
4476,11886,2023-07-18,0,0.0974679,False,0.0796626
4476,11887,2023-07-19,0.000281506,0.0952695,False,1.96985
4476,11888,2023-07-20,0.000407022,0.118214,True,3.74132
4476,11889,2023-07-21,0.00042704,0.127841,False,1.82722
4476,11890,2023-07-22,0.000504427,0.147064,False,4.51882
4476,11891,2023-07-23,0.000542891,0.130576,False,3.41916
4476,11892,2023-07-24,0.000547407,0.141181,False,1.58392
4476,11893,2023-07-25,0.000609961,0.137097,False,5.75577
4476,11894,2023-07-26,0.000619638,0.0828722,False,2.18069
4476,11895,2023-07-27,0.000664812,0.0838352,False,5.43683
4476,11896,2023-07-28,0.00070014,0.075535,False,5.03323
4476,11897,2023-07-29,0.000719921,0.0743521,False,3.7059
4476,11898,2023-07-30,0.000718879,0.0840708,False,1.41078
4476,11899,2023-07-31,0.000706661,0.0758497,False,0
4476,11900,2023-08-01,0,0.0476589,False,0
4476,11901,2023-08-02,0,0.0450629,False,0
4476,11902,2023-08-03,0,0.0587353,False,0.278559
4476,11903,2023-08-04,0,0.0451202,False,0.0693345
4476,11904,2023-08-05,0,0.0507727,False,0.743656
4476,11905,2023-08-06,0,0.0490927,False,0
4476,11906,2023-08-07,0,0.0485927,False,0.36343
4476,11907,2023-08-08,0,0.0391813,False,0
4476,11908,2023-08-09,0,0.0276044,False,0
4476,11909,2023-08-10,0,0.0211179,False,0
4476,11910,2023-08-11,0,0.0244188,False,0.778791
4476,11911,2023-08-12,0,0.0241059,False,0.248291
4476,11912,2023-08-13,0,0.0194959,False,0.0203517
4476,11913,2023-08-14,0.000404846,0.056297,True,7.30804
4476,11914,2023-08-15,0.00049546,0.0585449,True,7.72612
4476,11915,2023-08-16,0.000454245,0.0341529,True,0
4476,11916,2023-08-17,0,0.0297791,False,0
4476,11917,2023-08-18,0,0.0217495,False,0.21028
4476,11918,2023-08-19,0,0.0204585,False,0.143863
4476,11919,2023-08-20,0,0.0217155,False,0.0359657
4476,11920,2023-08-21,0,0.018539,False,0
4476,11921,2023-08-22,0,0.0150207,False,0
4476,11922,2023-08-23,0,0.0147508,False,0.0528818
4476,11923,2023-08-24,0.000263364,0.0322247,True,3.25621
4476,11924,2023-08-25,0.000273363,0.0465856,False,1.51623
4476,11925,2023-08-26,0.000261051,0.0398767,False,0.417856
4476,11926,2023-08-27,0,0.016923,False,0.0719314
4476,11927,2023-08-28,0,0.0152711,False,0
4476,11928,2023-08-29,0,0.0156311,False,0.287726
4476,11929,2023-08-30,0,0.0144654,False,0
4476,11930,2023-08-31,0,0.0126767,False,0
4477,11853,2023-06-15,0,0.0344211,False,0.446273
4477,11854,2023-06-16,0,0.0323576,False,0.163874
4477,11855,2023-06-17,0,0.0299347,False,0
4477,11856,2023-06-18,0,0.0285542,False,0
4477,11857,2023-06-19,0.000209071,0.0471082,False,2.07861
4477,11858,2023-06-20,0.000248339,0.109283,False,1.9423
4477,11859,2023-06-21,0.000231292,0.0834993,False,0.13252
4477,11860,2023-06-22,0,0.0428476,False,0.0202515
4477,11861,2023-06-23,0,0.0379442,False,0
4477,11862,2023-06-24,0,0.0382531,False,0.165649
4477,11863,2023-06-25,0,0.0795234,False,0.255896
4477,11864,2023-06-26,0,0.0758252,False,0.856333
4477,11865,2023-06-27,0,0.0660013,False,0.0612088
4477,11866,2023-06-28,0.000152832,0.0758865,False,1.1405
4477,11867,2023-06-29,0.00016369,0.0941811,False,0.642527
4477,11868,2023-06-30,0.000211294,0.136997,False,1.8222
4477,11869,2023-07-01,0.00020313,0.0702697,False,0.168781
4477,11870,2023-07-02,0,0.0718283,False,0.721329
4477,11871,2023-07-03,0,0.0595406,False,0.114498
4477,11872,2023-07-04,0,0.0826061,False,0.90188
4477,11873,2023-07-05,0,0.0581501,False,0.0812002
4477,11874,2023-07-06,0.00025982,0.147293,True,3.69495
4477,11875,2023-07-07,0.000269263,0.176008,False,1.70312
4477,11876,2023-07-08,0.000349315,0.150861,True,5.63052
4477,11877,2023-07-09,0.000490059,0.22217,True,14.104
4477,11878,2023-07-10,0.000679253,0.231724,True,29.1724
4477,11879,2023-07-11,0.000891638,0.516539,True,48.7426
4477,11880,2023-07-12,0.000903718,0.25314,True,10.3462
4477,11881,2023-07-13,0.000925152,0.271705,True,12.8246
4477,11882,2023-07-14,0.000902536,0.138327,True,0.1218
4477,11883,2023-07-15,0.000893256,0.151869,True,3.22022
4477,11884,2023-07-16,0.000903436,0.158489,True,8.75064
4477,11885,2023-07-17,0.000887198,0.138334,True,0.140597
4477,11886,2023-07-18,0,0.131646,False,0.0484636
4477,11887,2023-07-19,0.000236554,0.10398,False,1.48288
4477,11888,2023-07-20,0.000294025,0.114016,False,1.66641
4477,11889,2023-07-21,0.000325266,0.170146,False,1.48632
4477,11890,2023-07-22,0.000448917,0.179521,False,5.57828
4477,11891,2023-07-23,0.000460882,0.193393,False,1.68299
4477,11892,2023-07-24,0.000474881,0.172124,False,1.81487
4477,11893,2023-07-25,0.000547522,0.126936,False,5.96063
4477,11894,2023-07-26,0.00055808,0.0987373,False,2.02965
4477,11895,2023-07-27,0.000558437,0.108654,False,1.18691
4477,11896,2023-07-28,0.000569583,0.111917,False,2.08395
4477,11897,2023-07-29,0.000591662,0.0987796,False,3.19284
4477,11898,2023-07-30,0.000588866,0.100714,False,0.817456
4477,11899,2023-07-31,0,0.0718561,False,0
4477,11900,2023-08-01,0,0.0460098,False,0
4477,11901,2023-08-02,0,0.0442106,False,0
4477,11902,2023-08-03,0,0.046737,False,0.188906
4477,11903,2023-08-04,0,0.0436759,False,0.0864949
4477,11904,2023-08-05,0,0.0487954,False,0.148538
4477,11905,2023-08-06,0,0.0582656,False,0
4477,11906,2023-08-07,0,0.0539479,False,0.218871
4477,11907,2023-08-08,0,0.0394278,False,0
4477,11908,2023-08-09,0,0.0348165,False,0
4477,11909,2023-08-10,0,0.0235114,False,0
4477,11910,2023-08-11,0,0.022483,False,0.117516
4477,11911,2023-08-12,0,0.0222382,False,0
4477,11912,2023-08-13,0,0.0191149,False,0
4477,11913,2023-08-14,0.000363662,0.0583171,True,5.97321
4477,11914,2023-08-15,0.000463225,0.0659816,True,7.36942
4477,11915,2023-08-16,0.00042469,0.0419472,True,0
4477,11916,2023-08-17,0,0.0368328,False,0
4477,11917,2023-08-18,0.000165985,0.0293289,False,1.18024
4477,11918,2023-08-19,0.000145423,0.0262095,False,0.0401706
4477,11919,2023-08-20,0,0.0254582,False,0.0100426
4477,11920,2023-08-21,0,0.0210031,False,0
4477,11921,2023-08-22,0,0.016828,False,0
4477,11922,2023-08-23,0,0.016624,False,0
4477,11923,2023-08-24,0,0.0199155,False,0.986516
4477,11924,2023-08-25,0,0.0218596,False,0.439204
4477,11925,2023-08-26,0,0.0180882,False,0.140794
4477,11926,2023-08-27,0,0.0180915,False,0.0200853
4477,11927,2023-08-28,0,0.0152894,False,0
4477,11928,2023-08-29,0,0.0146835,False,0.1624
4477,11929,2023-08-30,0,0.0147092,False,0
4477,11930,2023-08-31,0,0.0142049,False,0
4478,11853,2023-06-15,0,0.0366741,False,0.823305
4478,11854,2023-06-16,0,0.0377163,False,0.253606
4478,11855,2023-06-17,0,0.0290056,False,0
4478,11856,2023-06-18,0,0.0358667,False,0.495953
4478,11857,2023-06-19,0.000247065,0.0787776,True,2.87435
4478,11858,2023-06-20,0.000283503,0.0991195,False,2.30435
4478,11859,2023-06-21,0.00027611,0.0877017,False,0.685949
4478,11860,2023-06-22,0,0.0414309,False,0
4478,11861,2023-06-23,0,0.0382814,False,0
4478,11862,2023-06-24,0,0.0474988,False,0.233753
4478,11863,2023-06-25,0.000181778,0.0946419,False,1.54359
4478,11864,2023-06-26,0.000216061,0.109286,False,1.44639
4478,11865,2023-06-27,0.000204127,0.0963332,False,0.190751
4478,11866,2023-06-28,0.000226615,0.0872135,False,1.29656
4478,11867,2023-06-29,0.000233861,0.104317,False,0.793455
4478,11868,2023-06-30,0.000273914,0.177367,False,2.63739
4478,11869,2023-07-01,0.000294821,0.151332,False,1.93947
4478,11870,2023-07-02,0.000314725,0.169917,False,2.10035
4478,11871,2023-07-03,0.000306883,0.137352,False,0
4478,11872,2023-07-04,0.000324465,0.180924,False,2.08867
4478,11873,2023-07-05,0.000318339,0.0791327,False,0.0392652
4478,11874,2023-07-06,0.000332236,0.21886,False,1.89495
4478,11875,2023-07-07,0.000334049,0.109663,False,0.760074
4478,11876,2023-07-08,0.000358831,0.160708,False,3.29885
4478,11877,2023-07-09,0.000461426,0.147485,False,14.6177
4478,11878,2023-07-10,0.000571214,0.118462,False,20.6675
4478,11879,2023-07-11,0.000710926,0.219549,True,33.8273
4478,11880,2023-07-12,0.000734952,0.0951974,True,8.74964
4478,11881,2023-07-13,0.000762847,0.123488,True,10.3537
4478,11882,2023-07-14,0.000754713,0.0596828,True,0.0588977
4478,11883,2023-07-15,0.000757538,0.0617179,True,3.20969
4478,11884,2023-07-16,0.000790535,0.12907,True,12.7551
4478,11885,2023-07-17,0.000788369,0.08448,True,1.74559
4478,11886,2023-07-18,0.000784569,0.080399,True,1.11593
4478,11887,2023-07-19,0.000796987,0.0813241,True,6.56275
4478,11888,2023-07-20,0.00079907,0.0826425,True,3.06479
4478,11889,2023-07-21,0.000798617,0.0876052,True,2.13247
4478,11890,2023-07-22,0.000808742,0.0781062,True,5.95421
4478,11891,2023-07-23,0.000811863,0.0841072,True,3.42957
4478,11892,2023-07-24,0.000822592,0.0727121,True,6.35721
4478,11893,2023-07-25,0.000836442,0.080821,True,7.73955
4478,11894,2023-07-26,0.00084219,0.0454193,True,4.6272
4478,11895,2023-07-27,0.000844718,0.041448,True,3.32934
4478,11896,2023-07-28,0.00084595,0.0430211,True,2.77546
4478,11897,2023-07-29,0.000858856,0.0516593,True,7.77894
4478,11898,2023-07-30,0.000855717,0.0489584,True,0.88508
4478,11899,2023-07-31,0,0.0495851,False,0.409221
4478,11900,2023-08-01,0,0.0305682,False,0
4478,11901,2023-08-02,0,0.0295678,False,0
4478,11902,2023-08-03,0.000386999,0.0476371,True,3.8876
4478,11903,2023-08-04,0.000333597,0.063884,False,0
4478,11904,2023-08-05,0,0.0589533,False,0.301102
4478,11905,2023-08-06,0.000292567,0.0471806,False,2.18481
4478,11906,2023-08-07,0.000299079,0.0850798,False,0.918435
4478,11907,2023-08-08,0,0.0540192,False,0.297928
4478,11908,2023-08-09,0,0.0282217,False,0.613831
4478,11909,2023-08-10,0,0.029034,False,0.20461
4478,11910,2023-08-11,0,0.0246235,False,0.547789
4478,11911,2023-08-12,0,0.028618,False,0
4478,11912,2023-08-13,0,0.0293433,False,0.516663
4478,11913,2023-08-14,0.000462687,0.0630283,True,7.96105
4478,11914,2023-08-15,0.000541279,0.0447473,True,6.96501
4478,11915,2023-08-16,0.000496255,0.0381136,True,0
4478,11916,2023-08-17,0,0.028675,False,0
4478,11917,2023-08-18,0,0.0331665,False,0.609562
4478,11918,2023-08-19,0,0.0359097,False,0.400639
4478,11919,2023-08-20,0,0.0309779,False,0.17646
4478,11920,2023-08-21,0,0.0271341,False,0
4478,11921,2023-08-22,0,0.0189428,False,0
4478,11922,2023-08-23,0,0.0210451,False,0.495953
4478,11923,2023-08-24,0.000179431,0.0236253,False,1.32874
4478,11924,2023-08-25,0.000180938,0.0240007,False,0.506267
4478,11925,2023-08-26,0.000346581,0.0520091,False,6.52451
4478,11926,2023-08-27,0.000326769,0.0466024,False,0.0477185
4478,11927,2023-08-28,0,0.031749,False,0.396108
4478,11928,2023-08-29,0,0.0183388,False,0.0785303
4478,11929,2023-08-30,0,0.0183387,False,0
4478,11930,2023-08-31,0,0.0165772,False,0
4479,11853,2023-06-15,0.000306127,0.0498894,False,2.74409
4479,11854,2023-06-16,0.000286756,0.0597657,False,0.196188
4479,11855,2023-06-17,0,0.025471,False,0
4479,11856,2023-06-18,0.000298316,0.0386403,True,2.95834
4479,11857,2023-06-19,0.000369455,0.0703028,True,3.27814
4479,11858,2023-06-20,0.000412313,0.058867,True,3.11079
4479,11859,2023-06-21,0.000429455,0.0715767,False,2.19212
4479,11860,2023-06-22,0.00040941,0.059587,False,0
4479,11861,2023-06-23,0,0.0354594,False,0
4479,11862,2023-06-24,0,0.0334867,False,0
4479,11863,2023-06-25,0.000366997,0.0766878,True,4.62579
4479,11864,2023-06-26,0.000426913,0.0968788,True,3.94633
4479,11865,2023-06-27,0.000415831,0.118469,True,1.13782
4479,11866,2023-06-28,0.000419427,0.109692,False,1.5102
4479,11867,2023-06-29,0.000409915,0.0987267,False,0.58907
4479,11868,2023-06-30,0.000447969,0.0853363,False,3.5542
4479,11869,2023-07-01,0.000482631,0.0847773,False,3.80686
4479,11870,2023-07-02,0.000526324,0.0938644,False,5.13346
4479,11871,2023-07-03,0.000513212,0.0619708,False,0
4479,11872,2023-07-04,0.000521484,0.0940593,False,2.00756
4479,11873,2023-07-05,0.000515995,0.0759086,False,0.538023
4479,11874,2023-07-06,0.000525826,0.108016,False,2.15526
4479,11875,2023-07-07,0.000521624,0.0779167,False,0.549762
4479,11876,2023-07-08,0.000533555,0.123009,False,2.43672
4479,11877,2023-07-09,0.000633499,0.158236,False,14.9706
4479,11878,2023-07-10,0.000747102,0.12363,True,20.8937
4479,11879,2023-07-11,0.000897489,0.20418,True,33.8158
4479,11880,2023-07-12,0.000926916,0.138639,True,9.7572
4479,11881,2023-07-13,0.000958452,0.151795,True,10.8279
4479,11882,2023-07-14,0.000950008,0.108177,True,0.538023
4479,11883,2023-07-15,0.000956317,0.0989914,True,4.39228
4479,11884,2023-07-16,0.00100583,0.15949,True,16.8586
4479,11885,2023-07-17,0.00102477,0.09264,True,8.60441
4479,11886,2023-07-18,0.00103593,0.0892879,True,6.39818
4479,11887,2023-07-19,0.00107797,0.143707,True,16.716
4479,11888,2023-07-20,0.00109386,0.0904153,True,8.53894
4479,11889,2023-07-21,0.00109841,0.0866271,True,4.70098
4479,11890,2023-07-22,0.00112416,0.17364,True,12.4441
4479,11891,2023-07-23,0.0011437,0.156177,True,10.5332
4479,11892,2023-07-24,0.00116447,0.171057,True,11.3159
4479,11893,2023-07-25,0.00118119,0.14476,True,10.0065
4479,11894,2023-07-26,0.00119127,0.105999,True,7.46374
4479,11895,2023-07-27,0.00120158,0.105453,True,7.66119
4479,11896,2023-07-28,0.00120118,0.100414,True,3.11918
4479,11897,2023-07-29,0.00122001,0.173986,True,11.5325
4479,11898,2023-07-30,0.00121428,0.0997857,True,0.717778
4479,11899,2023-07-31,0,0.112079,False,0.56131
4479,11900,2023-08-01,0,0.0798011,False,0
4479,11901,2023-08-02,0,0.075348,False,0
4479,11902,2023-08-03,0.000553058,0.0765322,True,5.33244
4479,11903,2023-08-04,0.000476753,0.0737892,False,0
4479,11904,2023-08-05,0.000491073,0.103164,False,1.4443
4479,11905,2023-08-06,0.000557485,0.105957,False,3.21181
4479,11906,2023-08-07,0.000552777,0.122853,False,0.841965
4479,11907,2023-08-08,0,0.084223,False,0.437975
4479,11908,2023-08-09,0,0.0505912,False,0.841965
4479,11909,2023-08-10,0,0.0464681,False,0.757031
4479,11910,2023-08-11,0.00026627,0.0463143,False,1.43137
4479,11911,2023-08-12,0.000229524,0.0416058,False,0
4479,11912,2023-08-13,0,0.0400464,False,0.860381
4479,11913,2023-08-14,0.000749132,0.207294,True,12.8267
4479,11914,2023-08-15,0.000783473,0.0800614,True,6.26829
4479,11915,2023-08-16,0.000718317,0.0666247,True,0
4479,11916,2023-08-17,0,0.0491831,False,0
4479,11917,2023-08-18,0,0.051453,False,0.779171
4479,11918,2023-08-19,0.000276975,0.0433402,False,1.87324
4479,11919,2023-08-20,0.000290082,0.0665011,False,0.923439
4479,11920,2023-08-21,0,0.030027,False,0
4479,11921,2023-08-22,0,0.0216964,False,0
4479,11922,2023-08-23,0.000322203,0.0320723,True,2.95834
4479,11923,2023-08-24,0.000416872,0.0653322,True,3.86544
4479,11924,2023-08-25,0.000407196,0.0657037,False,0.950699
4479,11925,2023-08-26,0.000581626,0.138877,True,10.6114
4479,11926,2023-08-27,0.000554868,0.0537,True,0.0263592
4479,11927,2023-08-28,0,0.039303,False,0.659626
4479,11928,2023-08-29,0,0.0251303,False,0.986375
4479,11929,2023-08-30,0,0.0224643,False,0
4479,11930,2023-08-31,0,0.0211695,False,0
4487,11853,2023-06-15,0.000518555,0.020525,False,1.34253
4487,11854,2023-06-16,0.00047542,0.0151723,False,0
4487,11855,2023-06-17,0,0.0071638,False,0
4487,11856,2023-06-18,0,0.00670927,False,0
4487,11857,2023-06-19,0.000370199,0.0103302,False,1.23479
4487,11858,2023-06-20,0.000319115,0.00957386,False,0
4487,11859,2023-06-21,0,0.00698738,False,0
4487,11860,2023-06-22,0.00118727,0.0306022,True,13.5073
4487,11861,2023-06-23,0.0010392,0.0211529,True,0.428661
4487,11862,2023-06-24,0,0.0132193,False,0.107403
4487,11863,2023-06-25,0,0.0155339,False,0.49759
4487,11864,2023-06-26,0.000662608,0.0234511,True,4.58862
4487,11865,2023-06-27,0.000598398,0.0289924,False,0.461195
4487,11866,2023-06-28,0,0.0181008,False,0.196124
4487,11867,2023-06-29,0.000686587,0.0230121,True,4.77545
4487,11868,2023-06-30,0.000689753,0.020449,True,1.76869
4487,11869,2023-07-01,0.000664718,0.0203763,False,0.707475
4487,11870,2023-07-02,0,0.00994061,False,0.0951799
4487,11871,2023-07-03,0.000421753,0.0116467,False,1.88011
4487,11872,2023-07-04,0.000937214,0.0264056,True,11.328
4487,11873,2023-07-05,0.00128489,0.0274517,True,17.0412
4487,11874,2023-07-06,0.00134207,0.0201037,True,7.31304
4487,11875,2023-07-07,0.00136399,0.0229398,True,5.28999
4487,11876,2023-07-08,0.00134103,0.0272019,True,1.99127
4487,11877,2023-07-09,0.00176312,0.0675405,True,39.5097
4487,11878,2023-07-10,0.00205669,0.147067,True,38.5453
4487,11879,2023-07-11,0.00201638,0.0549502,True,1.37566
4487,11880,2023-07-12,0.00197146,0.033497,True,0
4487,11881,2023-07-13,0.00200027,0.0445111,True,9.26867
4487,11882,2023-07-14,0.00196345,0.0330223,True,0.00793166
4487,11883,2023-07-15,0.00195971,0.0359686,True,4.25525
4487,11884,2023-07-16,0.001944,0.0380393,True,2.23392
4487,11885,2023-07-17,0.00191836,0.0354525,True,0.427365
4487,11886,2023-07-18,0,0.0204738,False,0.0268672
4487,11887,2023-07-19,0.00100318,0.0402666,True,5.96249
4487,11888,2023-07-20,0.000864824,0.0353823,True,0
4487,11889,2023-07-21,0.00138328,0.0497375,True,12.7963
4487,11890,2023-07-22,0.00161812,0.0526924,True,10.6592
4487,11891,2023-07-23,0.00170567,0.0450699,True,6.76467
4487,11892,2023-07-24,0.0018431,0.0446404,True,9.81929
4487,11893,2023-07-25,0.00187466,0.0238403,True,4.98855
4487,11894,2023-07-26,0.00188349,0.0228647,True,3.61859
4487,11895,2023-07-27,0.00185136,0.0255502,True,0.90689
4487,11896,2023-07-28,0,0.014807,False,0.00475899
4487,11897,2023-07-29,0.000639237,0.0138206,False,2.11469
4487,11898,2023-07-30,0.000621158,0.0153244,False,0.591266
4487,11899,2023-07-31,0,0.0107471,False,0
4487,11900,2023-08-01,0.00100659,0.0220509,True,5.45989
4487,11901,2023-08-02,0.000869654,0.0179008,False,0.0244405
4487,11902,2023-08-03,0.00126987,0.0275149,True,8.81728
4487,11903,2023-08-04,0.00129518,0.0234413,True,2.60768
4487,11904,2023-08-05,0.00172869,0.0462195,True,16.9138
4487,11905,2023-08-06,0.00166256,0.0194357,True,0
4487,11906,2023-08-07,0.00181095,0.0414454,True,9.35402
4487,11907,2023-08-08,0.00183435,0.0303449,True,3.84672
4487,11908,2023-08-09,0.00198084,0.0638597,True,11.006
4487,11909,2023-08-10,0.00194605,0.0291314,True,0.578612
4487,11910,2023-08-11,0.00223614,0.0893061,True,22.792
4487,11911,2023-08-12,0.00227408,0.0382553,True,6.16955
4487,11912,2023-08-13,0.00227232,0.0392699,True,3.00035
4487,11913,2023-08-14,0.00237879,0.104177,True,12.2761
4487,11914,2023-08-15,0.00248084,0.11932,True,12.7712
4487,11915,2023-08-16,0.00248151,0.0775519,True,3.40305
4487,11916,2023-08-17,0.00247974,0.0826849,True,3.04484
4487,11917,2023-08-18,0.00245093,0.0653073,True,0.134215
4487,11918,2023-08-19,0,0.0313286,False,0
4487,11919,2023-08-20,0,0.0188603,False,0
4487,11920,2023-08-21,0,0.0182582,False,0
4487,11921,2023-08-22,0.00129165,0.0954822,True,10.6753
4487,11922,2023-08-23,0.00235266,0.217628,True,39.1938
4487,11923,2023-08-24,0.00215798,0.0679764,True,0.0332387
4487,11924,2023-08-25,0.00209731,0.0758094,True,3.51352
4487,11925,2023-08-26,0.00199957,0.0413764,True,0
4487,11926,2023-08-27,0,0.0273655,False,0
4487,11927,2023-08-28,0,0.0203829,False,0
4487,11928,2023-08-29,0,0.0194522,False,0.725185
4487,11929,2023-08-30,0,0.0145385,False,0
4487,11930,2023-08-31,0,0.0140576,False,0
4488,11853,2023-06-15,0.000772064,0.0156174,True,0.0659545
4488,11854,2023-06-16,0,0.0121679,False,0
4488,11855,2023-06-17,0,0.00854365,False,0
4488,11856,2023-06-18,0,0.00889124,False,0
4488,11857,2023-06-19,0,0.00866046,False,0
4488,11858,2023-06-20,0,0.00897579,False,0
4488,11859,2023-06-21,0,0.0070996,False,0
4488,11860,2023-06-22,0.000436175,0.00997271,True,2.67512
4488,11861,2023-06-23,0.00130005,0.0497811,True,31.7337
4488,11862,2023-06-24,0.00157426,0.103243,True,26.6235
4488,11863,2023-06-25,0.00168237,0.0951828,True,18.4162
4488,11864,2023-06-26,0.0016843,0.0405887,True,8.42141
4488,11865,2023-06-27,0.00163296,0.0401719,True,1.4706
4488,11866,2023-06-28,0.00158834,0.0440075,True,0.976126
4488,11867,2023-06-29,0,0.020027,False,0
4488,11868,2023-06-30,0,0.0164039,False,0.421132
4488,11869,2023-07-01,0,0.0154477,False,0.322269
4488,11870,2023-07-02,0.000458491,0.0186775,True,2.77754
4488,11871,2023-07-03,0.000538076,0.0264655,False,2.46415
4488,11872,2023-07-04,0.00113167,0.0646925,True,23.7274
4488,11873,2023-07-05,0.00115411,0.0394004,True,5.27443
4488,11874,2023-07-06,0.0015021,0.194317,True,30.7835
4488,11875,2023-07-07,0.00150793,0.0744614,True,6.00813
4488,11876,2023-07-08,0.00149359,0.0575585,True,3.51284
4488,11877,2023-07-09,0.00245453,0.360401,True,145.607
4488,11878,2023-07-10,0.00287323,0.406885,True,100.757
4488,11879,2023-07-11,0.00284416,0.128052,True,8.28024
4488,11880,2023-07-12,0.00278984,0.101929,True,0.735658
4488,11881,2023-07-13,0.00278394,0.0823105,True,11.4108
4488,11882,2023-07-14,0.0027531,0.0547075,True,4.22782
4488,11883,2023-07-15,0.0027803,0.103951,True,18.7935
4488,11884,2023-07-16,0.00280224,0.0928816,True,17.3925
4488,11885,2023-07-17,0.0027666,0.0552046,True,0.782266
4488,11886,2023-07-18,0.00273928,0.0632848,True,2.4012
4488,11887,2023-07-19,0.00274361,0.097428,True,11.1135
4488,11888,2023-07-20,0.00271304,0.0606704,True,0.286711
4488,11889,2023-07-21,0,0.0422021,False,0
4488,11890,2023-07-22,0.00172554,0.0890209,True,18.0394
4488,11891,2023-07-23,0.00193333,0.0643792,True,12.9156
4488,11892,2023-07-24,0.00177962,0.0405937,True,0.248894
4488,11893,2023-07-25,0.00174605,0.0470197,True,2.85654
4488,11894,2023-07-26,0.00170793,0.0393343,True,1.84983
4488,11895,2023-07-27,0.0016428,0.0335758,True,0.00917153
4488,11896,2023-07-28,0.00165949,0.0332661,True,3.33571
4488,11897,2023-07-29,0.00164879,0.0340955,True,1.82921
4488,11898,2023-07-30,0.00162541,0.0300236,True,0.9348
4488,11899,2023-07-31,0,0.0148537,False,0
4488,11900,2023-08-01,0.000903979,0.0278655,True,5.15123
4488,11901,2023-08-02,0.000782197,0.0231276,False,0.0395727
4488,11902,2023-08-03,0.00122943,0.052259,True,10.5606
4488,11903,2023-08-04,0.00125081,0.0247552,True,2.77685
4488,11904,2023-08-05,0.00123897,0.0286854,True,1.51892
4488,11905,2023-08-06,0.00119155,0.0310755,True,0
4488,11906,2023-08-07,0.00183264,0.114666,True,32.0487
4488,11907,2023-08-08,0.00184128,0.0226787,True,3.69738
4488,11908,2023-08-09,0.00194614,0.0594303,True,10.0821
4488,11909,2023-08-10,0.0025103,0.343252,True,50.7651
4488,11910,2023-08-11,0.00358334,0.418269,True,136.908
4488,11911,2023-08-12,0.00376411,0.358522,True,38.1006
4488,11912,2023-08-13,0.00416013,0.450731,True,79.8225
4488,11913,2023-08-14,0.0046627,0.46415,True,114.343
4488,11914,2023-08-15,0.00487137,0.551217,True,62.4474
4488,11915,2023-08-16,0.00481574,0.110652,True,2.58878
4488,11916,2023-08-17,0.00478437,0.0873062,True,7.33063
4488,11917,2023-08-18,0.00474095,0.0576035,True,3.55813
4488,11918,2023-08-19,0.0046866,0.0611212,True,0
4488,11919,2023-08-20,0,0.038268,False,0
4488,11920,2023-08-21,0,0.0299125,False,0
4488,11921,2023-08-22,0.00306303,0.217857,True,51.2496
4488,11922,2023-08-23,0.00463043,0.480276,True,112.08
4488,11923,2023-08-24,0.00431894,0.0820058,True,5.79222
4488,11924,2023-08-25,0.00457208,0.322766,True,46.8549
4488,11925,2023-08-26,0.00435952,0.0418831,True,0
4488,11926,2023-08-27,0,0.0283548,False,0
4488,11927,2023-08-28,0,0.0225799,False,0
4488,11928,2023-08-29,0,0.024626,False,0.237436
4488,11929,2023-08-30,0,0.0191497,False,0
4488,11930,2023-08-31,0,0.0200417,False,0
4489,11853,2023-06-15,0.000339414,0.0191717,False,1.49609
4489,11854,2023-06-16,0.000311176,0.0126716,False,0
4489,11855,2023-06-17,0,0.0076581,False,0
4489,11856,2023-06-18,0,0.00694598,False,0
4489,11857,2023-06-19,0.000623423,0.0437713,True,10.073
4489,11858,2023-06-20,0.000537415,0.0179333,True,0
4489,11859,2023-06-21,0,0.0140378,False,0
4489,11860,2023-06-22,0.000696687,0.0403846,True,12.1053
4489,11861,2023-06-23,0.00126975,0.102794,True,44.459
4489,11862,2023-06-24,0.00165269,0.358987,True,59.8596
4489,11863,2023-06-25,0.00190573,0.372572,True,60.8505
4489,11864,2023-06-26,0.00184347,0.0869,True,5.38255
4489,11865,2023-06-27,0.00177638,0.0591274,True,0.728756
4489,11866,2023-06-28,0.0017242,0.0492169,True,1.19942
4489,11867,2023-06-29,0.00168293,0.0534867,True,1.65729
4489,11868,2023-06-30,0.00168088,0.05243,True,9.43671
4489,11869,2023-07-01,0.00164428,0.0325908,True,0.212266
4489,11870,2023-07-02,0,0.0338667,False,0.663331
4489,11871,2023-07-03,0,0.0184138,False,0
4489,11872,2023-07-04,0.000649283,0.038876,True,7.16188
4489,11873,2023-07-05,0.000668936,0.0411346,True,3.1756
4489,11874,2023-07-06,0.00082848,0.0601539,True,8.86354
4489,11875,2023-07-07,0.00126653,0.122933,True,33.0451
4489,11876,2023-07-08,0.00123758,0.0482977,True,2.71997
4489,11877,2023-07-09,0.00208507,0.42317,True,119.561
4489,11878,2023-07-10,0.00255308,0.390013,True,109.092
4489,11879,2023-07-11,0.00256962,0.244291,True,21.2337
4489,11880,2023-07-12,0.00252326,0.107197,True,4.41416
4489,11881,2023-07-13,0.0025411,0.118623,True,19.4482
4489,11882,2023-07-14,0.00252582,0.0745497,True,9.86952
4489,11883,2023-07-15,0.00258757,0.195708,True,31.2146
4489,11884,2023-07-16,0.00264298,0.265356,True,30.3968
4489,11885,2023-07-17,0.00261321,0.0790648,True,3.74291
4489,11886,2023-07-18,0.00261063,0.0931107,True,11.6286
4489,11887,2023-07-19,0.00261321,0.0859778,True,12.8679
4489,11888,2023-07-20,0.00258168,0.0485697,True,0.721866
4489,11889,2023-07-21,0,0.025832,False,0
4489,11890,2023-07-22,0.00155956,0.0746161,True,20.5532
4489,11891,2023-07-23,0.00139797,0.032531,True,1.71694
4489,11892,2023-07-24,0.00143464,0.043072,True,5.81851
4489,11893,2023-07-25,0.00162792,0.0600568,True,13.2843
4489,11894,2023-07-26,0.00155202,0.0301502,True,0
4489,11895,2023-07-27,0.00169746,0.0622366,True,12.5528
4489,11896,2023-07-28,0.00247019,0.389357,True,71.164
4489,11897,2023-07-29,0.00273806,0.275022,True,38.978
4489,11898,2023-07-30,0.00283234,0.15855,True,21.2462
4489,11899,2023-07-31,0.00276928,0.0356816,True,0
4489,11900,2023-08-01,0,0.0253907,False,0.779271
4489,11901,2023-08-02,0,0.0215008,False,0.0524089
4489,11902,2023-08-03,0.000358293,0.0228159,False,1.00751
4489,11903,2023-08-04,0.000804291,0.0425892,True,6.21827
4489,11904,2023-08-05,0.00120849,0.057658,True,12.7588
4489,11905,2023-08-06,0.00114668,0.0381776,True,0.377321
4489,11906,2023-08-07,0.00158751,0.0897828,True,23.5514
4489,11907,2023-08-08,0.00164324,0.0424356,True,7.18266
4489,11908,2023-08-09,0.00159917,0.0369985,True,0.613815
4489,11909,2023-08-10,0.00166982,0.0510847,True,8.24627
4489,11910,2023-08-11,0.00230717,0.302595,True,63.0254
4489,11911,2023-08-12,0.00288358,0.445252,True,81.0971
4489,11912,2023-08-13,0.00355904,0.429493,True,124.547
4489,11913,2023-08-14,0.00424647,0.576162,True,163.156
4489,11914,2023-08-15,0.00444222,0.545551,True,67.3872
4489,11915,2023-08-16,0.00437936,0.103181,True,1.80466
4489,11916,2023-08-17,0.0043234,0.0534979,True,2.16039
4489,11917,2023-08-18,0.00428265,0.0520785,True,5.02739
4489,11918,2023-08-19,0.00423516,0.0624036,True,2.10083
4489,11919,2023-08-20,0.00418594,0.0499424,True,0.596749
4489,11920,2023-08-21,0.00414802,0.0424735,True,2.88397
4489,11921,2023-08-22,0.00423232,0.139391,True,38.03
4489,11922,2023-08-23,0.00430796,0.198088,True,36.6068
4489,11923,2023-08-24,0.00436376,0.260606,True,31.2736
4489,11924,2023-08-25,0.00437913,0.183932,True,18.5038
4489,11925,2023-08-26,0.00434468,0.045789,True,1.7087
4489,11926,2023-08-27,0.004307,0.0400056,True,0
4489,11927,2023-08-28,0,0.0228218,False,0
4489,11928,2023-08-29,0,0.0191947,False,0
4489,11929,2023-08-30,0,0.0207152,False,0
4489,11930,2023-08-31,0,0.0192283,False,0
4490,11853,2023-06-15,0.000582635,0.0910067,True,13.0955
4490,11854,2023-06-16,0.000535539,0.0273668,True,0.0826957
4490,11855,2023-06-17,0,0.0210681,False,0
4490,11856,2023-06-18,0,0.0149949,False,0
4490,11857,2023-06-19,0.000218898,0.0195444,False,1.46473
4490,11858,2023-06-20,0.000188688,0.016489,False,0
4490,11859,2023-06-21,0,0.0143962,False,0.082823
4490,11860,2023-06-22,0.000538182,0.0661456,True,9.28096
4490,11861,2023-06-23,0.000630453,0.049814,True,8.16894
4490,11862,2023-06-24,0.00120093,0.347492,True,61.2078
4490,11863,2023-06-25,0.00151927,0.419864,True,66.2889
4490,11864,2023-06-26,0.00166897,0.281844,True,49.1602
4490,11865,2023-06-27,0.00162154,0.0633256,True,4.11292
4490,11866,2023-06-28,0.00157233,0.0532127,True,0.885379
4490,11867,2023-06-29,0,0.0338393,False,0.333611
4490,11868,2023-06-30,0.000325585,0.0292283,True,2.50209
4490,11869,2023-07-01,0.000661653,0.0502912,True,12.1177
4490,11870,2023-07-02,0.000606622,0.0267713,True,0
4490,11871,2023-07-03,0.00062762,0.0269933,True,3.18147
4490,11872,2023-07-04,0.000641042,0.0415963,True,2.71497
4490,11873,2023-07-05,0.00063404,0.0498523,True,1.22026
4490,11874,2023-07-06,0.00075916,0.062166,True,11.9722
4490,11875,2023-07-07,0.000836178,0.0633229,True,9.91468
4490,11876,2023-07-08,0.000818639,0.0530078,True,0.362764
4490,11877,2023-07-09,0.00135405,0.315552,True,85.9115
4490,11878,2023-07-10,0.00178,0.294721,True,108.127
4490,11879,2023-07-11,0.00189313,0.322219,True,42.8061
4490,11880,2023-07-12,0.001861,0.0655145,True,0
4490,11881,2023-07-13,0.00186482,0.0790335,True,10.5568
4490,11882,2023-07-14,0.00185592,0.0467344,True,6.05399
4490,11883,2023-07-15,0.00188569,0.0984851,True,18.7886
4490,11884,2023-07-16,0.00190029,0.078769,True,13.7727
4490,11885,2023-07-17,0.00190825,0.0685517,True,11.3514
4490,11886,2023-07-18,0.00191579,0.068883,True,11.0876
4490,11887,2023-07-19,0.00190923,0.0456215,True,5.52153
4490,11888,2023-07-20,0.00188986,0.036214,True,0.176844
4490,11889,2023-07-21,0,0.0247141,False,0
4490,11890,2023-07-22,0.000886467,0.0598263,True,11.5978
4490,11891,2023-07-23,0.000891971,0.0280979,True,4.34763
4490,11892,2023-07-24,0.000821417,0.0303047,True,0.14557
4490,11893,2023-07-25,0.000850533,0.0385669,True,3.53439
4490,11894,2023-07-26,0.000824011,0.0291267,True,0.661565
4490,11895,2023-07-27,0.000906789,0.0362589,True,6.48838
4490,11896,2023-07-28,0.00145376,0.235295,True,48.9927
4490,11897,2023-07-29,0.00156662,0.14554,True,17.9788
4490,11898,2023-07-30,0.0016707,0.185032,True,18.9929
4490,11899,2023-07-31,0.00163346,0.0293029,True,0
4490,11900,2023-08-01,0.00161999,0.0308401,True,2.8502
4490,11901,2023-08-02,0.0015905,0.0267216,True,0.0570625
4490,11902,2023-08-03,0.00177228,0.145605,True,34.0879
4490,11903,2023-08-04,0.00180274,0.0678559,True,10.5025
4490,11904,2023-08-05,0.00186869,0.115684,True,17.6485
4490,11905,2023-08-06,0.00184914,0.0342657,True,1.20876
4490,11906,2023-08-07,0.00187746,0.0701038,True,10.7056
4490,11907,2023-08-08,0.00189753,0.0703628,True,9.15667
4490,11908,2023-08-09,0.00187571,0.0472226,True,0
4490,11909,2023-08-10,0.00197912,0.121118,True,28.3571
4490,11910,2023-08-11,0.00218481,0.409065,True,57.4614
4490,11911,2023-08-12,0.00243393,0.419262,True,78.3954
4490,11912,2023-08-13,0.00272534,0.425436,True,104.488
4490,11913,2023-08-14,0.00306786,0.494137,True,140.712
4490,11914,2023-08-15,0.00314938,0.497712,True,45.4993
4490,11915,2023-08-16,0.00313056,0.0861075,True,3.22513
4490,11916,2023-08-17,0.00310599,0.04717,True,0.248469
4490,11917,2023-08-18,0,0.0357051,False,0.414115
4490,11918,2023-08-19,0.000716498,0.0461751,True,6.58427
4490,11919,2023-08-20,0.000617657,0.0384363,True,0
4490,11920,2023-08-21,0,0.0302343,False,0
4490,11921,2023-08-22,0.000793381,0.0408092,True,8.17216
4490,11922,2023-08-23,0.00255724,0.362629,True,115.537
4490,11923,2023-08-24,0.00279761,0.448008,True,54.335
4490,11924,2023-08-25,0.00273674,0.184771,True,15.1094
4490,11925,2023-08-26,0.00261167,0.0443553,True,0.3652
4490,11926,2023-08-27,0.00252685,0.0367079,True,2.39099
4490,11927,2023-08-28,0.00244494,0.0300821,True,0
4490,11928,2023-08-29,0,0.0218103,False,0.239663
4490,11929,2023-08-30,0,0.0203459,False,0
4490,11930,2023-08-31,0,0.0175029,False,0
4491,11853,2023-06-15,0.000545203,0.0457231,True,7.73889
4491,11854,2023-06-16,0.000487289,0.03599,True,0.598065
4491,11855,2023-06-17,0,0.0224127,False,0
4491,11856,2023-06-18,0,0.0127769,False,0.152777
4491,11857,2023-06-19,0,0.0151261,False,0.325314
4491,11858,2023-06-20,0,0.0110217,False,0
4491,11859,2023-06-21,0,0.0104842,False,0.0633451
4491,11860,2023-06-22,0.000440326,0.0250838,True,4.82668
4491,11861,2023-06-23,0.000396883,0.0344181,False,0.464128
4491,11862,2023-06-24,0.000734434,0.0766138,True,17.1681
4491,11863,2023-06-25,0.000907017,0.0849062,True,16.9157
4491,11864,2023-06-26,0.0010559,0.0969643,True,20.0389
4491,11865,2023-06-27,0.00105714,0.0399659,True,5.12822
4491,11866,2023-06-28,0.00103734,0.0444818,True,1.90144
4491,11867,2023-06-29,0.00100904,0.046815,True,0.12669
4491,11868,2023-06-30,0,0.0251258,False,0.643825
4491,11869,2023-07-01,0,0.0244899,False,0.950754
4491,11870,2023-07-02,0,0.0212523,False,0.74477
4491,11871,2023-07-03,0,0.0180761,False,0.304096
4491,11872,2023-07-04,0,0.0155607,False,0.474791
4491,11873,2023-07-05,0,0.0160762,False,0.422307
4491,11874,2023-07-06,0.000588443,0.0992555,True,9.63919
4491,11875,2023-07-07,0.0008081,0.105089,True,15.5023
4491,11876,2023-07-08,0.000743575,0.0431059,True,0.187473
4491,11877,2023-07-09,0.00149077,0.44868,True,95.1438
4491,11878,2023-07-10,0.00188132,0.335448,True,94.2448
4491,11879,2023-07-11,0.00205863,0.420758,True,65.4502
4491,11880,2023-07-12,0.00199187,0.123301,True,0
4491,11881,2023-07-13,0.00194676,0.0891087,True,3.28203
4491,11882,2023-07-14,0.00190153,0.0859154,True,0.987469
4491,11883,2023-07-15,0.00186967,0.0895273,True,3.32622
4491,11884,2023-07-16,0.00194463,0.299465,True,37.6806
4491,11885,2023-07-17,0.00195961,0.329485,True,18.1169
4491,11886,2023-07-18,0.0019505,0.152229,True,8.9416
4491,11887,2023-07-19,0.00192865,0.100969,True,3.34728
4491,11888,2023-07-20,0.00190895,0.110999,True,3.30636
4491,11889,2023-07-21,0.00190594,0.156618,True,9.16663
4491,11890,2023-07-22,0.00191508,0.292922,True,13.7264
4491,11891,2023-07-23,0.0019029,0.112071,True,4.63518
4491,11892,2023-07-24,0.00188103,0.0971141,True,0
4491,11893,2023-07-25,0,0.0652403,False,0.99595
4491,11894,2023-07-26,0,0.0516117,False,0.755018
4491,11895,2023-07-27,0,0.0553382,False,0.416768
4491,11896,2023-07-28,0.000774497,0.106946,True,7.53446
4491,11897,2023-07-29,0.00073357,0.0995059,True,1.61152
4491,11898,2023-07-30,0.000870684,0.110378,True,6.41734
4491,11899,2023-07-31,0.00081867,0.0499446,True,0
4491,11900,2023-08-01,0,0.0391162,False,0.784615
4491,11901,2023-08-02,0,0.0275504,False,0
4491,11902,2023-08-03,0.000707689,0.0659466,True,6.12725
4491,11903,2023-08-04,0.000647067,0.0538409,True,0.78973
4491,11904,2023-08-05,0.000786036,0.0781175,True,5.42875
4491,11905,2023-08-06,0.000746256,0.0772544,True,0.248257
4491,11906,2023-08-07,0.000769504,0.0890882,False,2.20807
4491,11907,2023-08-08,0.000838974,0.0693327,False,4.36371
4491,11908,2023-08-09,0.000811734,0.0504855,False,0
4491,11909,2023-08-10,0.000825398,0.0590122,False,1.87309
4491,11910,2023-08-11,0.00130168,0.24786,True,35.5908
4491,11911,2023-08-12,0.00142791,0.291048,True,15.1552
4491,11912,2023-08-13,0.00158754,0.411761,True,21.3505
4491,11913,2023-08-14,0.00207347,0.709179,True,74.6738
4491,11914,2023-08-15,0.0022445,0.514121,True,36.8892
4491,11915,2023-08-16,0.00222211,0.193938,True,2.47046
4491,11916,2023-08-17,0.00219054,0.106925,True,0.190035
4491,11917,2023-08-18,0,0.0798453,False,0.316726
4491,11918,2023-08-19,0,0.0774313,False,0.45821
4491,11919,2023-08-20,0,0.0734795,False,0
4491,11920,2023-08-21,0,0.0555678,False,0.248257
4491,11921,2023-08-22,0.000365528,0.0710692,False,2.3013
4491,11922,2023-08-23,0.00120782,0.294391,True,34.2931
4491,11923,2023-08-24,0.00156484,0.403514,True,38.0105
4491,11924,2023-08-25,0.00152305,0.151878,True,5.49495
4491,11925,2023-08-26,0.00145204,0.101803,True,0
4491,11926,2023-08-27,0,0.0796878,False,0.214897
4491,11927,2023-08-28,0,0.0559665,False,0
4491,11928,2023-08-29,0,0.0638613,False,0
4491,11929,2023-08-30,0,0.0248449,False,0
4491,11930,2023-08-31,0,0.0202269,False,0
4492,11853,2023-06-15,0.00039138,0.0369613,True,4.89965
4492,11854,2023-06-16,0.000342667,0.0450957,False,0.159521
4492,11855,2023-06-17,0,0.024626,False,0
4492,11856,2023-06-18,0,0.0165074,False,0.0342535
4492,11857,2023-06-19,0.000190576,0.0208344,False,1.09566
4492,11858,2023-06-20,0.000164274,0.0181052,False,0
4492,11859,2023-06-21,0,0.0157127,False,0
4492,11860,2023-06-22,0,0.0141566,False,0.0135859
4492,11861,2023-06-23,0,0.014033,False,0
4492,11862,2023-06-24,0.000554682,0.136213,True,10.1147
4492,11863,2023-06-25,0.000917445,0.19039,True,28.5772
4492,11864,2023-06-26,0.000898907,0.0557215,True,5.66926
4492,11865,2023-06-27,0.00093232,0.101421,True,9.92998
4492,11866,2023-06-28,0.000920808,0.0536505,True,4.09974
4492,11867,2023-06-29,0.000904912,0.0569166,True,2.65857
4492,11868,2023-06-30,0.000875533,0.0437282,True,0
4492,11869,2023-07-01,0.000873711,0.0514592,True,3.42507
4492,11870,2023-07-02,0.000858391,0.0502859,True,1.00737
4492,11871,2023-07-03,0.000839243,0.0450065,True,0
4492,11872,2023-07-04,0.000887839,0.140848,True,11.2032
4492,11873,2023-07-05,0.000882672,0.0470623,True,2.04699
4492,11874,2023-07-06,0.000904505,0.06757,True,7.03701
4492,11875,2023-07-07,0.000931292,0.0775903,True,8.33804
4492,11876,2023-07-08,0.000922972,0.0614172,True,1.1302
4492,11877,2023-07-09,0.00122933,0.442781,True,81.5892
4492,11878,2023-07-10,0.00148357,0.312702,True,90.6888
4492,11879,2023-07-11,0.0016687,0.359033,True,82.051
4492,11880,2023-07-12,0.00165687,0.116112,True,3.22303
4492,11881,2023-07-13,0.00165771,0.195147,True,8.44597
4492,11882,2023-07-14,0.00164461,0.0969922,True,1.8706
4492,11883,2023-07-15,0.00164131,0.112681,True,5.99488
4492,11884,2023-07-16,0.00170718,0.292248,True,39.0964
4492,11885,2023-07-17,0.00172059,0.296804,True,14.4967
4492,11886,2023-07-18,0.00172313,0.152486,True,8.98578
4492,11887,2023-07-19,0.00175383,0.316839,True,23.8088
4492,11888,2023-07-20,0.0017534,0.110949,True,7.41041
4492,11889,2023-07-21,0.0017643,0.261727,True,13.5268
4492,11890,2023-07-22,0.00177345,0.250157,True,12.6168
4492,11891,2023-07-23,0.00176537,0.11964,True,2.71129
4492,11892,2023-07-24,0.00175303,0.144084,True,0
4492,11893,2023-07-25,0.00174475,0.140544,True,2.09049
4492,11894,2023-07-26,0.00173373,0.0916382,True,0.252133
4492,11895,2023-07-27,0.00173458,0.131836,True,7.05162
4492,11896,2023-07-28,0.00173473,0.119249,True,6.53928
4492,11897,2023-07-29,0.00173403,0.116862,True,5.91451
4492,11898,2023-07-30,0.00173164,0.103955,True,4.76793
4492,11899,2023-07-31,0.00172179,0.113007,True,0
4492,11900,2023-08-01,0,0.0409833,False,0.189099
4492,11901,2023-08-02,0,0.0298172,False,0
4492,11902,2023-08-03,0.000550748,0.0444269,True,4.34772
4492,11903,2023-08-04,0.00047733,0.0450008,False,0.0485646
4492,11904,2023-08-05,0.000557349,0.0665655,False,2.83603
4492,11905,2023-08-06,0.000524044,0.0576653,False,0
4492,11906,2023-08-07,0.000571637,0.0801391,False,2.31146
4492,11907,2023-08-08,0.000592174,0.0568496,False,1.57835
4492,11908,2023-08-09,0.000572942,0.0455421,False,0
4492,11909,2023-08-10,0,0.0261745,False,0.0971292
4492,11910,2023-08-11,0.00107203,0.237932,True,31.5938
4492,11911,2023-08-12,0.00105554,0.147139,True,9.94552
4492,11912,2023-08-13,0.00100229,0.0511747,True,3.10814
4492,11913,2023-08-14,0.0013342,0.435476,True,46.7161
4492,11914,2023-08-15,0.00143073,0.537829,True,25.049
4492,11915,2023-08-16,0.0013814,0.165,True,0.94701
4492,11916,2023-08-17,0,0.108358,False,0.202725
4492,11917,2023-08-18,0,0.0772551,False,0.121412
4492,11918,2023-08-19,0,0.0734688,False,0.13515
4492,11919,2023-08-20,0,0.0721015,False,0
4492,11920,2023-08-21,0,0.0495579,False,0
4492,11921,2023-08-22,0,0.0501798,False,0.94605
4492,11922,2023-08-23,0.00108568,0.310825,True,35.0783
4492,11923,2023-08-24,0.00123061,0.406684,True,26.5601
4492,11924,2023-08-25,0.00115768,0.119297,True,3.35116
4492,11925,2023-08-26,0.0011397,0.150773,True,6.44719
4492,11926,2023-08-27,0.00108694,0.124422,True,0.0544943
4492,11927,2023-08-28,0,0.08627,False,0
4492,11928,2023-08-29,0,0.03731,False,0
4492,11929,2023-08-30,0,0.0234822,False,0
4492,11930,2023-08-31,0,0.0205615,False,0
4493,11853,2023-06-15,0.000386655,0.0479647,True,2.91965
4493,11854,2023-06-16,0.000374453,0.0696215,False,0.790519
4493,11855,2023-06-17,0,0.0401806,False,0
4493,11856,2023-06-18,0,0.0286465,False,0
4493,11857,2023-06-19,0,0.0357307,False,0.970623
4493,11858,2023-06-20,0,0.0339501,False,0
4493,11859,2023-06-21,0,0.0262675,False,0
4493,11860,2023-06-22,0,0.0329769,False,0.395259
4493,11861,2023-06-23,0,0.0259565,False,0
4493,11862,2023-06-24,0.000514172,0.0922008,True,5.22967
4493,11863,2023-06-25,0.000892868,0.170026,True,16.8837
4493,11864,2023-06-26,0.000886579,0.0711936,True,3.9465
4493,11865,2023-06-27,0.000908697,0.08546,True,5.0641
4493,11866,2023-06-28,0.000927143,0.0908977,True,4.66889
4493,11867,2023-06-29,0.00089955,0.126026,True,0.656179
4493,11868,2023-06-30,0.000889616,0.158779,True,1.68143
4493,11869,2023-07-01,0.000920551,0.168328,True,5.26171
4493,11870,2023-07-02,0.000921927,0.172209,True,2.45371
4493,11871,2023-07-03,0.000901363,0.127035,True,0
4493,11872,2023-07-04,0.00100677,0.26164,True,14.197
4493,11873,2023-07-05,0.000996393,0.0870659,True,1.0313
4493,11874,2023-07-06,0.00106717,0.203126,True,11.7991
4493,11875,2023-07-07,0.00113366,0.248491,True,12.4008
4493,11876,2023-07-08,0.00112714,0.104416,True,1.59672
4493,11877,2023-07-09,0.00143795,0.421369,True,60.7366
4493,11878,2023-07-10,0.00174703,0.451585,True,78.8374
4493,11879,2023-07-11,0.00195071,0.440749,True,65.0469
4493,11880,2023-07-12,0.00195141,0.229345,True,7.25079
4493,11881,2023-07-13,0.00197586,0.35208,True,14.7805
4493,11882,2023-07-14,0.00195723,0.102592,True,0.622652
4493,11883,2023-07-15,0.00196258,0.136154,True,8.31868
4493,11884,2023-07-16,0.002025,0.299966,True,28.3059
4493,11885,2023-07-17,0.00201923,0.136867,True,4.54852
4493,11886,2023-07-18,0.00200977,0.145235,True,2.96748
4493,11887,2023-07-19,0.00204423,0.330191,True,19.2552
4493,11888,2023-07-20,0.00208111,0.330278,True,20.748
4493,11889,2023-07-21,0.0020859,0.18882,True,8.36044
4493,11890,2023-07-22,0.00211683,0.385979,True,19.067
4493,11891,2023-07-23,0.00211018,0.142609,True,3.61522
4493,11892,2023-07-24,0.00209661,0.168242,True,0.499341
4493,11893,2023-07-25,0.00210134,0.204633,True,8.08493
4493,11894,2023-07-26,0.00213924,0.415564,True,22.6484
4493,11895,2023-07-27,0.00218596,0.41913,True,27.3598
4493,11896,2023-07-28,0.00222496,0.444234,True,24.6299
4493,11897,2023-07-29,0.00225894,0.411472,True,22.8801
4493,11898,2023-07-30,0.00226238,0.171094,True,8.2144
4493,11899,2023-07-31,0.00224952,0.149485,True,0
4493,11900,2023-08-01,0,0.0968257,False,0
4493,11901,2023-08-02,0,0.0696502,False,0
4493,11902,2023-08-03,0.000668748,0.102265,True,3.65071
4493,11903,2023-08-04,0.000626052,0.143199,False,0.675579
4493,11904,2023-08-05,0.000785062,0.109756,False,3.9175
4493,11905,2023-08-06,0.000738159,0.15063,False,0
4493,11906,2023-08-07,0.000757233,0.162594,False,1.34285
4493,11907,2023-08-08,0.000728238,0.109204,False,0
4493,11908,2023-08-09,0,0.0693677,False,0
4493,11909,2023-08-10,0,0.0389135,False,0
4493,11910,2023-08-11,0.0011149,0.30108,True,16.4363
4493,11911,2023-08-12,0.00115423,0.0953112,True,7.5269
4493,11912,2023-08-13,0.00107698,0.0692298,True,0.88037
4493,11913,2023-08-14,0.00141298,0.267158,True,24.4995
4493,11914,2023-08-15,0.0015907,0.315269,True,20.1548
4493,11915,2023-08-16,0.00152984,0.0788572,True,0
4493,11916,2023-08-17,0,0.0636178,False,0
4493,11917,2023-08-18,0,0.0615549,False,0
4493,11918,2023-08-19,0,0.0478401,False,0
4493,11919,2023-08-20,0,0.0494598,False,0.29373
4493,11920,2023-08-21,0,0.0342883,False,0
4493,11921,2023-08-22,0,0.024638,False,0
4493,11922,2023-08-23,0.00083928,0.406454,True,11.0477
4493,11923,2023-08-24,0.00109093,0.301969,True,14.688
4493,11924,2023-08-25,0.00104414,0.0964239,True,2.38107
4493,11925,2023-08-26,0.00105355,0.0896225,True,4.3979
4493,11926,2023-08-27,0.00100441,0.0712018,True,0
4493,11927,2023-08-28,0,0.0410875,False,0
4493,11928,2023-08-29,0,0.0185735,False,0
4493,11929,2023-08-30,0,0.0169273,False,0
4493,11930,2023-08-31,0,0.0176373,False,0
4494,11853,2023-06-15,0.000299217,0.0516512,True,2.51253
4494,11854,2023-06-16,0.000309303,0.0644303,False,1.13893
4494,11855,2023-06-17,0.00028357,0.0438089,False,0
4494,11856,2023-06-18,0,0.0237612,False,0
4494,11857,2023-06-19,0.000192672,0.0303368,False,1.00138
4494,11858,2023-06-20,0.000180864,0.0316167,False,0.192064
4494,11859,2023-06-21,0,0.023346,False,0
4494,11860,2023-06-22,0,0.027364,False,0.511752
4494,11861,2023-06-23,0,0.0213999,False,0
4494,11862,2023-06-24,0.000273797,0.0386258,False,2.07851
4494,11863,2023-06-25,0.000525881,0.107629,True,8.73318
4494,11864,2023-06-26,0.0005375,0.0738556,True,2.71123
4494,11865,2023-06-27,0.00053204,0.0979669,True,1.50944
4494,11866,2023-06-28,0.00056859,0.0896686,True,3.98523
4494,11867,2023-06-29,0.000550373,0.0987029,False,0.255593
4494,11868,2023-06-30,0.000564544,0.152327,False,2.46376
4494,11869,2023-07-01,0.000606037,0.148595,False,4.9424
4494,11870,2023-07-02,0.000617584,0.158087,False,2.53543
4494,11871,2023-07-03,0.000603804,0.105942,False,0
4494,11872,2023-07-04,0.000700589,0.229233,True,12.1643
4494,11873,2023-07-05,0.000688799,0.0753938,False,0.141836
4494,11874,2023-07-06,0.000773666,0.188587,True,13.1162
4494,11875,2023-07-07,0.000834544,0.15725,True,11.3429
4494,11876,2023-07-08,0.000838065,0.0790454,True,2.63012
4494,11877,2023-07-09,0.00109226,0.291554,True,53.1969
4494,11878,2023-07-10,0.001301,0.511003,True,57.5575
4494,11879,2023-07-11,0.00142343,0.356936,True,42.0214
4494,11880,2023-07-12,0.00142682,0.139415,True,6.45406
4494,11881,2023-07-13,0.00145801,0.22476,True,15.8291
4494,11882,2023-07-14,0.00144401,0.089859,True,0.397588
4494,11883,2023-07-15,0.00145096,0.103135,True,7.53482
4494,11884,2023-07-16,0.00149743,0.209259,True,22.1985
4494,11885,2023-07-17,0.0014912,0.0853627,True,2.8017
4494,11886,2023-07-18,0.00148051,0.0958496,True,0.878859
4494,11887,2023-07-19,0.00148727,0.131915,True,7.50436
4494,11888,2023-07-20,0.00152627,0.233345,True,20.6532
4494,11889,2023-07-21,0.00152236,0.0879221,True,3.30418
4494,11890,2023-07-22,0.00155922,0.292692,True,20.6742
4494,11891,2023-07-23,0.00156115,0.0963266,True,5.81444
4494,11892,2023-07-24,0.00155178,0.0943179,True,0.690802
4494,11893,2023-07-25,0.00155916,0.171051,True,8.08489
4494,11894,2023-07-26,0.00159414,0.331729,True,21.0274
4494,11895,2023-07-27,0.0016498,0.433933,True,31.9577
4494,11896,2023-07-28,0.00168896,0.493133,True,25.037
4494,11897,2023-07-29,0.00171303,0.363598,True,17.9268
4494,11898,2023-07-30,0.00171693,0.138427,True,7.44227
4494,11899,2023-07-31,0.00170716,0.143747,True,0
4494,11900,2023-08-01,0,0.0947986,False,0
4494,11901,2023-08-02,0,0.0669776,False,0
4494,11902,2023-08-03,0.000423295,0.0975289,False,2.11012
4494,11903,2023-08-04,0.000418895,0.0799211,False,0.693324
4494,11904,2023-08-05,0.000591584,0.110487,False,4.01858
4494,11905,2023-08-06,0.000556234,0.162653,False,0
4494,11906,2023-08-07,0.000586043,0.167201,False,1.55931
4494,11907,2023-08-08,0.0005636,0.0951463,False,0
4494,11908,2023-08-09,0,0.06721,False,0
4494,11909,2023-08-10,0,0.0349004,False,0
4494,11910,2023-08-11,0.000610828,0.0943051,True,6.65711
4494,11911,2023-08-12,0.000673744,0.0793154,True,4.40052
4494,11912,2023-08-13,0.000638274,0.0917922,True,0.771322
4494,11913,2023-08-14,0.000940643,0.222313,True,18.0116
4494,11914,2023-08-15,0.00108553,0.207799,True,14.3849
4494,11915,2023-08-16,0.00104398,0.053537,True,0
4494,11916,2023-08-17,0,0.0486403,False,0
4494,11917,2023-08-18,0,0.0440451,False,0.00685943
4494,11918,2023-08-19,0,0.0427301,False,0
4494,11919,2023-08-20,0,0.0385569,False,0.301445
4494,11920,2023-08-21,0,0.0293769,False,0
4494,11921,2023-08-22,0,0.0211747,False,0
4494,11922,2023-08-23,0.000287788,0.0260761,False,1.74405
4494,11923,2023-08-24,0.000652136,0.268008,True,11.0067
4494,11924,2023-08-25,0.000680635,0.0598715,True,3.89946
4494,11925,2023-08-26,0.000731091,0.0745013,True,5.24997
4494,11926,2023-08-27,0.000696977,0.0540625,True,0
4494,11927,2023-08-28,0,0.0297551,False,0
4494,11928,2023-08-29,0,0.0158958,False,0
4494,11929,2023-08-30,0,0.015477,False,0
4494,11930,2023-08-31,0,0.0137934,False,0
4495,11853,2023-06-15,0.000178454,0.0273714,False,1.30129
4495,11854,2023-06-16,0.00017991,0.0324403,False,0.494946
4495,11855,2023-06-17,0,0.0223475,False,0
4495,11856,2023-06-18,0,0.0220115,False,0
4495,11857,2023-06-19,0.00020606,0.0346017,False,1.73011
4495,11858,2023-06-20,0.000226394,0.0453835,False,1.12029
4495,11859,2023-06-21,0.000207557,0.0317725,False,0
4495,11860,2023-06-22,0,0.028957,False,0.1226
4495,11861,2023-06-23,0,0.0289178,False,0
4495,11862,2023-06-24,0,0.0351751,False,0.439287
4495,11863,2023-06-25,0.000217007,0.0620773,False,2.0046
4495,11864,2023-06-26,0.000223576,0.114646,False,0.888766
4495,11865,2023-06-27,0,0.0481126,False,0.0929186
4495,11866,2023-06-28,0.000203567,0.0620787,False,1.79278
4495,11867,2023-06-29,0.000206804,0.0858559,False,0.721123
4495,11868,2023-06-30,0.000253957,0.0911647,False,2.07335
4495,11869,2023-07-01,0.000266972,0.0936861,False,1.18452
4495,11870,2023-07-02,0.000276391,0.131416,False,1.06774
4495,11871,2023-07-03,0.000265803,0.0710175,False,0
4495,11872,2023-07-04,0.000300748,0.134936,False,2.59978
4495,11873,2023-07-05,0.000294059,0.0657162,False,0.119533
4495,11874,2023-07-06,0.000347441,0.13278,False,4.63361
4495,11875,2023-07-07,0.00037747,0.116224,False,3.44068
4495,11876,2023-07-08,0.000411389,0.108032,False,4.31996
4495,11877,2023-07-09,0.000598336,0.162372,True,27.3698
4495,11878,2023-07-10,0.000773338,0.188342,True,37.3289
4495,11879,2023-07-11,0.000919803,0.25057,True,41.3081
4495,11880,2023-07-12,0.000927322,0.0937532,True,6.1826
4495,11881,2023-07-13,0.000958041,0.145875,True,13.4523
4495,11882,2023-07-14,0.000945935,0.0725885,True,0.0797501
4495,11883,2023-07-15,0.000940942,0.0783679,True,2.12733
4495,11884,2023-07-16,0.000960375,0.140611,True,10.2105
4495,11885,2023-07-17,0.000950423,0.0775271,True,0.186084
4495,11886,2023-07-18,0,0.0612671,False,0.0512968
4495,11887,2023-07-19,0.000401783,0.0716167,True,3.91496
4495,11888,2023-07-20,0.000515617,0.0978123,True,4.96571
4495,11889,2023-07-21,0.00052729,0.0918637,True,2.23915
4495,11890,2023-07-22,0.000662939,0.100138,True,9.10387
4495,11891,2023-07-23,0.000686625,0.0803634,True,3.76341
4495,11892,2023-07-24,0.000676265,0.0880493,True,1.20676
4495,11893,2023-07-25,0.000724611,0.0937973,True,5.89125
4495,11894,2023-07-26,0.000756213,0.0581888,True,4.91408
4495,11895,2023-07-27,0.000809716,0.0567628,True,7.64985
4495,11896,2023-07-28,0.000834719,0.0476067,True,5.0304
4495,11897,2023-07-29,0.00086367,0.0518078,True,5.7817
4495,11898,2023-07-30,0.000867763,0.0514956,True,2.68356
4495,11899,2023-07-31,0.000853018,0.0498678,True,0
4495,11900,2023-08-01,0,0.0281927,False,0
4495,11901,2023-08-02,0,0.0265292,False,0
4495,11902,2023-08-03,0,0.0308414,False,0.823463
4495,11903,2023-08-04,0,0.0290173,False,0.16294
4495,11904,2023-08-05,0.000252785,0.0326729,False,1.32181
4495,11905,2023-08-06,0.000217899,0.0305063,False,0
4495,11906,2023-08-07,0,0.029922,False,0.9088
4495,11907,2023-08-08,0,0.0261852,False,0
4495,11908,2023-08-09,0,0.0271519,False,0
4495,11909,2023-08-10,0,0.0272021,False,0
4495,11910,2023-08-11,0.000226832,0.0273238,False,1.61729
4495,11911,2023-08-12,0.000253476,0.0336587,False,1.14183
4495,11912,2023-08-13,0.000236184,0.022526,False,0.0935922
4495,11913,2023-08-14,0.000448779,0.0558205,False,9.28409
4495,11914,2023-08-15,0.000534285,0.0454957,True,7.03831
4495,11915,2023-08-16,0.000513822,0.0486425,False,0
4495,11916,2023-08-17,0,0.0364659,False,0
4495,11917,2023-08-18,0,0.0246805,False,0.381039
4495,11918,2023-08-19,0,0.0234597,False,0.0531668
4495,11919,2023-08-20,0,0.0235213,False,0.0132917
4495,11920,2023-08-21,0,0.0196991,False,0
4495,11921,2023-08-22,0,0.0151789,False,0
4495,11922,2023-08-23,0,0.0151018,False,0.185837
4495,11923,2023-08-24,0.000321377,0.0329928,True,4.02935
4495,11924,2023-08-25,0.000352628,0.0471887,True,2.59137
4495,11925,2023-08-26,0.000365461,0.0467298,False,1.90038
4495,11926,2023-08-27,0.000344139,0.0384781,False,0.0265834
4495,11927,2023-08-28,0,0.0168065,False,0
4495,11928,2023-08-29,0,0.0141878,False,0.106334
4495,11929,2023-08-30,0,0.0146318,False,0
4495,11930,2023-08-31,0,0.0133397,False,0
4496,11853,2023-06-15,0,0.0333135,False,0.427729
4496,11854,2023-06-16,0,0.0311734,False,0.198173
4496,11855,2023-06-17,0,0.0261604,False,0
4496,11856,2023-06-18,0,0.0246048,False,0
4496,11857,2023-06-19,0.000202149,0.0401153,False,2.0095
4496,11858,2023-06-20,0.000229167,0.087813,False,1.52175
4496,11859,2023-06-21,0.000214181,0.0686309,False,0.142618
4496,11860,2023-06-22,0,0.0391689,False,0.092809
4496,11861,2023-06-23,0,0.0319624,False,0
4496,11862,2023-06-24,0,0.0332754,False,0.178272
4496,11863,2023-06-25,0.000147523,0.0711945,False,1.05655
4496,11864,2023-06-26,0.000177185,0.0760971,False,1.0344
4496,11865,2023-06-27,0.000163299,0.0540865,False,0.0227796
4496,11866,2023-06-28,0.000193303,0.070143,False,1.28155
4496,11867,2023-06-29,0.000201704,0.0827516,False,0.693769
4496,11868,2023-06-30,0.000235863,0.131711,False,2.02543
4496,11869,2023-07-01,0.000243586,0.188329,False,0.878621
4496,11870,2023-07-02,0,0.110519,False,0.901265
4496,11871,2023-07-03,0,0.0474874,False,0
4496,11872,2023-07-04,0.000146105,0.0663081,False,1.11263
4496,11873,2023-07-05,0.000126801,0.0544594,False,0.0157106
4496,11874,2023-07-06,0.000161602,0.0790072,False,1.09399
4496,11875,2023-07-07,0.000169106,0.0774376,False,0.54752
4496,11876,2023-07-08,0.000211164,0.132091,False,2.05719
4496,11877,2023-07-09,0.000399191,0.211372,False,14.5712
4496,11878,2023-07-10,0.000523091,0.124788,True,16.8195
4496,11879,2023-07-11,0.000641251,0.127615,True,22.2043
4496,11880,2023-07-12,0.000664315,0.0503058,True,7.75749
4496,11881,2023-07-13,0.000692956,0.0893617,True,9.44078
4496,11882,2023-07-14,0.000679058,0.060199,True,0.0235659
4496,11883,2023-07-15,0.000680604,0.0625311,True,3.32716
4496,11884,2023-07-16,0.000709036,0.118798,True,10.0287
4496,11885,2023-07-17,0.000698424,0.0525234,True,0.144912
4496,11886,2023-07-18,0,0.0426203,False,0.0221375
4496,11887,2023-07-19,0.000301829,0.0341008,True,2.94562
4496,11888,2023-07-20,0.00033524,0.0537584,False,2.01731
4496,11889,2023-07-21,0.000352978,0.0529048,False,1.63581
4496,11890,2023-07-22,0.00046127,0.0611526,True,6.39489
4496,11891,2023-07-23,0.000468855,0.0585291,False,1.83286
4496,11892,2023-07-24,0.000472924,0.0581533,False,1.52944
4496,11893,2023-07-25,0.00053653,0.0635401,False,6.34276
4496,11894,2023-07-26,0.000562242,0.0495351,False,3.81175
4496,11895,2023-07-27,0.000572295,0.049266,False,2.4506
4496,11896,2023-07-28,0.000581015,0.0533652,False,2.33644
4496,11897,2023-07-29,0.000597824,0.049904,False,3.31697
4496,11898,2023-07-30,0.000604407,0.0530831,False,2.17389
4496,11899,2023-07-31,0.000594134,0.0465746,False,0
4496,11900,2023-08-01,0,0.036727,False,0
4496,11901,2023-08-02,0,0.0393646,False,0
4496,11902,2023-08-03,0,0.0435795,False,0.717079
4496,11903,2023-08-04,0,0.0394522,False,0.049602
4496,11904,2023-08-05,0,0.0509198,False,0.278601
4496,11905,2023-08-06,0,0.0488285,False,0
4496,11906,2023-08-07,0,0.0512345,False,0.62624
4496,11907,2023-08-08,0,0.0337152,False,0
4496,11908,2023-08-09,0,0.0230176,False,0
4496,11909,2023-08-10,0,0.0198631,False,0
4496,11910,2023-08-11,0,0.0237546,False,0.430443
4496,11911,2023-08-12,0,0.0253328,False,0.773268
4496,11912,2023-08-13,0,0.021163,False,0.0633826
4496,11913,2023-08-14,0.000425869,0.0802639,True,7.63704
4496,11914,2023-08-15,0.00051356,0.061443,True,7.60445
4496,11915,2023-08-16,0.00047084,0.0403184,True,0
4496,11916,2023-08-17,0,0.031258,False,0
4496,11917,2023-08-18,0,0.025343,False,0.764718
4496,11918,2023-08-19,0,0.0220987,False,0.0414034
4496,11919,2023-08-20,0,0.0222381,False,0.0103508
4496,11920,2023-08-21,0,0.0194379,False,0
4496,11921,2023-08-22,0,0.0157128,False,0
4496,11922,2023-08-23,0,0.0158959,False,0.0455591
4496,11923,2023-08-24,0.000176572,0.0210831,False,1.35786
4496,11924,2023-08-25,0.000184187,0.0240901,False,0.652696
4496,11925,2023-08-26,0.00021023,0.0245276,False,1.14551
4496,11926,2023-08-27,0.000198293,0.0206964,False,0.0207017
4496,11927,2023-08-28,0,0.0153269,False,0
4496,11928,2023-08-29,0,0.0131617,False,0.0314212
4496,11929,2023-08-30,0,0.013883,False,0
4496,11930,2023-08-31,0,0.0129669,False,0
4497,11853,2023-06-15,0,0.0227398,False,0.533002
4497,11854,2023-06-16,0,0.0240303,False,0.248566
4497,11855,2023-06-17,0,0.0189584,False,0
4497,11856,2023-06-18,0,0.0176696,False,0
4497,11857,2023-06-19,0.000235783,0.0271897,False,2.26282
4497,11858,2023-06-20,0.000259547,0.067446,False,1.47998
4497,11859,2023-06-21,0.000242494,0.0488016,False,0.148517
4497,11860,2023-06-22,0,0.0263057,False,0.0781331
4497,11861,2023-06-23,0,0.0227957,False,0
4497,11862,2023-06-24,0,0.0208297,False,0
4497,11863,2023-06-25,0.000179456,0.0435073,False,1.30502
4497,11864,2023-06-26,0.000191285,0.0482027,False,0.715156
4497,11865,2023-06-27,0,0.0353636,False,0.0202857
4497,11866,2023-06-28,0.0001885,0.0438032,False,1.43898
4497,11867,2023-06-29,0.000201669,0.0476377,False,0.805568
4497,11868,2023-06-30,0.000261582,0.0780854,False,2.33946
4497,11869,2023-07-01,0.000263426,0.0868757,False,0.695712
4497,11870,2023-07-02,0,0.0608998,False,0.763918
4497,11871,2023-07-03,0,0.0278546,False,0
4497,11872,2023-07-04,0,0.0352313,False,0.416172
4497,11873,2023-07-05,0,0.0302417,False,0.00769709
4497,11874,2023-07-06,0,0.0469317,False,0.390455
4497,11875,2023-07-07,0,0.0349728,False,0.148668
4497,11876,2023-07-08,0.00017384,0.0470447,False,1.30235
4497,11877,2023-07-09,0.000533868,0.151594,True,16.4934
4497,11878,2023-07-10,0.000646789,0.117069,True,13.7904
4497,11879,2023-07-11,0.000746002,0.121324,True,16.5182
4497,11880,2023-07-12,0.000748336,0.0591298,True,5.31577
4497,11881,2023-07-13,0.000770251,0.0666823,True,8.01643
4497,11882,2023-07-14,0.000745309,0.0588957,True,0.0115456
4497,11883,2023-07-15,0.000741482,0.0754143,True,3.03929
4497,11884,2023-07-16,0.000772044,0.106686,True,9.32773
4497,11885,2023-07-17,0.000755914,0.0691467,True,0.220188
4497,11886,2023-07-18,0,0.0475765,False,0.032874
4497,11887,2023-07-19,0.000352818,0.0561067,True,3.57392
4497,11888,2023-07-20,0.000383739,0.0656321,True,2.19325
4497,11889,2023-07-21,0.000397309,0.082153,False,1.64025
4497,11890,2023-07-22,0.000495779,0.0752202,True,5.85677
4497,11891,2023-07-23,0.000506721,0.0668813,False,2.044
4497,11892,2023-07-24,0.00050935,0.0702218,False,1.45906
4497,11893,2023-07-25,0.000569405,0.0733007,False,5.80739
4497,11894,2023-07-26,0.000589005,0.0580995,False,3.09656
4497,11895,2023-07-27,0.000604219,0.0630785,False,2.82588
4497,11896,2023-07-28,0.000617779,0.0571486,False,2.75059
4497,11897,2023-07-29,0.000639073,0.0596182,False,3.69583
4497,11898,2023-07-30,0.000643179,0.0614854,False,1.84851
4497,11899,2023-07-31,0.000633025,0.0570759,False,0.0931123
4497,11900,2023-08-01,0,0.0309783,False,0
4497,11901,2023-08-02,0,0.0270035,False,0
4497,11902,2023-08-03,0.000249851,0.0358619,False,1.57036
4497,11903,2023-08-04,0.000218769,0.0313311,False,0.0514277
4497,11904,2023-08-05,0,0.0360233,False,0.332984
4497,11905,2023-08-06,0,0.0283589,False,0
4497,11906,2023-08-07,0,0.0296076,False,0.818587
4497,11907,2023-08-08,0,0.0229031,False,0
4497,11908,2023-08-09,0,0.0182741,False,0.139669
4497,11909,2023-08-10,0,0.0185199,False,0.0465562
4497,11910,2023-08-11,0,0.0207106,False,0.46835
4497,11911,2023-08-12,0,0.020567,False,0.535804
4497,11912,2023-08-13,0,0.0160199,False,0.0439183
4497,11913,2023-08-14,0.000477684,0.0681449,True,7.96701
4497,11914,2023-08-15,0.000569619,0.0545481,True,7.57038
4497,11915,2023-08-16,0.000522239,0.0327357,True,0
4497,11916,2023-08-17,0,0.0252366,False,0
4497,11917,2023-08-18,0,0.0207039,False,0.690728
4497,11918,2023-08-19,0,0.0188222,False,0.0629108
4497,11919,2023-08-20,0,0.0184383,False,0.0157277
4497,11920,2023-08-21,0,0.0150651,False,0
4497,11921,2023-08-22,0,0.0121559,False,0
4497,11922,2023-08-23,0,0.0123477,False,0.0405713
4497,11923,2023-08-24,0.000210482,0.0175552,False,1.59759
4497,11924,2023-08-25,0.000216874,0.0178651,False,0.708781
4497,11925,2023-08-26,0,0.0163843,False,0.868029
4497,11926,2023-08-27,0,0.0139245,False,0.0314554
4497,11927,2023-08-28,0,0.0118377,False,0
4497,11928,2023-08-29,0,0.0102922,False,0.0153942
4497,11929,2023-08-30,0,0.0111052,False,0
4497,11930,2023-08-31,0,0.0102596,False,0
4498,11853,2023-06-15,0,0.0254642,False,0.98294
4498,11854,2023-06-16,0,0.0258465,False,0.244953
4498,11855,2023-06-17,0,0.0200774,False,0
4498,11856,2023-06-18,0,0.0275318,False,0.640175
4498,11857,2023-06-19,0.000297291,0.0517608,True,2.79449
4498,11858,2023-06-20,0.000344278,0.0727396,False,2.33629
4498,11859,2023-06-21,0.000337114,0.0632238,False,0.744491
4498,11860,2023-06-22,0,0.0288969,False,0
4498,11861,2023-06-23,0,0.0258052,False,0
4498,11862,2023-06-24,0,0.0246459,False,0
4498,11863,2023-06-25,0.000224079,0.0538247,False,1.58369
4498,11864,2023-06-26,0.000269376,0.06854,False,1.55639
4498,11865,2023-06-27,0.00025619,0.108219,False,0.246221
4498,11866,2023-06-28,0.000281672,0.0575764,False,1.28632
4498,11867,2023-06-29,0.000289775,0.0704478,False,0.792955
4498,11868,2023-06-30,0.000334761,0.123033,False,2.5058
4498,11869,2023-07-01,0.000357198,0.114341,False,1.77935
4498,11870,2023-07-02,0.000379412,0.111857,False,1.95866
4498,11871,2023-07-03,0.000369959,0.0842401,False,0
4498,11872,2023-07-04,0,0.0488433,False,0.693685
4498,11873,2023-07-05,0,0.0375562,False,0.0306748
4498,11874,2023-07-06,0.000210043,0.0646391,False,1.50984
4498,11875,2023-07-07,0.000206744,0.0651642,False,0.47402
4498,11876,2023-07-08,0.000278719,0.101773,False,2.40274
4498,11877,2023-07-09,0.00053797,0.128535,True,14.8898
4498,11878,2023-07-10,0.000715753,0.0918083,True,19.0097
4498,11879,2023-07-11,0.000887221,0.117115,True,26.279
4498,11880,2023-07-12,0.000907039,0.0490122,True,7.7571
4498,11881,2023-07-13,0.00093699,0.0901411,True,9.69323
4498,11882,2023-07-14,0.000913906,0.0473932,True,0.0460122
4498,11883,2023-07-15,0.00091038,0.050307,True,3.2203
4498,11884,2023-07-16,0.000952832,0.0970864,True,12.4122
4498,11885,2023-07-17,0.000944989,0.049594,True,2.10747
4498,11886,2023-07-18,0.000935326,0.0476683,True,1.41962
4498,11887,2023-07-19,0.000950493,0.0729126,True,6.88449
4498,11888,2023-07-20,0.00095026,0.0736593,True,3.28266
4498,11889,2023-07-21,0.00094621,0.0781672,True,2.21154
4498,11890,2023-07-22,0.000956374,0.0710178,True,5.67304
4498,11891,2023-07-23,0.000959225,0.0768427,True,3.79619
4498,11892,2023-07-24,0.000970471,0.0643118,True,6.03115
4498,11893,2023-07-25,0.000987402,0.0551163,True,7.74132
4498,11894,2023-07-26,0.000991933,0.0387945,True,4.30011
4498,11895,2023-07-27,0.000993583,0.0354454,True,3.41864
4498,11896,2023-07-28,0.000993463,0.0359111,True,2.82463
4498,11897,2023-07-29,0.00100786,0.0393071,True,7.30921
4498,11898,2023-07-30,0.00100177,0.0380501,True,0.854218
4498,11899,2023-07-31,0,0.0354067,False,0.356614
4498,11900,2023-08-01,0,0.0229187,False,0
4498,11901,2023-08-02,0,0.0216503,False,0
4498,11902,2023-08-03,0.000432639,0.0344106,True,3.38784
4498,11903,2023-08-04,0.000372942,0.0466777,False,0
4498,11904,2023-08-05,0,0.0346756,False,0.280124
4498,11905,2023-08-06,0.000339855,0.0330319,False,2.05106
4498,11906,2023-08-07,0.000346758,0.0423989,False,0.850809
4498,11907,2023-08-08,0,0.0276578,False,0.279691
4498,11908,2023-08-09,0,0.0245082,False,0.534922
4498,11909,2023-08-10,0,0.0187652,False,0.327344
4498,11910,2023-08-11,0,0.0271632,False,0.512983
4498,11911,2023-08-12,0,0.0219796,False,0
4498,11912,2023-08-13,0,0.0226657,False,0.473064
4498,11913,2023-08-14,0.00056514,0.0525644,True,7.9783
4498,11914,2023-08-15,0.000662209,0.0377466,True,7.03071
4498,11915,2023-08-16,0.000607132,0.0321178,True,0
4498,11916,2023-08-17,0,0.0318546,False,0
4498,11917,2023-08-18,0,0.0300744,False,0.604596
4498,11918,2023-08-19,0,0.0316773,False,0.475507
4498,11919,2023-08-20,0,0.0280763,False,0.217365
4498,11920,2023-08-21,0,0.020186,False,0
4498,11921,2023-08-22,0,0.0164118,False,0
4498,11922,2023-08-23,0,0.0195231,False,0.640175
4498,11923,2023-08-24,0.000218177,0.0198526,False,1.32308
4498,11924,2023-08-25,0.00022044,0.0205795,False,0.511488
4498,11925,2023-08-26,0.000408427,0.0516853,False,5.97025
4498,11926,2023-08-27,0.00038499,0.0372012,False,0.0407764
4498,11927,2023-08-28,0,0.0249301,False,0.362682
4498,11928,2023-08-29,0,0.0143326,False,0.0613496
4498,11929,2023-08-30,0,0.0143938,False,0
4498,11930,2023-08-31,0,0.0130918,False,0
4505,11853,2023-06-15,0.00062275,0.0220013,True,2.1064
4505,11854,2023-06-16,0.000570952,0.0174752,False,0
4505,11855,2023-06-17,0,0.00949426,False,0
4505,11856,2023-06-18,0,0.00925998,False,0
4505,11857,2023-06-19,0.000668498,0.0251253,True,5.41011
4505,11858,2023-06-20,0.000576275,0.0181045,False,0
4505,11859,2023-06-21,0,0.0166235,False,0.529065
4505,11860,2023-06-22,0,0.0101181,False,0
4505,11861,2023-06-23,0.00122432,0.0416549,True,18.3824
4505,11862,2023-06-24,0.00186534,0.0859642,True,41.0363
4505,11863,2023-06-25,0.00205559,0.277438,True,27.3791
4505,11864,2023-06-26,0.00203692,0.146434,True,9.902
4505,11865,2023-06-27,0.00194969,0.0690826,True,0.791724
4505,11866,2023-06-28,0,0.053367,False,0.545097
4505,11867,2023-06-29,0.000876435,0.0718781,True,8.02714
4505,11868,2023-06-30,0.000813592,0.046929,True,1.32149
4505,11869,2023-07-01,0.000754373,0.0511868,True,0.219079
4505,11870,2023-07-02,0,0.0200712,False,0
4505,11871,2023-07-03,0.00197337,0.184611,True,51.1151
4505,11872,2023-07-04,0.00213321,0.228537,True,30.3573
4505,11873,2023-07-05,0.00214994,0.149431,True,17.5296
4505,11874,2023-07-06,0.00219293,0.0985405,True,18.0715
4505,11875,2023-07-07,0.00212178,0.0363119,True,3.61156
4505,11876,2023-07-08,0.00204385,0.0437758,True,0.390724
4505,11877,2023-07-09,0.002893,0.364524,True,144.262
4505,11878,2023-07-10,0.00308203,0.426117,True,55.3568
4505,11879,2023-07-11,0.0030077,0.0935272,True,0.497
4505,11880,2023-07-12,0,0.0416705,False,0
4505,11881,2023-07-13,0.00208299,0.097706,True,25.9896
4505,11882,2023-07-14,0.00210878,0.0503897,True,10.1965
4505,11883,2023-07-15,0.00211953,0.0410711,True,7.53964
4505,11884,2023-07-16,0.00207533,0.0424784,True,3.80244
4505,11885,2023-07-17,0.00202328,0.0414984,True,2.23837
4505,11886,2023-07-18,0.00243128,0.133661,True,29.0017
4505,11887,2023-07-19,0.00259118,0.110857,True,17.3763
4505,11888,2023-07-20,0.0025366,0.0453999,True,1.44905
4505,11889,2023-07-21,0.0024812,0.0433142,True,0.625258
4505,11890,2023-07-22,0.00279767,0.142244,True,33.5815
4505,11891,2023-07-23,0.00302193,0.15619,True,29.3626
4505,11892,2023-07-24,0.00296627,0.0416937,True,0
4505,11893,2023-07-25,0.00293767,0.0497078,True,2.485
4505,11894,2023-07-26,0.00289193,0.0334894,True,0.0480968
4505,11895,2023-07-27,0.00324243,0.232434,True,49.9918
4505,11896,2023-07-28,0.00323914,0.0640694,True,5.70749
4505,11897,2023-07-29,0.00321124,0.0641831,True,1.95594
4505,11898,2023-07-30,0.00323557,0.056312,True,9.2134
4505,11899,2023-07-31,0.00320036,0.0474302,True,0.288581
4505,11900,2023-08-01,0.00317253,0.0460375,True,1.06292
4505,11901,2023-08-02,0.00319973,0.0715282,True,9.25484
4505,11902,2023-08-03,0.00318053,0.0470804,True,1.95775
4505,11903,2023-08-04,0.0032352,0.0755126,True,13.689
4505,11904,2023-08-05,0.00326966,0.0717186,True,10.6515
4505,11905,2023-08-06,0.00325411,0.0484161,True,2.19163
4505,11906,2023-08-07,0.00332692,0.104913,True,17.5263
4505,11907,2023-08-08,0.00330511,0.044819,True,0.879526
4505,11908,2023-08-09,0.00342257,0.150199,True,26.5385
4505,11909,2023-08-10,0.00374753,0.401121,True,70.7186
4505,11910,2023-08-11,0.00400056,0.379902,True,62.3116
4505,11911,2023-08-12,0.00415513,0.358914,True,43.5136
4505,11912,2023-08-13,0.00426765,0.303823,True,35.1929
4505,11913,2023-08-14,0.00489025,0.503252,True,180.626
4505,11914,2023-08-15,0.00508157,0.521302,True,68.5246
4505,11915,2023-08-16,0.0050688,0.129221,True,5.89839
4505,11916,2023-08-17,0.00506921,0.104708,True,9.89874
4505,11917,2023-08-18,0.00507596,0.0700314,True,11.8255
4505,11918,2023-08-19,0.00505517,0.0428272,True,2.62929
4505,11919,2023-08-20,0.00502725,0.0419848,True,0
4505,11920,2023-08-21,0,0.0209241,False,0.400807
4505,11921,2023-08-22,0.00324183,0.159288,True,46.8914
4505,11922,2023-08-23,0.00457121,0.426472,True,82.5463
4505,11923,2023-08-24,0.00435467,0.116281,True,10.5676
4505,11924,2023-08-25,0.00454028,0.210996,True,33.2519
4505,11925,2023-08-26,0.00434124,0.0321848,True,0.997553
4505,11926,2023-08-27,0,0.0230531,False,0
4505,11927,2023-08-28,0.00119383,0.0315436,True,5.43494
4505,11928,2023-08-29,0.00104529,0.0322162,True,0.176355
4505,11929,2023-08-30,0,0.0219619,False,0.0587563
4505,11930,2023-08-31,0,0.0160367,False,0
4506,11853,2023-06-15,0.000549531,0.019974,True,5.4433
4506,11854,2023-06-16,0.000503821,0.012958,True,0
4506,11855,2023-06-17,0,0.00948691,False,0
4506,11856,2023-06-18,0,0.00658124,False,0
4506,11857,2023-06-19,0.00107771,0.0392674,True,31.3719
4506,11858,2023-06-20,0.000929083,0.0154185,True,0
4506,11859,2023-06-21,0,0.0130541,False,0.638147
4506,11860,2023-06-22,0,0.00871046,False,0
4506,11861,2023-06-23,0.00086279,0.0327519,True,17.585
4506,11862,2023-06-24,0.00152631,0.226329,True,59.712
4506,11863,2023-06-25,0.00160528,0.337276,True,25.2544
4506,11864,2023-06-26,0.00170899,0.314039,True,29.9017
4506,11865,2023-06-27,0.00163457,0.0552402,True,0.880337
4506,11866,2023-06-28,0,0.0361888,False,0.657485
4506,11867,2023-06-29,0.000456412,0.032118,True,3.66968
4506,11868,2023-06-30,0.000801643,0.0405518,True,12.2141
4506,11869,2023-07-01,0.000745441,0.0227151,True,0.469116
4506,11870,2023-07-02,0,0.0197798,False,0
4506,11871,2023-07-03,0.000648243,0.025575,True,8.44218
4506,11872,2023-07-04,0.00109007,0.0644553,True,24.9745
4506,11873,2023-07-05,0.00119266,0.035894,True,14.6746
4506,11874,2023-07-06,0.00134935,0.0700217,True,22.3108
4506,11875,2023-07-07,0.00130449,0.0225912,True,2.05195
4506,11876,2023-07-08,0.00126402,0.027529,True,1.12824
4506,11877,2023-07-09,0.00199373,0.249618,True,127.851
4506,11878,2023-07-10,0.00225546,0.257762,True,74.0851
4506,11879,2023-07-11,0.0022119,0.0462741,True,3.24655
4506,11880,2023-07-12,0.00216428,0.0399426,True,0.44118
4506,11881,2023-07-13,0.00221136,0.0849253,True,25.1937
4506,11882,2023-07-14,0.00232276,0.125428,True,45.6433
4506,11883,2023-07-15,0.00234386,0.112691,True,19.3994
4506,11884,2023-07-16,0.00243906,0.196322,True,44.9346
4506,11885,2023-07-17,0.00240798,0.0315847,True,1.64838
4506,11886,2023-07-18,0.00240361,0.0566508,True,10.4084
4506,11887,2023-07-19,0.0024993,0.158272,True,48.2746
4506,11888,2023-07-20,0.00247588,0.0306807,True,2.75345
4506,11889,2023-07-21,0.00254785,0.184712,True,41.2876
4506,11890,2023-07-22,0.00255342,0.0570482,True,14.2621
4506,11891,2023-07-23,0.00259213,0.145948,True,28.7571
4506,11892,2023-07-24,0.00257684,0.0290137,True,4.68754
4506,11893,2023-07-25,0.00258922,0.0670973,True,16.9497
4506,11894,2023-07-26,0.00256648,0.0252238,True,0.333751
4506,11895,2023-07-27,0.00258707,0.0623196,True,20.4758
4506,11896,2023-07-28,0.00258445,0.035457,True,9.2556
4506,11897,2023-07-29,0.00259375,0.0508368,True,14.9312
4506,11898,2023-07-30,0.00258341,0.0268402,True,4.92141
4506,11899,2023-07-31,0.00256479,0.0275194,True,0.34808
4506,11900,2023-08-01,0.0025554,0.0284087,True,4.69413
4506,11901,2023-08-02,0.00256509,0.0504687,True,14.3738
4506,11902,2023-08-03,0.00255145,0.0320291,True,1.9574
4506,11903,2023-08-04,0.00255272,0.0562702,True,9.62604
4506,11904,2023-08-05,0.00260831,0.142167,True,39.3898
4506,11905,2023-08-06,0.00260047,0.0385597,True,4.63588
4506,11906,2023-08-07,0.00261918,0.0932015,True,19.5427
4506,11907,2023-08-08,0.00261036,0.035514,True,3.73501
4506,11908,2023-08-09,0.00263205,0.107899,True,21.3992
4506,11909,2023-08-10,0.00267193,0.148108,True,32.6748
4506,11910,2023-08-11,0.0027644,0.329362,True,66.5855
4506,11911,2023-08-12,0.00284288,0.341919,True,60.5595
4506,11912,2023-08-13,0.00288844,0.287333,True,40.5219
4506,11913,2023-08-14,0.00316273,0.431776,True,208.272
4506,11914,2023-08-15,0.00321274,0.449045,True,50.4493
4506,11915,2023-08-16,0.00320284,0.0723611,True,4.29991
4506,11916,2023-08-17,0.00320305,0.0615266,True,12.0066
4506,11917,2023-08-18,0.00322424,0.117188,True,28.7002
4506,11918,2023-08-19,0.00321449,0.0428424,True,3.82026
4506,11919,2023-08-20,0.00320037,0.0317394,True,0
4506,11920,2023-08-21,0.00319358,0.0415976,True,5.72246
4506,11921,2023-08-22,0.0032368,0.201953,True,47.0489
4506,11922,2023-08-23,0.00331516,0.454631,True,78.3649
4506,11923,2023-08-24,0.00337062,0.402069,True,60.6521
4506,11924,2023-08-25,0.00337909,0.199097,True,19.6271
4506,11925,2023-08-26,0.00336962,0.0537106,True,3.38551
4506,11926,2023-08-27,0.00335668,0.0294395,True,0
4506,11927,2023-08-28,0.0033557,0.0592697,True,10.6724
4506,11928,2023-08-29,0.0033447,0.0392179,True,1.31567
4506,11929,2023-08-30,0.00333251,0.0339739,True,0
4506,11930,2023-08-31,0,0.00737842,False,0
4507,11853,2023-06-15,0.000662446,0.0274419,True,12.0433
4507,11854,2023-06-16,0.000607349,0.0113681,True,0
4507,11855,2023-06-17,0,0.00959696,False,0
4507,11856,2023-06-18,0,0.00515455,False,0
4507,11857,2023-06-19,0.000779695,0.0239673,True,22.0527
4507,11858,2023-06-20,0.000672142,0.0103518,True,0
4507,11859,2023-06-21,0.000671634,0.013073,True,4.27575
4507,11860,2023-06-22,0.000872857,0.0420652,True,24.9396
4507,11861,2023-06-23,0.000833124,0.0131745,True,0.125625
4507,11862,2023-06-24,0.00102531,0.123076,True,34.0059
4507,11863,2023-06-25,0.00108509,0.0739667,True,17.3235
4507,11864,2023-06-26,0.00119382,0.179938,True,29.911
4507,11865,2023-06-27,0.00116488,0.0429794,True,0.183175
4507,11866,2023-06-28,0,0.0240867,False,0
4507,11867,2023-06-29,0.00062691,0.0468126,True,10.2234
4507,11868,2023-06-30,0.000671185,0.0226678,True,5.74775
4507,11869,2023-07-01,0.000623008,0.0195718,True,0.411252
4507,11870,2023-07-02,0,0.0167571,False,0.723393
4507,11871,2023-07-03,0.000380744,0.0155957,True,3.92502
4507,11872,2023-07-04,0.00095847,0.065507,True,31.7195
4507,11873,2023-07-05,0.00095362,0.0317905,True,6.53434
4507,11874,2023-07-06,0.00106466,0.0674406,True,17.8965
4507,11875,2023-07-07,0.00118249,0.0579768,True,22.2099
4507,11876,2023-07-08,0.00114297,0.0277355,True,0.858056
4507,11877,2023-07-09,0.00169951,0.276333,True,118.372
4507,11878,2023-07-10,0.00201521,0.277542,True,102.155
4507,11879,2023-07-11,0.00203995,0.119263,True,24.3345
4507,11880,2023-07-12,0.00199546,0.0551278,True,0.326717
4507,11881,2023-07-13,0.00198192,0.0317358,True,9.31622
4507,11882,2023-07-14,0.00201983,0.0658431,True,27.1835
4507,11883,2023-07-15,0.00209823,0.181219,True,43.9709
4507,11884,2023-07-16,0.00231278,0.276096,True,107.477
4507,11885,2023-07-17,0.00230544,0.0773108,True,12.47
4507,11886,2023-07-18,0.00231788,0.0965579,True,21.3325
4507,11887,2023-07-19,0.00243438,0.345548,True,75.0302
4507,11888,2023-07-20,0.00240749,0.04286,True,1.43595
4507,11889,2023-07-21,0.00246415,0.219503,True,46.6489
4507,11890,2023-07-22,0.00249057,0.1354,True,30.7145
4507,11891,2023-07-23,0.00248323,0.0918616,True,10.9414
4507,11892,2023-07-24,0.00246489,0.0229865,True,3.73714
4507,11893,2023-07-25,0.00248802,0.0677879,True,28.4789
4507,11894,2023-07-26,0.00246784,0.027996,True,1.47005
4507,11895,2023-07-27,0.00248341,0.0636422,True,23.5463
4507,11896,2023-07-28,0.00248894,0.048693,True,17.0781
4507,11897,2023-07-29,0.00249115,0.0424469,True,14.7142
4507,11898,2023-07-30,0.00247454,0.0223245,True,1.80126
4507,11899,2023-07-31,0.00245605,0.0234482,True,0
4507,11900,2023-08-01,0.00244235,0.021226,True,2.74943
4507,11901,2023-08-02,0.00242846,0.0230779,True,2.18609
4507,11902,2023-08-03,0.0024214,0.033933,True,6.49995
4507,11903,2023-08-04,0.00244078,0.0572436,True,24.8988
4507,11904,2023-08-05,0.00245149,0.0547227,True,18.8946
4507,11905,2023-08-06,0.00243667,0.0265188,True,0.233131
4507,11906,2023-08-07,0.00244063,0.0524997,True,13.6915
4507,11907,2023-08-08,0.00243855,0.0444483,True,9.07336
4507,11908,2023-08-09,0.00243959,0.0597265,True,11.2429
4507,11909,2023-08-10,0.00243589,0.0424147,True,7.47614
4507,11910,2023-08-11,0.00250453,0.319248,True,63.9809
4507,11911,2023-08-12,0.0025913,0.391734,True,81.697
4507,11912,2023-08-13,0.00264182,0.316457,True,54.2501
4507,11913,2023-08-14,0.00284696,0.498892,True,197.338
4507,11914,2023-08-15,0.00289426,0.508335,True,58.6618
4507,11915,2023-08-16,0.00288228,0.0730988,True,1.8335
4507,11916,2023-08-17,0.00287726,0.0413038,True,8.31377
4507,11917,2023-08-18,0.0028675,0.0288303,True,3.38424
4507,11918,2023-08-19,0.00285496,0.0351387,True,0.336906
4507,11919,2023-08-20,0,0.0126611,False,0.566897
4507,11920,2023-08-21,0.000997309,0.0336434,True,11.5948
4507,11921,2023-08-22,0.00136663,0.0312057,True,18.5227
4507,11922,2023-08-23,0.00189483,0.0787381,True,40.5
4507,11923,2023-08-24,0.00294738,0.408954,True,128.766
4507,11924,2023-08-25,0.00295362,0.156895,True,21.5764
4507,11925,2023-08-26,0.00285093,0.0469198,True,1.63359
4507,11926,2023-08-27,0.00275854,0.0167208,True,0
4507,11927,2023-08-28,0.00270356,0.0159062,True,3.89315
4507,11928,2023-08-29,0.00264095,0.0180554,True,0.816793
4507,11929,2023-08-30,0,0.0105592,False,0
4507,11930,2023-08-31,0,0.00650211,False,0
4508,11853,2023-06-15,0.00100218,0.0601425,True,12.6533
4508,11854,2023-06-16,0.000919612,0.0225741,True,0.0620655
4508,11855,2023-06-17,0,0.0215112,False,0
4508,11856,2023-06-18,0,0.0144817,False,0.017733
4508,11857,2023-06-19,0.000610591,0.0352075,True,8.4113
4508,11858,2023-06-20,0.000526353,0.022049,True,0
4508,11859,2023-06-21,0.000696764,0.0573303,True,9.5057
4508,11860,2023-06-22,0.00113103,0.173725,True,37.2391
4508,11861,2023-06-23,0.00109451,0.0559959,True,1.72397
4508,11862,2023-06-24,0.00132827,0.241633,True,34.9628
4508,11863,2023-06-25,0.00147262,0.247243,True,29.7401
4508,11864,2023-06-26,0.00161866,0.365483,True,35.1136
4508,11865,2023-06-27,0.00158269,0.059975,True,0.88184
4508,11866,2023-06-28,0,0.0433705,False,0.17733
4508,11867,2023-06-29,0.000610611,0.0527243,True,6.01831
4508,11868,2023-06-30,0.000579299,0.0380588,True,1.3122
4508,11869,2023-07-01,0.000643036,0.0527064,True,3.53621
4508,11870,2023-07-02,0.000629751,0.0455342,False,0.95057
4508,11871,2023-07-03,0.000652935,0.0401009,False,2.22929
4508,11872,2023-07-04,0.000885133,0.0728046,True,14.4343
4508,11873,2023-07-05,0.000858775,0.0381607,True,0.163127
4508,11874,2023-07-06,0.00103931,0.0962138,True,16.3605
4508,11875,2023-07-07,0.00127778,0.148033,True,27.5381
4508,11876,2023-07-08,0.00124964,0.0518365,True,0.0414993
4508,11877,2023-07-09,0.00193017,0.322434,True,112.839
4508,11878,2023-07-10,0.00234315,0.30047,True,101.945
4508,11879,2023-07-11,0.00242887,0.286113,True,33.2196
4508,11880,2023-07-12,0.00239069,0.0622603,True,0
4508,11881,2023-07-13,0.00237609,0.0461546,True,5.75339
4508,11882,2023-07-14,0.00239494,0.0801044,True,14.9353
4508,11883,2023-07-15,0.00247028,0.139712,True,32.3673
4508,11884,2023-07-16,0.00268338,0.383727,True,80.8501
4508,11885,2023-07-17,0.00270468,0.154982,True,18.6185
4508,11886,2023-07-18,0.00270586,0.120404,True,11.2561
4508,11887,2023-07-19,0.00279648,0.188101,True,45.3381
4508,11888,2023-07-20,0.00277029,0.0414194,True,0.58179
4508,11889,2023-07-21,0.00278394,0.0842215,True,16.0071
4508,11890,2023-07-22,0.00282479,0.0968938,True,27.3311
4508,11891,2023-07-23,0.00281354,0.0454298,True,5.62943
4508,11892,2023-07-24,0.00279006,0.0365224,True,0
4508,11893,2023-07-25,0.00280857,0.0860067,True,17.8111
4508,11894,2023-07-26,0.00279023,0.0362675,True,1.5043
4508,11895,2023-07-27,0.00281285,0.0991575,True,19.5415
4508,11896,2023-07-28,0.0028461,0.110104,True,24.7096
4508,11897,2023-07-29,0.00285846,0.0940972,True,15.218
4508,11898,2023-07-30,0.00284764,0.0382992,True,4.07467
4508,11899,2023-07-31,0.00282898,0.0409556,True,0
4508,11900,2023-08-01,0,0.0176414,False,0.483706
4508,11901,2023-08-02,0,0.0133812,False,0
4508,11902,2023-08-03,0.00115888,0.0692854,True,11.7999
4508,11903,2023-08-04,0.00176301,0.0720317,True,26.2223
4508,11904,2023-08-05,0.00175373,0.0298104,True,6.95087
4508,11905,2023-08-06,0.00164905,0.0237995,True,0
4508,11906,2023-08-07,0.00168642,0.0373028,True,6.99512
4508,11907,2023-08-08,0.00179467,0.0730036,True,12.0545
4508,11908,2023-08-09,0.00179565,0.0385436,True,4.57955
4508,11909,2023-08-10,0.0018588,0.0687884,True,9.53349
4508,11910,2023-08-11,0.00231691,0.221561,True,51.4803
4508,11911,2023-08-12,0.0027613,0.318901,True,65.3755
4508,11912,2023-08-13,0.00299346,0.262383,True,45.2253
4508,11913,2023-08-14,0.00370672,0.414013,True,147.814
4508,11914,2023-08-15,0.00384664,0.428827,True,45.9059
4508,11915,2023-08-16,0.00378626,0.0672469,True,0
4508,11916,2023-08-17,0.00375637,0.0451138,True,6.13934
4508,11917,2023-08-18,0.00370496,0.0397145,True,0
4508,11918,2023-08-19,0.00366154,0.0442023,True,1.04957
4508,11919,2023-08-20,0.00361774,0.0309937,True,0.155772
4508,11920,2023-08-21,0.00360709,0.0481867,True,7.90226
4508,11921,2023-08-22,0.0035747,0.036436,True,1.79611
4508,11922,2023-08-23,0.00367603,0.132167,True,37.1847
4508,11923,2023-08-24,0.00404465,0.411722,True,118.84
4508,11924,2023-08-25,0.00406598,0.190426,True,18.7767
4508,11925,2023-08-26,0.00402922,0.0502372,True,0
4508,11926,2023-08-27,0,0.019405,False,0.522007
4508,11927,2023-08-28,0.000489368,0.0181263,False,2.00573
4508,11928,2023-08-29,0.000421846,0.0177298,False,0
4508,11929,2023-08-30,0,0.0175221,False,0
4508,11930,2023-08-31,0,0.0138185,False,0
4509,11853,2023-06-15,0.000335763,0.0366322,True,3.7136
4509,11854,2023-06-16,0.000302117,0.0451,False,0.342807
4509,11855,2023-06-17,0,0.0233211,False,0
4509,11856,2023-06-18,0,0.0151317,False,0.110322
4509,11857,2023-06-19,0,0.0163283,False,0.595692
4509,11858,2023-06-20,0,0.0138547,False,0
4509,11859,2023-06-21,0,0.012491,False,0
4509,11860,2023-06-22,0,0.0112258,False,0.0489725
4509,11861,2023-06-23,0,0.0122328,False,0
4509,11862,2023-06-24,0,0.0115694,False,0
4509,11863,2023-06-25,0.000311389,0.0360815,True,3.66423
4509,11864,2023-06-26,0.000510422,0.104308,True,10.0907
4509,11865,2023-06-27,0.000523205,0.0478604,True,3.55163
4509,11866,2023-06-28,0.000609014,0.113742,True,9.55127
4509,11867,2023-06-29,0.00059529,0.0648413,True,1.41837
4509,11868,2023-06-30,0.000585425,0.0734302,True,1.33062
4509,11869,2023-07-01,0.000625038,0.0666163,True,6.65476
4509,11870,2023-07-02,0.000623897,0.0595081,True,2.05451
4509,11871,2023-07-03,0.000608356,0.0484786,True,0
4509,11872,2023-07-04,0,0.0214525,False,0.350025
4509,11873,2023-07-05,0.000368065,0.05175,True,5.5784
4509,11874,2023-07-06,0.000534028,0.0922365,True,10.7124
4509,11875,2023-07-07,0.000601966,0.0708768,True,8.6347
4509,11876,2023-07-08,0.000566399,0.0485865,True,0.0365632
4509,11877,2023-07-09,0.00121513,0.545296,True,107.66
4509,11878,2023-07-10,0.00152493,0.343935,True,96.8475
4509,11879,2023-07-11,0.00163757,0.429771,True,54.9894
4509,11880,2023-07-12,0.00159145,0.145104,True,0
4509,11881,2023-07-13,0.00155713,0.12349,True,1.9988
4509,11882,2023-07-14,0.00152435,0.0854079,True,0.752309
4509,11883,2023-07-15,0.00150203,0.113147,True,3.35643
4509,11884,2023-07-16,0.00155872,0.343528,True,35.3174
4509,11885,2023-07-17,0.00156545,0.321341,True,14.7149
4509,11886,2023-07-18,0.00155346,0.145306,True,5.78186
4509,11887,2023-07-19,0.001536,0.152122,True,2.47788
4509,11888,2023-07-20,0.00153166,0.206941,True,7.98381
4509,11889,2023-07-21,0.00154618,0.405957,True,16.8636
4509,11890,2023-07-22,0.00158564,0.416582,True,29.9646
4509,11891,2023-07-23,0.001584,0.235391,True,8.85819
4509,11892,2023-07-24,0.00156735,0.179361,True,0.343421
4509,11893,2023-07-25,0.00155837,0.18129,True,4.01549
4509,11894,2023-07-26,0.00154531,0.193686,True,1.32277
4509,11895,2023-07-27,0.00155951,0.465638,True,16.3909
4509,11896,2023-07-28,0.00157089,0.422286,True,14.9158
4509,11897,2023-07-29,0.00158234,0.431902,True,15.068
4509,11898,2023-07-30,0.0015797,0.188282,True,6.47836
4509,11899,2023-07-31,0.001567,0.166504,True,0
4509,11900,2023-08-01,0,0.105257,False,0.434945
4509,11901,2023-08-02,0,0.0737219,False,0
4509,11902,2023-08-03,0.000663596,0.13515,True,6.10035
4509,11903,2023-08-04,0.000573904,0.106726,True,0.040813
4509,11904,2023-08-05,0.000581036,0.121,False,1.39119
4509,11905,2023-08-06,0.000546316,0.0621934,False,0
4509,11906,2023-08-07,0.000578625,0.0639215,False,1.82226
4509,11907,2023-08-08,0.000604331,0.0790095,False,1.73202
4509,11908,2023-08-09,0.000584705,0.0641711,False,0
4509,11909,2023-08-10,0,0.0360026,False,0.0816259
4509,11910,2023-08-11,0.00102464,0.313722,True,26.8117
4509,11911,2023-08-12,0.00102659,0.158065,True,9.7265
4509,11912,2023-08-13,0.000973326,0.0733978,True,2.61203
4509,11913,2023-08-14,0.00130647,0.499126,True,42.3467
4509,11914,2023-08-15,0.00141098,0.58665,True,23.874
4509,11915,2023-08-16,0.00135699,0.184465,True,0
4509,11916,2023-08-17,0,0.139081,False,0.0867876
4509,11917,2023-08-18,0,0.11549,False,0.102032
4509,11918,2023-08-19,0.000370184,0.145639,True,2.93434
4509,11919,2023-08-20,0.000319102,0.157432,False,0
4509,11920,2023-08-21,0,0.0805725,False,0
4509,11921,2023-08-22,0.000212468,0.0680697,False,1.08673
4509,11922,2023-08-23,0.000523812,0.200531,True,8.36226
4509,11923,2023-08-24,0.000942863,0.454999,True,28.4476
4509,11924,2023-08-25,0.000923526,0.145045,True,3.3277
4509,11925,2023-08-26,0.00101061,0.472848,True,13.5374
4509,11926,2023-08-27,0.000971926,0.169838,True,0
4509,11927,2023-08-28,0,0.126041,False,0.826414
4509,11928,2023-08-29,0,0.0467138,False,0.604829
4509,11929,2023-08-30,0,0.0307118,False,0
4509,11930,2023-08-31,0,0.0261446,False,0
4510,11853,2023-06-15,0.000208395,0.0244897,False,1.19642
4510,11854,2023-06-16,0.000186144,0.022832,False,0.0909213
4510,11855,2023-06-17,0,0.0191372,False,0
4510,11856,2023-06-18,0,0.0173462,False,0.0649687
4510,11857,2023-06-19,0,0.0206329,False,0.71888
4510,11858,2023-06-20,0,0.0163357,False,0
4510,11859,2023-06-21,0,0.014796,False,0
4510,11860,2023-06-22,0,0.0155111,False,0.0129888
4510,11861,2023-06-23,0,0.0167304,False,0
4510,11862,2023-06-24,0,0.0152085,False,0
4510,11863,2023-06-25,0.000240085,0.0320855,False,1.89142
4510,11864,2023-06-26,0.000495424,0.192869,True,9.51176
4510,11865,2023-06-27,0.000515394,0.0519705,True,3.38769
4510,11866,2023-06-28,0.000690728,0.120795,True,15.8903
4510,11867,2023-06-29,0.000680608,0.0580527,True,2.15882
4510,11868,2023-06-30,0.000675237,0.0590928,True,2.17306
4510,11869,2023-07-01,0.00076338,0.108003,True,13.2321
4510,11870,2023-07-02,0.000770967,0.0457839,True,3.97826
4510,11871,2023-07-03,0.000751765,0.0452634,True,0
4510,11872,2023-07-04,0,0.0421822,False,0.54029
4510,11873,2023-07-05,0.000541794,0.148709,True,10.0434
4510,11874,2023-07-06,0.000649906,0.124196,True,9.78427
4510,11875,2023-07-07,0.00065824,0.0627128,True,4.51139
4510,11876,2023-07-08,0.000623987,0.0777794,True,0.412834
4510,11877,2023-07-09,0.0013391,0.4271,True,106.86
4510,11878,2023-07-10,0.00168324,0.266596,True,96.8845
4510,11879,2023-07-11,0.00188242,0.317479,True,79.471
4510,11880,2023-07-12,0.00182941,0.10652,True,0
4510,11881,2023-07-13,0.00179128,0.123207,True,2.63269
4510,11882,2023-07-14,0.00175452,0.0982636,True,1.15538
4510,11883,2023-07-15,0.0017313,0.0978811,True,4.57445
4510,11884,2023-07-16,0.00177325,0.295722,True,28.9977
4510,11885,2023-07-17,0.00177489,0.216866,True,13.0879
4510,11886,2023-07-18,0.00175808,0.0955733,True,4.71382
4510,11887,2023-07-19,0.00176385,0.25112,True,13.7504
4510,11888,2023-07-20,0.00176048,0.148123,True,9.35215
4510,11889,2023-07-21,0.00177928,0.227789,True,19.2464
4510,11890,2023-07-22,0.00182192,0.312732,True,31.1471
4510,11891,2023-07-23,0.00182227,0.20144,True,10.7116
4510,11892,2023-07-24,0.00180315,0.1182,True,0.389573
4510,11893,2023-07-25,0.00179274,0.10831,True,4.30723
4510,11894,2023-07-26,0.00177791,0.125162,True,1.5383
4510,11895,2023-07-27,0.00181272,0.355199,True,27.8372
4510,11896,2023-07-28,0.00183246,0.258221,True,20.1889
4510,11897,2023-07-29,0.00185504,0.28509,True,22.1669
4510,11898,2023-07-30,0.00185621,0.135499,True,9.83237
4510,11899,2023-07-31,0.00184129,0.0938107,True,0
4510,11900,2023-08-01,0,0.09378,False,0.277188
4510,11901,2023-08-02,0,0.0695593,False,0
4510,11902,2023-08-03,0.000818792,0.13991,True,7.46279
4510,11903,2023-08-04,0.00070585,0.0933781,True,0
4510,11904,2023-08-05,0,0.067935,False,0.122042
4510,11905,2023-08-06,0,0.0498979,False,0
4510,11906,2023-08-07,0.000432087,0.0402078,False,2.05218
4510,11907,2023-08-08,0.000391207,0.04683,False,0.218183
4510,11908,2023-08-09,0,0.0315441,False,0
4510,11909,2023-08-10,0,0.0289119,False,0
4510,11910,2023-08-11,0.0011831,0.307371,True,28.2356
4510,11911,2023-08-12,0.00110939,0.0573719,True,5.33633
4510,11912,2023-08-13,0.00101715,0.0505315,True,0
4510,11913,2023-08-14,0.00134412,0.374699,True,34.0994
4510,11914,2023-08-15,0.00146352,0.361192,True,21.307
4510,11915,2023-08-16,0.00140752,0.0892375,True,0
4510,11916,2023-08-17,0,0.0577605,False,0
4510,11917,2023-08-18,0,0.0485105,False,0
4510,11918,2023-08-19,0.000396306,0.0618946,True,2.8194
4510,11919,2023-08-20,0.000341621,0.0695426,False,0
4510,11920,2023-08-21,0,0.0338282,False,0
4510,11921,2023-08-22,0,0.0290647,False,0.646773
4510,11922,2023-08-23,0.00036461,0.0500493,True,2.86531
4510,11923,2023-08-24,0.000921028,0.286954,True,23.3399
4510,11924,2023-08-25,0.000880115,0.106416,True,2.33059
4510,11925,2023-08-26,0.0011199,0.334485,True,24.672
4510,11926,2023-08-27,0.00106766,0.0928194,True,0
4510,11927,2023-08-28,0,0.0793842,False,0.73486
4510,11928,2023-08-29,0,0.040423,False,0.987756
4510,11929,2023-08-30,0,0.0324674,False,0
4510,11930,2023-08-31,0,0.0250354,False,0
4511,11853,2023-06-15,0.000206004,0.0300409,False,1.12922
4511,11854,2023-06-16,0.000192091,0.0319652,False,0.198196
4511,11855,2023-06-17,0,0.0223217,False,0
4511,11856,2023-06-18,0,0.0222917,False,0.0676017
4511,11857,2023-06-19,0,0.0294468,False,0.259296
4511,11858,2023-06-20,0,0.0205021,False,0
4511,11859,2023-06-21,0,0.0189998,False,0
4511,11860,2023-06-22,0,0.0211429,False,0.099098
4511,11861,2023-06-23,0,0.021615,False,0
4511,11862,2023-06-24,0.000290597,0.0367803,False,2.34637
4511,11863,2023-06-25,0.000557685,0.254594,True,9.83816
4511,11864,2023-06-26,0.000594114,0.0768979,True,4.4121
4511,11865,2023-06-27,0.000627479,0.0877031,True,4.48757
4511,11866,2023-06-28,0.000728608,0.174901,True,10.5597
4511,11867,2023-06-29,0.000706378,0.0998044,True,0.52941
4511,11868,2023-06-30,0.00069396,0.174442,True,1.02784
4511,11869,2023-07-01,0.000747095,0.178541,True,7.79015
4511,11870,2023-07-02,0.000752105,0.138615,True,2.78321
4511,11871,2023-07-03,0.000735326,0.113178,True,0
4511,11872,2023-07-04,0.000762348,0.141051,True,5.40024
4511,11873,2023-07-05,0.000789035,0.100928,True,5.67458
4511,11874,2023-07-06,0.00082067,0.101405,True,6.76062
4511,11875,2023-07-07,0.000840696,0.0898824,True,5.28618
4511,11876,2023-07-08,0.000833759,0.0868682,True,0.899601
4511,11877,2023-07-09,0.00118036,0.435223,True,74.9237
4511,11878,2023-07-10,0.00136525,0.540002,True,55.1067
4511,11879,2023-07-11,0.00148364,0.296494,True,42.966
4511,11880,2023-07-12,0.0014718,0.147524,True,1.76847
4511,11881,2023-07-13,0.00147262,0.116206,True,5.83505
4511,11882,2023-07-14,0.00145733,0.0999039,True,0
4511,11883,2023-07-15,0.00145448,0.0932722,True,4.12966
4511,11884,2023-07-16,0.00152887,0.241452,True,32.8714
4511,11885,2023-07-17,0.00154018,0.186644,True,9.85626
4511,11886,2023-07-18,0.00153318,0.124853,True,2.55227
4511,11887,2023-07-19,0.00155388,0.277807,True,13.6859
4511,11888,2023-07-20,0.00156841,0.256327,True,11.3596
4511,11889,2023-07-21,0.00158039,0.229529,True,10.4031
4511,11890,2023-07-22,0.00161955,0.335748,True,22.7051
4511,11891,2023-07-23,0.00161947,0.118671,True,5.32405
4511,11892,2023-07-24,0.00160909,0.11162,True,0.436831
4511,11893,2023-07-25,0.00161696,0.198029,True,8.80514
4511,11894,2023-07-26,0.00162963,0.342199,True,11.1497
4511,11895,2023-07-27,0.00165817,0.37837,True,19.1456
4511,11896,2023-07-28,0.00167133,0.307022,True,11.8254
4511,11897,2023-07-29,0.0016846,0.316574,True,12.022
4511,11898,2023-07-30,0.00168797,0.194034,True,6.93387
4511,11899,2023-07-31,0.00167837,0.16533,True,0
4511,11900,2023-08-01,0,0.109972,False,0
4511,11901,2023-08-02,0,0.0702735,False,0
4511,11902,2023-08-03,0.000490068,0.0843974,True,2.93695
4511,11903,2023-08-04,0.000438072,0.0921166,False,0.227925
4511,11904,2023-08-05,0.00046699,0.110399,False,1.1517
4511,11905,2023-08-06,0.000439082,0.0760274,False,0
4511,11906,2023-08-07,0.000481906,0.0850812,False,1.45189
4511,11907,2023-08-08,0.000463449,0.0602582,False,0
4511,11908,2023-08-09,0,0.0319736,False,0
4511,11909,2023-08-10,0,0.0275105,False,0
4511,11910,2023-08-11,0.00101479,0.229968,True,20.5714
4511,11911,2023-08-12,0.000995702,0.0639596,True,6.28233
4511,11912,2023-08-13,0.000914547,0.056753,True,0.099098
4511,11913,2023-08-14,0.0012784,0.297221,True,34.0417
4511,11914,2023-08-15,0.00131212,0.266104,True,10.0138
4511,11915,2023-08-16,0.00126191,0.0914231,True,0
4511,11916,2023-08-17,0,0.0935942,False,0.72658
4511,11917,2023-08-18,0,0.0569369,False,0
4511,11918,2023-08-19,0,0.0467975,False,0
4511,11919,2023-08-20,0,0.0460262,False,0.259296
4511,11920,2023-08-21,0,0.0337483,False,0
4511,11921,2023-08-22,0,0.0237715,False,0
4511,11922,2023-08-23,0.000654128,0.303874,True,9.78033
4511,11923,2023-08-24,0.000849365,0.349935,True,12.9512
4511,11924,2023-08-25,0.000817198,0.106999,True,2.37243
4511,11925,2023-08-26,0.000990712,0.362557,True,17.2627
4511,11926,2023-08-27,0.000944496,0.0629908,True,0
4511,11927,2023-08-28,0,0.0420401,False,0
4511,11928,2023-08-29,0,0.0208979,False,0
4511,11929,2023-08-30,0,0.0187466,False,0
4511,11930,2023-08-31,0,0.0182231,False,0
4512,11853,2023-06-15,0.000204697,0.0273662,False,1.56943
4512,11854,2023-06-16,0.000200691,0.0302519,False,0.476085
4512,11855,2023-06-17,0,0.0201873,False,0
4512,11856,2023-06-18,0,0.0196747,False,0
4512,11857,2023-06-19,0.000188091,0.0303921,False,1.30746
4512,11858,2023-06-20,0.000162132,0.0259536,False,0
4512,11859,2023-06-21,0,0.0222028,False,0
4512,11860,2023-06-22,0,0.0269796,False,0.238043
4512,11861,2023-06-23,0,0.0229951,False,0
4512,11862,2023-06-24,0.000210629,0.031713,False,1.66475
4512,11863,2023-06-25,0.000321885,0.108152,False,3.7442
4512,11864,2023-06-26,0.000353572,0.10097,False,2.43757
4512,11865,2023-06-27,0.000354233,0.0943953,False,1.09541
4512,11866,2023-06-28,0.000471495,0.0960366,True,8.83142
4512,11867,2023-06-29,0.000454057,0.0874521,False,0.050091
4512,11868,2023-06-30,0,0.0797864,False,0.957613
4512,11869,2023-07-01,0.000314006,0.0756413,True,3.9038
4512,11870,2023-07-02,0.00033861,0.0979684,True,2.28546
4512,11871,2023-07-03,0.000310439,0.071466,False,0
4512,11872,2023-07-04,0.000416211,0.0945876,True,6.6578
4512,11873,2023-07-05,0.000453916,0.0914504,True,4.09832
4512,11874,2023-07-06,0.0005128,0.0695328,True,6.65954
4512,11875,2023-07-07,0.00056619,0.0774559,True,7.37389
4512,11876,2023-07-08,0.000576639,0.0617149,True,3.13905
4512,11877,2023-07-09,0.000889915,0.258304,True,53.6881
4512,11878,2023-07-10,0.00104304,0.317905,True,39.7497
4512,11879,2023-07-11,0.00110569,0.293333,True,22.4564
4512,11880,2023-07-12,0.00109557,0.083077,True,2.94207
4512,11881,2023-07-13,0.0011008,0.0740415,True,7.05727
4512,11882,2023-07-14,0.00108408,0.0760889,True,0.183088
4512,11883,2023-07-15,0.00108042,0.0719434,True,3.7999
4512,11884,2023-07-16,0.00113907,0.197379,True,24.1441
4512,11885,2023-07-17,0.00113414,0.0610367,True,3.37802
4512,11886,2023-07-18,0.00112294,0.0616122,True,0.91364
4512,11887,2023-07-19,0.00112868,0.0743267,True,6.72178
4512,11888,2023-07-20,0.00114532,0.124598,True,10.7915
4512,11889,2023-07-21,0.00114079,0.0691528,True,2.81947
4512,11890,2023-07-22,0.00118895,0.177718,True,23.7175
4512,11891,2023-07-23,0.00118854,0.0520314,True,4.50671
4512,11892,2023-07-24,0.00117834,0.0724867,True,0.245755
4512,11893,2023-07-25,0.00118747,0.0833387,True,8.31567
4512,11894,2023-07-26,0.00122914,0.210034,True,23.0512
4512,11895,2023-07-27,0.00126156,0.168581,True,19.8415
4512,11896,2023-07-28,0.00127955,0.153161,True,13.5251
4512,11897,2023-07-29,0.001315,0.209183,True,22.7644
4512,11898,2023-07-30,0.00131671,0.0644392,True,5.84352
4512,11899,2023-07-31,0.0013075,0.0768105,True,0
4512,11900,2023-08-01,0,0.0627481,False,0
4512,11901,2023-08-02,0,0.045937,False,0
4512,11902,2023-08-03,0.00024979,0.046247,False,1.01193
4512,11903,2023-08-04,0.000263957,0.0512393,False,0.526871
4512,11904,2023-08-05,0.000387583,0.103267,False,2.51791
4512,11905,2023-08-06,0.000364419,0.0440643,False,0
4512,11906,2023-08-07,0.00039514,0.080289,False,1.23076
4512,11907,2023-08-08,0.000380005,0.0478462,False,0
4512,11908,2023-08-09,0,0.0273592,False,0
4512,11909,2023-08-10,0,0.0209023,False,0
4512,11910,2023-08-11,0.000537248,0.0723845,True,6.9566
4512,11911,2023-08-12,0.000591211,0.0591369,True,4.54323
4512,11912,2023-08-13,0.000547254,0.0727416,True,0.229074
4512,11913,2023-08-14,0.00085405,0.172372,True,21.5603
4512,11914,2023-08-15,0.000890612,0.0461868,True,6.75311
4512,11915,2023-08-16,0.000856515,0.0415747,True,0
4512,11916,2023-08-17,0,0.0392072,False,0.924609
4512,11917,2023-08-18,0,0.0348729,False,0
4512,11918,2023-08-19,0,0.0308859,False,0
4512,11919,2023-08-20,0,0.0301174,False,0.29715
4512,11920,2023-08-21,0,0.0205875,False,0
4512,11921,2023-08-22,0,0.019005,False,0
4512,11922,2023-08-23,0.000199056,0.0219632,False,1.06776
4512,11923,2023-08-24,0.000423099,0.0691211,True,5.77347
4512,11924,2023-08-25,0.000470758,0.0630365,True,3.34911
4512,11925,2023-08-26,0.000640244,0.153601,True,11.5962
4512,11926,2023-08-27,0.000610366,0.0489659,True,0
4512,11927,2023-08-28,0,0.0293931,False,0
4512,11928,2023-08-29,0,0.0191763,False,0
4512,11929,2023-08-30,0,0.0195186,False,0
4512,11930,2023-08-31,0,0.0188923,False,0
4513,11853,2023-06-15,0.00017597,0.0240786,False,1.26296
4513,11854,2023-06-16,0.000163078,0.024849,False,0.202991
4513,11855,2023-06-17,0,0.0178796,False,0
4513,11856,2023-06-18,0,0.0163366,False,0
4513,11857,2023-06-19,0.000217561,0.0295355,False,1.93591
4513,11858,2023-06-20,0.00022416,0.038442,False,0.858655
4513,11859,2023-06-21,0,0.0237856,False,0
4513,11860,2023-06-22,0,0.0217535,False,0.118664
4513,11861,2023-06-23,0,0.0216068,False,0
4513,11862,2023-06-24,0,0.0270413,False,0.704655
4513,11863,2023-06-25,0.000176953,0.0467678,False,1.3053
4513,11864,2023-06-26,0.000181032,0.0460905,False,0.551644
4513,11865,2023-06-27,0,0.033185,False,0
4513,11866,2023-06-28,0.000227137,0.0481854,False,2.24811
4513,11867,2023-06-29,0.000210777,0.0748107,False,0.36847
4513,11868,2023-06-30,0.000238,0.0844448,False,1.40073
4513,11869,2023-07-01,0.000225447,0.0359986,False,0.0620324
4513,11870,2023-07-02,0,0.0344221,False,0.17879
4513,11871,2023-07-03,0,0.0278482,False,0
4513,11872,2023-07-04,0,0.0356639,False,0.237328
4513,11873,2023-07-05,0,0.0297309,False,0.0651643
4513,11874,2023-07-06,0.000208798,0.0553594,False,2.12203
4513,11875,2023-07-07,0.000257192,0.119189,False,2.3016
4513,11876,2023-07-08,0.000308946,0.105322,False,3.2905
4513,11877,2023-07-09,0.000635416,0.152668,True,30.9221
4513,11878,2023-07-10,0.000775747,0.162054,True,25.6544
4513,11879,2023-07-11,0.000894254,0.280887,True,29.0758
4513,11880,2023-07-12,0.000895573,0.0970098,True,6.87005
4513,11881,2023-07-13,0.000911183,0.119772,True,9.92988
4513,11882,2023-07-14,0.000888492,0.0712556,True,0
4513,11883,2023-07-15,0.000875104,0.0846274,True,1.68611
4513,11884,2023-07-16,0.000903626,0.115265,True,12.7647
4513,11885,2023-07-17,0.000887729,0.0779863,True,0.22637
4513,11886,2023-07-18,0,0.0620807,False,0.0443459
4513,11887,2023-07-19,0.00043656,0.0788982,True,4.97267
4513,11888,2023-07-20,0.000480177,0.0990384,True,3.2392
4513,11889,2023-07-21,0.000493289,0.0999072,True,2.16737
4513,11890,2023-07-22,0.000658956,0.154778,True,11.0067
4513,11891,2023-07-23,0.000666184,0.0983989,True,2.74704
4513,11892,2023-07-24,0.000650907,0.10073,True,0.800277
4513,11893,2023-07-25,0.000710706,0.0710289,True,7.04713
4513,11894,2023-07-26,0.000768093,0.0636393,True,7.82
4513,11895,2023-07-27,0.000761587,0.052496,True,1.39367
4513,11896,2023-07-28,0.000764736,0.0572153,True,2.32696
4513,11897,2023-07-29,0.000813961,0.0681476,True,8.08884
4513,11898,2023-07-30,0.000801365,0.0515538,True,0.323532
4513,11899,2023-07-31,0,0.0289064,False,0
4513,11900,2023-08-01,0,0.0208777,False,0
4513,11901,2023-08-02,0,0.0238425,False,0
4513,11902,2023-08-03,0,0.0266213,False,0.712753
4513,11903,2023-08-04,0,0.0210801,False,0
4513,11904,2023-08-05,0,0.0215966,False,0.711962
4513,11905,2023-08-06,0,0.023357,False,0
4513,11906,2023-08-07,0.000226538,0.0267038,False,1.12293
4513,11907,2023-08-08,0.000195274,0.030506,False,0
4513,11908,2023-08-09,0,0.0258748,False,0
4513,11909,2023-08-10,0,0.01728,False,0
4513,11910,2023-08-11,0,0.0199256,False,0.355981
4513,11911,2023-08-12,0.00024911,0.0248873,False,1.99676
4513,11912,2023-08-13,0.000214731,0.0216638,False,0
4513,11913,2023-08-14,0.000505473,0.0711623,True,11.9084
4513,11914,2023-08-15,0.000534496,0.0476833,True,3.80299
4513,11915,2023-08-16,0.000509551,0.0407661,True,0
4513,11916,2023-08-17,0,0.0325421,False,0.21299
4513,11917,2023-08-18,0,0.0236661,False,0.299746
4513,11918,2023-08-19,0,0.0201307,False,0.0646772
4513,11919,2023-08-20,0,0.020624,False,0.0161693
4513,11920,2023-08-21,0,0.0170494,False,0
4513,11921,2023-08-22,0,0.0133423,False,0
4513,11922,2023-08-23,0,0.0132055,False,0
4513,11923,2023-08-24,0.000257307,0.0187624,True,2.53581
4513,11924,2023-08-25,0.000298664,0.044689,False,2.14213
4513,11925,2023-08-26,0.000345358,0.0416659,False,2.86485
4513,11926,2023-08-27,0.000325392,0.0371372,False,0.0323386
4513,11927,2023-08-28,0,0.0155323,False,0
4513,11928,2023-08-29,0,0.0119158,False,0
4513,11929,2023-08-30,0,0.0130334,False,0
4513,11930,2023-08-31,0,0.0121303,False,0
4514,11853,2023-06-15,0,0.02127,False,0.765715
4514,11854,2023-06-16,0,0.0241318,False,0.293654
4514,11855,2023-06-17,0,0.0182163,False,0
4514,11856,2023-06-18,0,0.0176388,False,0
4514,11857,2023-06-19,0.000258727,0.0286333,False,2.25818
4514,11858,2023-06-20,0.000271623,0.0683582,False,1.12994
4514,11859,2023-06-21,0.000249024,0.0435391,False,0
4514,11860,2023-06-22,0,0.0230186,False,0.0722396
4514,11861,2023-06-23,0,0.0222972,False,0
4514,11862,2023-06-24,0,0.0281486,False,0.284702
4514,11863,2023-06-25,0,0.0428508,False,0.794636
4514,11864,2023-06-26,0,0.042127,False,0.466002
4514,11865,2023-06-27,0,0.0346256,False,0
4514,11866,2023-06-28,0.000216315,0.0445255,False,1.62734
4514,11867,2023-06-29,0.000221384,0.0677633,False,0.689547
4514,11868,2023-06-30,0.000267176,0.0853567,False,1.76232
4514,11869,2023-07-01,0.000256198,0.042469,False,0.168568
4514,11870,2023-07-02,0,0.038506,False,0.313934
4514,11871,2023-07-03,0,0.0279082,False,0
4514,11872,2023-07-04,0,0.0295758,False,0.144479
4514,11873,2023-07-05,0,0.0314002,False,0.0358261
4514,11874,2023-07-06,0.000212373,0.0587106,False,1.73951
4514,11875,2023-07-07,0.000227594,0.0661478,False,0.983268
4514,11876,2023-07-08,0.000286616,0.0895703,False,2.51
4514,11877,2023-07-09,0.000607332,0.181026,True,22.6335
4514,11878,2023-07-10,0.000754265,0.122549,True,20.1664
4514,11879,2023-07-11,0.00089455,0.182833,True,25.9257
4514,11880,2023-07-12,0.000903975,0.069321,True,6.92843
4514,11881,2023-07-13,0.000929462,0.126078,True,9.96068
4514,11882,2023-07-14,0.000906576,0.070162,True,0.0537391
4514,11883,2023-07-15,0.00089895,0.0841022,True,2.68017
4514,11884,2023-07-16,0.000928808,0.162855,True,10.8092
4514,11885,2023-07-17,0.000912707,0.105546,True,0.245765
4514,11886,2023-07-18,0,0.0769775,False,0.0394582
4514,11887,2023-07-19,0.00040684,0.08237,True,3.66543
4514,11888,2023-07-20,0.000465381,0.107917,True,2.89636
4514,11889,2023-07-21,0.000479131,0.121179,False,1.76912
4514,11890,2023-07-22,0.000627929,0.111101,True,8.17224
4514,11891,2023-07-23,0.000641628,0.112017,True,2.5335
4514,11892,2023-07-24,0.000633473,0.0787866,True,1.05726
4514,11893,2023-07-25,0.000701038,0.075517,True,6.40301
4514,11894,2023-07-26,0.00074247,0.0584992,True,5.13368
4514,11895,2023-07-27,0.000752363,0.0537075,True,2.60651
4514,11896,2023-07-28,0.000766059,0.0609501,True,2.98516
4514,11897,2023-07-29,0.000798434,0.0588178,True,5.05114
4514,11898,2023-07-30,0.000790036,0.0641166,False,0.707258
4514,11899,2023-07-31,0,0.042215,False,0
4514,11900,2023-08-01,0,0.031872,False,0
4514,11901,2023-08-02,0,0.0334729,False,0
4514,11902,2023-08-03,0,0.0341855,False,0.55316
4514,11903,2023-08-04,0,0.0320575,False,0
4514,11904,2023-08-05,0,0.0328983,False,0.516471
4514,11905,2023-08-06,0,0.0360561,False,0
4514,11906,2023-08-07,0,0.037097,False,0.878546
4514,11907,2023-08-08,0,0.0308736,False,0
4514,11908,2023-08-09,0,0.0185065,False,0
4514,11909,2023-08-10,0,0.0156178,False,0
4514,11910,2023-08-11,0,0.0183459,False,0.258235
4514,11911,2023-08-12,0.000211117,0.0222225,False,1.17731
4514,11912,2023-08-13,0.000181981,0.0193565,False,0
4514,11913,2023-08-14,0.000477083,0.0693294,True,9.05471
4514,11914,2023-08-15,0.000558996,0.0470183,True,5.86333
4514,11915,2023-08-16,0.000532908,0.0326175,True,0
4514,11916,2023-08-17,0,0.0259975,False,0
4514,11917,2023-08-18,0,0.0204939,False,0.482233
4514,11918,2023-08-19,0,0.0182066,False,0.0702185
4514,11919,2023-08-20,0,0.0192719,False,0.0175546
4514,11920,2023-08-21,0,0.0155823,False,0
4514,11921,2023-08-22,0,0.0123625,False,0
4514,11922,2023-08-23,0,0.0116603,False,0
4514,11923,2023-08-24,0.000251465,0.0165784,False,1.97625
4514,11924,2023-08-25,0.000271299,0.0233765,False,1.16007
4514,11925,2023-08-26,0.000308751,0.0345813,False,1.75738
4514,11926,2023-08-27,0.000291307,0.0207368,False,0.0351092
4514,11927,2023-08-28,0,0.0134911,False,0
4514,11928,2023-08-29,0,0.0114247,False,0.0716522
4514,11929,2023-08-30,0,0.0124442,False,0
4514,11930,2023-08-31,0,0.0106033,False,0
4515,11853,2023-06-15,0,0.0257846,False,0.651253
4515,11854,2023-06-16,0,0.0258989,False,0.268815
4515,11855,2023-06-17,0,0.0199891,False,0
4515,11856,2023-06-18,0,0.0191003,False,0
4515,11857,2023-06-19,0.000257393,0.0315001,False,2.29208
4515,11858,2023-06-20,0.000278798,0.0782095,False,1.37525
4515,11859,2023-06-21,0.000255601,0.0519184,False,0
4515,11860,2023-06-22,0,0.02433,False,0.0389337
4515,11861,2023-06-23,0,0.0241518,False,0
4515,11862,2023-06-24,0,0.0231603,False,0.0659623
4515,11863,2023-06-25,0,0.0478767,False,0.42827
4515,11864,2023-06-26,0,0.0468843,False,0.41058
4515,11865,2023-06-27,0,0.0358461,False,0
4515,11866,2023-06-28,0.000196361,0.0450164,False,1.35703
4515,11867,2023-06-29,0.000211117,0.061838,False,0.781269
4515,11868,2023-06-30,0.000262036,0.0974774,False,1.85027
4515,11869,2023-07-01,0.000252141,0.0501981,False,0.194541
4515,11870,2023-07-02,0,0.0460935,False,0.372477
4515,11871,2023-07-03,0,0.031034,False,0
4515,11872,2023-07-04,0,0.0306143,False,0.0778673
4515,11873,2023-07-05,0,0.0316278,False,0.0240214
4515,11874,2023-07-06,0.000178502,0.0567185,False,1.22777
4515,11875,2023-07-07,0.000184812,0.0582364,False,0.562386
4515,11876,2023-07-08,0.000245949,0.105859,False,2.06407
4515,11877,2023-07-09,0.000543185,0.119428,True,18.4944
4515,11878,2023-07-10,0.000687762,0.0869572,True,17.7356
4515,11879,2023-07-11,0.000819986,0.103943,True,22.3072
4515,11880,2023-07-12,0.000832591,0.0419345,True,6.51884
4515,11881,2023-07-13,0.000860239,0.0579408,True,9.26454
4515,11882,2023-07-14,0.000839004,0.0464438,True,0.0360321
4515,11883,2023-07-15,0.000834522,0.0522719,True,2.82021
4515,11884,2023-07-16,0.000861933,0.066526,True,9.2931
4515,11885,2023-07-17,0.000847068,0.0511272,True,0.229773
4515,11886,2023-07-18,0,0.0310033,False,0.0354164
4515,11887,2023-07-19,0.000341261,0.0272506,True,2.72935
4515,11888,2023-07-20,0.000398075,0.0467456,False,2.35729
4515,11889,2023-07-21,0.000417726,0.060008,False,1.62985
4515,11890,2023-07-22,0.00053943,0.0507673,True,6.18974
4515,11891,2023-07-23,0.000555166,0.0501412,False,2.20271
4515,11892,2023-07-24,0.000555522,0.045911,False,1.28628
4515,11893,2023-07-25,0.000623535,0.0438398,False,5.86324
4515,11894,2023-07-26,0.000645875,0.0465926,False,3.12412
4515,11895,2023-07-27,0.000657441,0.0438227,False,2.34804
4515,11896,2023-07-28,0.000673635,0.0379296,False,2.81092
4515,11897,2023-07-29,0.000690672,0.0379594,False,2.99153
4515,11898,2023-07-30,0.000685986,0.0415354,False,0.826407
4515,11899,2023-07-31,0,0.0382557,False,0
4515,11900,2023-08-01,0,0.0330135,False,0
4515,11901,2023-08-02,0,0.0259347,False,0
4515,11902,2023-08-03,0,0.032823,False,0.337765
4515,11903,2023-08-04,0,0.029718,False,0
4515,11904,2023-08-05,0,0.0351117,False,0.290753
4515,11905,2023-08-06,0,0.0328041,False,0
4515,11906,2023-08-07,0,0.0352798,False,0.6651
4515,11907,2023-08-08,0,0.0240559,False,0
4515,11908,2023-08-09,0,0.0191546,False,0
4515,11909,2023-08-10,0,0.0172249,False,0
4515,11910,2023-08-11,0,0.0181829,False,0.145377
4515,11911,2023-08-12,0,0.0226244,False,0.567728
4515,11912,2023-08-13,0,0.0176574,False,0
4515,11913,2023-08-14,0.000458821,0.043828,True,6.54797
4515,11914,2023-08-15,0.000554673,0.0495537,True,6.58722
4515,11915,2023-08-16,0.000508535,0.0321913,True,0
4515,11916,2023-08-17,0,0.0270992,False,0
4515,11917,2023-08-18,0,0.0224746,False,0.584395
4515,11918,2023-08-19,0,0.0202816,False,0.0656495
4515,11919,2023-08-20,0,0.0200132,False,0.0164124
4515,11920,2023-08-21,0,0.016803,False,0
4515,11921,2023-08-22,0,0.0136782,False,0
4515,11922,2023-08-23,0,0.0134634,False,0
4515,11923,2023-08-24,0.000214515,0.0182181,False,1.5067
4515,11924,2023-08-25,0.000228384,0.0203411,False,0.82001
4515,11925,2023-08-26,0,0.0222309,False,0.956257
4515,11926,2023-08-27,0,0.0148016,False,0.0328248
4515,11927,2023-08-28,0,0.013312,False,0
4515,11928,2023-08-29,0,0.0116366,False,0.0480428
4515,11929,2023-08-30,0,0.0122998,False,0
4515,11930,2023-08-31,0,0.0114195,False,0
4516,11853,2023-06-15,0,0.0374954,False,0.539175
4516,11854,2023-06-16,0,0.0344036,False,0.219965
4516,11855,2023-06-17,0,0.0280578,False,0
4516,11856,2023-06-18,0,0.0255256,False,0
4516,11857,2023-06-19,0.000223841,0.0403084,False,2.24314
4516,11858,2023-06-20,0.000256204,0.103918,False,1.77726
4516,11859,2023-06-21,0.000240766,0.0863923,False,0.209824
4516,11860,2023-06-22,0,0.035063,False,0
4516,11861,2023-06-23,0,0.0309782,False,0
4516,11862,2023-06-24,0,0.0298928,False,0
4516,11863,2023-06-25,0,0.065132,False,0.629471
4516,11864,2023-06-26,0,0.0638178,False,0.586125
4516,11865,2023-06-27,0,0.0504649,False,0.054456
4516,11866,2023-06-28,0.00016431,0.0616155,False,1.21422
4516,11867,2023-06-29,0.000181218,0.0779361,False,0.802074
4516,11868,2023-06-30,0.00023801,0.128781,False,2.20874
4516,11869,2023-07-01,0.000234899,0.143589,False,0.443248
4516,11870,2023-07-02,0,0.108293,False,0.657263
4516,11871,2023-07-03,0,0.0444049,False,0
4516,11872,2023-07-04,0,0.0604393,False,0.367192
4516,11873,2023-07-05,0,0.0457102,False,0.0225452
4516,11874,2023-07-06,0.000160021,0.0770779,False,1.24949
4516,11875,2023-07-07,0.000162065,0.0735628,False,0.491528
4516,11876,2023-07-08,0.0002191,0.136849,False,2.13082
4516,11877,2023-07-09,0.000448218,0.217815,True,15.3037
4516,11878,2023-07-10,0.000587781,0.121719,True,17.7913
4516,11879,2023-07-11,0.000712999,0.143184,True,22.6539
4516,11880,2023-07-12,0.000727831,0.0530506,True,6.95623
4516,11881,2023-07-13,0.000754103,0.0798963,True,9.38576
4516,11882,2023-07-14,0.00073548,0.0577185,True,0.0338178
4516,11883,2023-07-15,0.00073274,0.066884,True,3.00415
4516,11884,2023-07-16,0.000754099,0.0780864,True,8.4119
4516,11885,2023-07-17,0.000740989,0.0670425,True,0.197119
4516,11886,2023-07-18,0,0.047102,False,0.338197
4516,11887,2023-07-19,0.000295823,0.0347787,True,2.63945
4516,11888,2023-07-20,0.00033291,0.0621456,False,1.92938
4516,11889,2023-07-21,0.00035126,0.0614356,False,1.53218
4516,11890,2023-07-22,0.000439886,0.0635246,False,4.9042
4516,11891,2023-07-23,0.000453253,0.0616282,False,1.90953
4516,11892,2023-07-24,0.000471395,0.0589089,False,2.25857
4516,11893,2023-07-25,0.000531533,0.0597108,False,5.62056
4516,11894,2023-07-26,0.000536297,0.060783,False,1.66979
4516,11895,2023-07-27,0.000545992,0.0614118,False,2.08634
4516,11896,2023-07-28,0.000559797,0.0605203,False,2.5238
4516,11897,2023-07-29,0.000581962,0.05201,False,3.51168
4516,11898,2023-07-30,0.000579092,0.0554125,False,0.874406
4516,11899,2023-07-31,0,0.0545347,False,0.140003
4516,11900,2023-08-01,0,0.052213,False,0
4516,11901,2023-08-02,0,0.0348555,False,0
4516,11902,2023-08-03,0.000221432,0.041878,False,1.33002
4516,11903,2023-08-04,0.000190872,0.0413386,False,0
4516,11904,2023-08-05,0,0.0401319,False,0.175576
4516,11905,2023-08-06,0,0.0576728,False,0.26468
4516,11906,2023-08-07,0,0.0482344,False,0.553961
4516,11907,2023-08-08,0,0.0304748,False,0.0360927
4516,11908,2023-08-09,0,0.0256608,False,0.210004
4516,11909,2023-08-10,0,0.0204485,False,0.0700013
4516,11910,2023-08-11,0,0.0220545,False,0.135912
4516,11911,2023-08-12,0,0.0201139,False,0
4516,11912,2023-08-13,0,0.0178032,False,0.0735391
4516,11913,2023-08-14,0.000381628,0.0538382,True,5.88098
4516,11914,2023-08-15,0.000485945,0.0605515,True,7.24669
4516,11915,2023-08-16,0.000445522,0.0405863,True,0
4516,11916,2023-08-17,0,0.0347314,False,0
4516,11917,2023-08-18,0,0.0292069,False,0.681181
4516,11918,2023-08-19,0,0.025334,False,0.0563198
4516,11919,2023-08-20,0,0.0259128,False,0.0140799
4516,11920,2023-08-21,0,0.0192564,False,0
4516,11921,2023-08-22,0,0.0155451,False,0
4516,11922,2023-08-23,0,0.0160016,False,0.141586
4516,11923,2023-08-24,0.000168931,0.0218711,False,1.196
4516,11924,2023-08-25,0.00017576,0.0227925,False,0.56544
4516,11925,2023-08-26,0.000206445,0.0195007,False,1.17159
4516,11926,2023-08-27,0.000195008,0.0166282,False,0.0281599
4516,11927,2023-08-28,0,0.0154707,False,0.05638
4516,11928,2023-08-29,0,0.0144454,False,0.0450904
4516,11929,2023-08-30,0,0.0138341,False,0
4516,11930,2023-08-31,0,0.01274,False,0
4521,11853,2023-06-15,0.00178827,0.0215078,True,0.0793202
4521,11854,2023-06-16,0,0.0160303,False,0
4521,11855,2023-06-17,0,0.0121894,False,0
4521,11856,2023-06-18,0,0.0118961,False,0
4521,11857,2023-06-19,0.00135917,0.0386623,True,13.8489
4521,11858,2023-06-20,0.00117177,0.0189186,True,0
4521,11859,2023-06-21,0,0.0139963,False,0
4521,11860,2023-06-22,0,0.0130868,False,0
4521,11861,2023-06-23,0.00222478,0.0957186,True,36.3794
4521,11862,2023-06-24,0.00278309,0.344633,True,41.9893
4521,11863,2023-06-25,0.00287766,0.301213,True,22.0292
4521,11864,2023-06-26,0.00271261,0.088963,True,0.500641
4521,11865,2023-06-27,0.00263107,0.0704543,True,3.63842
4521,11866,2023-06-28,0.00253187,0.0665126,True,0.115813
4521,11867,2023-06-29,0,0.0497977,False,0.101803
4521,11868,2023-06-30,0.00141867,0.0813336,True,12.4414
4521,11869,2023-07-01,0.00122308,0.0458639,True,0
4521,11870,2023-07-02,0,0.0371269,False,0
4521,11871,2023-07-03,0,0.0248054,False,0.02665
4521,11872,2023-07-04,0.00227911,0.140471,True,36.6028
4521,11873,2023-07-05,0.00197307,0.0582551,True,0.30535
4521,11874,2023-07-06,0.00226838,0.176356,True,21.929
4521,11875,2023-07-07,0.00276622,0.173289,True,41.7334
4521,11876,2023-07-08,0.00263739,0.084285,True,0
4521,11877,2023-07-09,0.00380681,0.409244,True,131.892
4521,11878,2023-07-10,0.00436524,0.462635,True,97.6616
4521,11879,2023-07-11,0.00436151,0.303315,True,19.4018
4521,11880,2023-07-12,0.00425326,0.130209,True,0
4521,11881,2023-07-13,0.00421097,0.0656884,True,9.13753
4521,11882,2023-07-14,0.00414705,0.062206,True,3.75585
4521,11883,2023-07-15,0.00413097,0.0964904,True,11.1638
4521,11884,2023-07-16,0.00431257,0.261007,True,49.3951
4521,11885,2023-07-17,0.00427593,0.104341,True,6.41136
4521,11886,2023-07-18,0.00422576,0.0794063,True,2.59746
4521,11887,2023-07-19,0.0042712,0.116322,True,22.4008
4521,11888,2023-07-20,0.00421636,0.0509405,True,0.0127787
4521,11889,2023-07-21,0,0.0298303,False,0
4521,11890,2023-07-22,0.00253902,0.0757112,True,20.1247
4521,11891,2023-07-23,0.00272851,0.0524008,True,11.5662
4521,11892,2023-07-24,0.00291849,0.0588461,True,11.8489
4521,11893,2023-07-25,0.00281297,0.0447111,True,2.27149
4521,11894,2023-07-26,0.00307709,0.0806401,True,15.0198
4521,11895,2023-07-27,0.00308211,0.0437325,True,5.31423
4521,11896,2023-07-28,0.00325675,0.0667535,True,13.1812
4521,11897,2023-07-29,0.00316859,0.0393599,True,0.177455
4521,11898,2023-07-30,0,0.0286063,False,0.0333358
4521,11899,2023-07-31,0.000665025,0.0267293,False,1.34136
4521,11900,2023-08-01,0.000968018,0.0387507,False,2.60314
4521,11901,2023-08-02,0.000892506,0.0443263,False,0.0456858
4521,11902,2023-08-03,0,0.0162859,False,0.202237
4521,11903,2023-08-04,0,0.0130169,False,0.0281729
4521,11904,2023-08-05,0.00414243,0.297212,True,61.0675
4521,11905,2023-08-06,0.00386798,0.125123,True,10.8838
4521,11906,2023-08-07,0.00416622,0.299172,True,28.3512
4521,11907,2023-08-08,0.00391884,0.0536143,True,0.0388918
4521,11908,2023-08-09,0.00397749,0.0928006,True,13.8238
4521,11909,2023-08-10,0.00462076,0.289803,True,54.478
4521,11910,2023-08-11,0.00541232,0.489394,True,81.6671
4521,11911,2023-08-12,0.00548867,0.250917,True,22.9854
4521,11912,2023-08-13,0.00575266,0.388913,True,43.9519
4521,11913,2023-08-14,0.00621727,0.475712,True,73.0432
4521,11914,2023-08-15,0.00650522,0.435076,True,56.7542
4521,11915,2023-08-16,0.0063862,0.0952588,True,0.0559769
4521,11916,2023-08-17,0,0.0466381,False,0.074145
4521,11917,2023-08-18,0,0.0350989,False,0
4521,11918,2023-08-19,0,0.0338083,False,0
4521,11919,2023-08-20,0,0.0367358,False,0.0586301
4521,11920,2023-08-21,0,0.0339294,False,0.0733387
4521,11921,2023-08-22,0.000844552,0.0278404,False,2.26829
4521,11922,2023-08-23,0.00370884,0.263741,True,62.7606
4521,11923,2023-08-24,0.00341267,0.0547805,True,0.452204
4521,11924,2023-08-25,0.00377832,0.266759,True,26.2416
4521,11925,2023-08-26,0.00360253,0.0527697,True,0
4521,11926,2023-08-27,0,0.0370184,False,0
4521,11927,2023-08-28,0,0.0310436,False,0.0968788
4521,11928,2023-08-29,0,0.0327726,False,0
4521,11929,2023-08-30,0,0.015924,False,0
4521,11930,2023-08-31,0,0.0158541,False,0
4522,11853,2023-06-15,0.000357617,0.0134895,False,2.34404
4522,11854,2023-06-16,0.000308268,0.0132759,False,0
4522,11855,2023-06-17,0,0.0116705,False,0.46536
4522,11856,2023-06-18,0,0.00949783,False,0
4522,11857,2023-06-19,0.000787602,0.0554503,True,11.7799
4522,11858,2023-06-20,0.000678959,0.0178981,True,0
4522,11859,2023-06-21,0.000663164,0.0213404,True,1.63956
4522,11860,2023-06-22,0.000623539,0.0144125,True,0
4522,11861,2023-06-23,0.000989636,0.0829277,True,24.9099
4522,11862,2023-06-24,0.00156336,0.402127,True,68.213
4522,11863,2023-06-25,0.00168361,0.345072,True,26.3074
4522,11864,2023-06-26,0.00182334,0.337543,True,33.2217
4522,11865,2023-06-27,0.00178841,0.0588515,True,2.01563
4522,11866,2023-06-28,0.00179945,0.075169,True,10.2406
4522,11867,2023-06-29,0.00178964,0.0513426,True,5.56946
4522,11868,2023-06-30,0.00176771,0.0451873,True,2.39718
4522,11869,2023-07-01,0.00173925,0.0447878,True,0.341717
4522,11870,2023-07-02,0,0.0205285,False,0
4522,11871,2023-07-03,0,0.0180051,False,0.102515
4522,11872,2023-07-04,0.000951096,0.0717699,True,14.0741
4522,11873,2023-07-05,0.00106982,0.059008,True,10.268
4522,11874,2023-07-06,0.00141584,0.104665,True,27.5023
4522,11875,2023-07-07,0.00138291,0.0401635,True,4.22523
4522,11876,2023-07-08,0.0013321,0.0539587,True,1.20555
4522,11877,2023-07-09,0.00229285,0.307507,True,132.812
4522,11878,2023-07-10,0.00278945,0.319623,True,114.765
4522,11879,2023-07-11,0.00285776,0.323249,True,35.0352
4522,11880,2023-07-12,0.00279872,0.063473,True,3.02484
4522,11881,2023-07-13,0.00278439,0.0769536,True,12.5221
4522,11882,2023-07-14,0.00281928,0.0986416,True,24.9
4522,11883,2023-07-15,0.00290949,0.155821,True,41.4123
4522,11884,2023-07-16,0.00295222,0.192336,True,28.4911
4522,11885,2023-07-17,0.00297015,0.19494,True,20.8053
4522,11886,2023-07-18,0.00297952,0.088682,True,17.7144
4522,11887,2023-07-19,0.00308333,0.292881,True,50.9354
4522,11888,2023-07-20,0.00305601,0.0434417,True,4.5307
4522,11889,2023-07-21,0.00306123,0.0989751,True,15.8587
4522,11890,2023-07-22,0.00306733,0.0663824,True,15.8724
4522,11891,2023-07-23,0.00306625,0.0634219,True,12.7454
4522,11892,2023-07-24,0.00303445,0.0333123,True,0
4522,11893,2023-07-25,0.00306623,0.111193,True,25.2593
4522,11894,2023-07-26,0.00304137,0.0361185,True,1.71947
4522,11895,2023-07-27,0.00304148,0.0591313,True,11.708
4522,11896,2023-07-28,0.00308448,0.139241,True,30.1743
4522,11897,2023-07-29,0.00308821,0.10893,True,13.1379
4522,11898,2023-07-30,0.00307486,0.0423651,True,5.18663
4522,11899,2023-07-31,0.00305458,0.0328551,True,1.60878
4522,11900,2023-08-01,0.00303192,0.0348035,True,0.0683433
4522,11901,2023-08-02,0.0030405,0.0696004,True,14.2276
4522,11902,2023-08-03,0.00303174,0.0424582,True,5.90682
4522,11903,2023-08-04,0.00307121,0.162823,True,28.9759
4522,11904,2023-08-05,0.00306763,0.0592737,True,8.15592
4522,11905,2023-08-06,0.00305892,0.0503972,True,5.37848
4522,11906,2023-08-07,0.00305766,0.0633802,True,8.88522
4522,11907,2023-08-08,0.00305397,0.0647748,True,7.47533
4522,11908,2023-08-09,0.00303648,0.0512959,True,0.170858
4522,11909,2023-08-10,0.00303269,0.0626727,True,6.97898
4522,11910,2023-08-11,0.00306825,0.192511,True,27.6078
4522,11911,2023-08-12,0.00313974,0.449587,True,47.839
4522,11912,2023-08-13,0.00317946,0.34318,True,31.4886
4522,11913,2023-08-14,0.00347279,0.5743,True,185.121
4522,11914,2023-08-15,0.00350201,0.409502,True,29.6285
4522,11915,2023-08-16,0.00349179,0.130586,True,4.46277
4522,11916,2023-08-17,0.00347798,0.0543086,True,1.88349
4522,11917,2023-08-18,0.00346248,0.0596345,True,0.512575
4522,11918,2023-08-19,0.00345517,0.0664563,True,5.60415
4522,11919,2023-08-20,0.00344577,0.0730169,True,4.02537
4522,11920,2023-08-21,0.00343375,0.0607696,True,2.06481
4522,11921,2023-08-22,0.00343988,0.1315,True,13.9897
4522,11922,2023-08-23,0.00344867,0.15347,True,15.7581
4522,11923,2023-08-24,0.00350844,0.445523,True,51.0429
4522,11924,2023-08-25,0.00351537,0.257031,True,14.8683
4522,11925,2023-08-26,0.00350985,0.0941524,True,6.00872
4522,11926,2023-08-27,0.00349612,0.0704528,True,0
4522,11927,2023-08-28,0.0034994,0.124985,True,11.9694
4522,11928,2023-08-29,0.00348672,0.0807231,True,0.375888
4522,11929,2023-08-30,0,0.028541,False,0
4522,11930,2023-08-31,0,0.019665,False,0
4523,11853,2023-06-15,0.000363196,0.019734,True,4.01623
4523,11854,2023-06-16,0.000313078,0.0206557,False,0
4523,11855,2023-06-17,0.000347845,0.0222413,False,1.94836
4523,11856,2023-06-18,0.000327054,0.0139704,False,0
4523,11857,2023-06-19,0.000864885,0.140451,True,42.7561
4523,11858,2023-06-20,0.000831772,0.0299619,True,0
4523,11859,2023-06-21,0.000821768,0.0386905,True,2.14319
4523,11860,2023-06-22,0.000798604,0.0221602,True,0
4523,11861,2023-06-23,0.000842471,0.0576398,True,8.94728
4523,11862,2023-06-24,0.00108975,0.298743,True,46.6374
4523,11863,2023-06-25,0.00109928,0.110449,True,6.57789
4523,11864,2023-06-26,0.00148234,0.364073,True,104.4
4523,11865,2023-06-27,0.00146397,0.0826034,True,2.09857
4523,11866,2023-06-28,0.00144855,0.103992,True,2.39716
4523,11867,2023-06-29,0.00143039,0.0574607,True,0.981872
4523,11868,2023-06-30,0.00142145,0.0416254,True,3.49004
4523,11869,2023-07-01,0.00140314,0.0415976,True,0.00433721
4523,11870,2023-07-02,0,0.0273494,False,0
4523,11871,2023-07-03,0,0.0160756,False,0.0576935
4523,11872,2023-07-04,0.00144331,0.184158,True,54.2184
4523,11873,2023-07-05,0.00128249,0.0550246,True,3.48072
4523,11874,2023-07-06,0.0013495,0.137129,True,18.9266
4523,11875,2023-07-07,0.00128765,0.0574528,True,2.34793
4523,11876,2023-07-08,0.00125892,0.0690764,True,4.20707
4523,11877,2023-07-09,0.00189554,0.378899,True,126.318
4523,11878,2023-07-10,0.0021684,0.360632,True,86.3766
4523,11879,2023-07-11,0.0021116,0.0921316,True,1.22841
4523,11880,2023-07-12,0.00210121,0.159566,True,12.6713
4523,11881,2023-07-13,0.0020845,0.0791201,True,9.42974
4523,11882,2023-07-14,0.00206654,0.0681183,True,7.81364
4523,11883,2023-07-15,0.00238127,0.331734,True,128.158
4523,11884,2023-07-16,0.00247406,0.399566,True,55.0279
4523,11885,2023-07-17,0.00244356,0.082755,True,3.63069
4523,11886,2023-07-18,0.00246748,0.158239,True,26.623
4523,11887,2023-07-19,0.00268967,0.45389,True,123.833
4523,11888,2023-07-20,0.00267228,0.132178,True,8.92587
4523,11889,2023-07-21,0.00272004,0.27518,True,42.8811
4523,11890,2023-07-22,0.00272849,0.119452,True,21.983
4523,11891,2023-07-23,0.00273047,0.142828,True,18.0114
4523,11892,2023-07-24,0.00270227,0.045706,True,0.0737325
4523,11893,2023-07-25,0.00280656,0.413774,True,78.3819
4523,11894,2023-07-26,0.00278836,0.074653,True,5.17461
4523,11895,2023-07-27,0.00280239,0.149712,True,24.8121
4523,11896,2023-07-28,0.00289131,0.458934,True,74.2982
4523,11897,2023-07-29,0.00291092,0.1994,True,29.7908
4523,11898,2023-07-30,0.0028876,0.0961844,True,0.0435793
4523,11899,2023-07-31,0.00286846,0.0537771,True,2.24061
4523,11900,2023-08-01,0.00284715,0.0334117,True,0.0819489
4523,11901,2023-08-02,0.00290325,0.255044,True,55.1145
4523,11902,2023-08-03,0.00288458,0.0572229,True,1.17942
4523,11903,2023-08-04,0.0030205,0.440609,True,118.315
4523,11904,2023-08-05,0.00303385,0.22329,True,26.2657
4523,11905,2023-08-06,0.00301741,0.09333,True,2.28677
4523,11906,2023-08-07,0.00303658,0.162859,True,30.7474
4523,11907,2023-08-08,0.00304572,0.161864,True,22.6469
4523,11908,2023-08-09,0.00302835,0.0619052,True,0.340186
4523,11909,2023-08-10,0.00301524,0.056077,True,3.44512
4523,11910,2023-08-11,0.00303444,0.170765,True,30.6079
4523,11911,2023-08-12,0.0031158,0.572967,True,85.7844
4523,11912,2023-08-13,0.0031933,0.444467,True,85.6249
4523,11913,2023-08-14,0.00343108,0.534502,True,246.812
4523,11914,2023-08-15,0.00345054,0.393913,True,37.4655
4523,11915,2023-08-16,0.00343764,0.110106,True,4.13677
4523,11916,2023-08-17,0.00342741,0.0650534,True,6.46937
4523,11917,2023-08-18,0.0034119,0.0549382,True,0.569668
4523,11918,2023-08-19,0,0.0166137,False,0.0118414
4523,11919,2023-08-20,0.00141492,0.0643506,True,16.8533
4523,11920,2023-08-21,0.00122274,0.0240253,True,0.082407
4523,11921,2023-08-22,0.00180591,0.061651,True,28.2924
4523,11922,2023-08-23,0.002238,0.094503,True,34.6743
4523,11923,2023-08-24,0.00289672,0.251513,True,70.2047
4523,11924,2023-08-25,0.0028364,0.0508352,True,5.65308
4523,11925,2023-08-26,0.00287679,0.0869098,True,15.8898
4523,11926,2023-08-27,0.00279586,0.0250935,True,0
4523,11927,2023-08-28,0,0.0171364,False,0.0718424
4523,11928,2023-08-29,0,0.0111506,False,0.0173488
4523,11929,2023-08-30,0,0.0126341,False,0
4523,11930,2023-08-31,0,0.010569,False,0
4524,11853,2023-06-15,0.000614608,0.10525,True,10.4781
4524,11854,2023-06-16,0.000529815,0.0297434,True,0
4524,11855,2023-06-17,0,0.0229366,False,0.184665
4524,11856,2023-06-18,0,0.0177998,False,0
4524,11857,2023-06-19,0.00102771,0.120935,True,29.2095
4524,11858,2023-06-20,0.000885978,0.0284441,True,0
4524,11859,2023-06-21,0,0.0233738,False,0.203131
4524,11860,2023-06-22,0.00052261,0.0374972,True,6.50537
4524,11861,2023-06-23,0.000511371,0.0391698,True,1.93889
4524,11862,2023-06-24,0.000827666,0.108278,True,18.7656
4524,11863,2023-06-25,0.00101699,0.11163,True,20.0013
4524,11864,2023-06-26,0.00134372,0.296217,True,45.2572
4524,11865,2023-06-27,0.00131591,0.0800337,True,3.51396
4524,11866,2023-06-28,0.00128833,0.0973932,True,2.36358
4524,11867,2023-06-29,0.00128345,0.0845507,True,5.15206
4524,11868,2023-06-30,0.00134881,0.10448,True,17.2616
4524,11869,2023-07-01,0.00132067,0.0539744,True,0.366221
4524,11870,2023-07-02,0,0.0407481,False,0
4524,11871,2023-07-03,0.00031819,0.0344367,False,2.16846
4524,11872,2023-07-04,0.00106096,0.149508,True,32.9547
4524,11873,2023-07-05,0.00117493,0.101106,True,16.6974
4524,11874,2023-07-06,0.00128196,0.132273,True,18.5813
4524,11875,2023-07-07,0.00126677,0.0562103,True,5.3936
4524,11876,2023-07-08,0.00126907,0.0628834,True,6.65266
4524,11877,2023-07-09,0.00174696,0.278697,True,88.0372
4524,11878,2023-07-10,0.00208638,0.235407,True,90.2543
4524,11879,2023-07-11,0.00206049,0.0801053,True,6.92045
4524,11880,2023-07-12,0.00202875,0.0815064,True,3.89357
4524,11881,2023-07-13,0.00205354,0.102749,True,18.837
4524,11882,2023-07-14,0.00208958,0.0900654,True,22.3773
4524,11883,2023-07-15,0.00218643,0.20948,True,42.9595
4524,11884,2023-07-16,0.00239201,0.255881,True,86.6426
4524,11885,2023-07-17,0.00238078,0.0665462,True,9.25828
4524,11886,2023-07-18,0.00239604,0.132648,True,19.1987
4524,11887,2023-07-19,0.00253735,0.322913,True,73.422
4524,11888,2023-07-20,0.00253794,0.0973696,True,14.1592
4524,11889,2023-07-21,0.00268464,0.313164,True,83.7595
4524,11890,2023-07-22,0.00269747,0.122246,True,21.1765
4524,11891,2023-07-23,0.00272054,0.198451,True,26.4402
4524,11892,2023-07-24,0.00270941,0.0458858,True,8.36431
4524,11893,2023-07-25,0.00275525,0.137238,True,38.8939
4524,11894,2023-07-26,0.00273644,0.0411458,True,3.41705
4524,11895,2023-07-27,0.00273564,0.075555,True,12.9928
4524,11896,2023-07-28,0.00273835,0.0737135,True,14.7144
4524,11897,2023-07-29,0.00274464,0.0806091,True,16.5901
4524,11898,2023-07-30,0.00272686,0.0392378,True,2.06399
4524,11899,2023-07-31,0.00270701,0.0457359,True,0.316418
4524,11900,2023-08-01,0.00269756,0.0494593,True,6.11276
4524,11901,2023-08-02,0.00269879,0.0740664,True,12.3058
4524,11902,2023-08-03,0.00268713,0.0446178,True,4.0908
4524,11903,2023-08-04,0.00270573,0.0977627,True,22.8214
4524,11904,2023-08-05,0.00274406,0.137486,True,35.8694
4524,11905,2023-08-06,0.0027283,0.0486791,True,0.776845
4524,11906,2023-08-07,0.00273315,0.0899809,True,14.0966
4524,11907,2023-08-08,0.0027297,0.0654802,True,8.40709
4524,11908,2023-08-09,0.00273697,0.113935,True,15.5099
4524,11909,2023-08-10,0.00273237,0.0696276,True,7.27055
4524,11910,2023-08-11,0.00277177,0.177677,True,37.9777
4524,11911,2023-08-12,0.00284704,0.289202,True,65.1504
4524,11912,2023-08-13,0.00289621,0.260745,True,47.853
4524,11913,2023-08-14,0.00309417,0.37541,True,168.476
4524,11914,2023-08-15,0.00311698,0.291619,True,31.6053
4524,11915,2023-08-16,0.00310433,0.0975356,True,1.92635
4524,11916,2023-08-17,0.00309515,0.0480437,True,4.53851
4524,11917,2023-08-18,0.00309466,0.0905758,True,11.6961
4524,11918,2023-08-19,0.00308168,0.053529,True,0.781035
4524,11919,2023-08-20,0.00307088,0.0601983,True,2.38002
4524,11920,2023-08-21,0.00306884,0.112556,True,9.73262
4524,11921,2023-08-22,0.00307152,0.125089,True,13.728
4524,11922,2023-08-23,0.00312402,0.322208,True,58.303
4524,11923,2023-08-24,0.00320061,0.46997,True,82.2913
4524,11924,2023-08-25,0.00320947,0.197102,True,20.3713
4524,11925,2023-08-26,0.00320341,0.128068,True,6.17859
4524,11926,2023-08-27,0.00319111,0.0570741,True,0
4524,11927,2023-08-28,0.00318486,0.0784796,True,5.56319
4524,11928,2023-08-29,0.00317509,0.0643516,True,1.96807
4524,11929,2023-08-30,0.00316351,0.0577967,True,0
4524,11930,2023-08-31,0,0.0142821,False,0
4525,11853,2023-06-15,0.000469569,0.0974885,True,6.50259
4525,11854,2023-06-16,0.000404778,0.0732207,True,0
4525,11855,2023-06-17,0,0.0461313,False,0
4525,11856,2023-06-18,0,0.0308049,False,0
4525,11857,2023-06-19,0.000273447,0.0365539,False,2.08199
4525,11858,2023-06-20,0.000235711,0.0383199,False,0
4525,11859,2023-06-21,0,0.0274116,False,0
4525,11860,2023-06-22,0.000246261,0.037515,False,1.66275
4525,11861,2023-06-23,0.000212276,0.0352242,False,0
4525,11862,2023-06-24,0.000279809,0.0548108,False,1.8475
4525,11863,2023-06-25,0.000517176,0.227882,True,10.599
4525,11864,2023-06-26,0.000729212,0.171711,True,17.4713
4525,11865,2023-06-27,0.000747361,0.0704847,True,4.42027
4525,11866,2023-06-28,0.00077704,0.0849087,True,5.74892
4525,11867,2023-06-29,0.000785404,0.0857214,True,3.51872
4525,11868,2023-06-30,0.000783901,0.0957285,True,2.22522
4525,11869,2023-07-01,0.000766413,0.0743307,True,0
4525,11870,2023-07-02,0,0.0492721,False,0.618325
4525,11871,2023-07-03,0,0.0425602,False,0.55425
4525,11872,2023-07-04,0.000415069,0.0892566,True,5.82699
4525,11873,2023-07-05,0.00037857,0.0869093,True,0.717754
4525,11874,2023-07-06,0.000563167,0.160347,True,11.1801
4525,11875,2023-07-07,0.000639579,0.0879252,True,8.42219
4525,11876,2023-07-08,0.000629152,0.0854387,True,1.74329
4525,11877,2023-07-09,0.00135166,0.384983,True,118.092
4525,11878,2023-07-10,0.00165957,0.275384,True,92.5077
4525,11879,2023-07-11,0.00166127,0.206183,True,14.9961
4525,11880,2023-07-12,0.00162055,0.11593,True,0.197679
4525,11881,2023-07-13,0.0016008,0.0825128,True,5.43381
4525,11882,2023-07-14,0.00159293,0.0903307,True,8.3877
4525,11883,2023-07-15,0.0016111,0.190209,True,17.037
4525,11884,2023-07-16,0.00169798,0.247035,True,43.9174
4525,11885,2023-07-17,0.00169875,0.176324,True,11.2263
4525,11886,2023-07-18,0.00168023,0.117187,True,2.66924
4525,11887,2023-07-19,0.00170552,0.240016,True,20.8959
4525,11888,2023-07-20,0.00170256,0.0897374,True,8.50426
4525,11889,2023-07-21,0.00174823,0.288801,True,30.8659
4525,11890,2023-07-22,0.00180413,0.340656,True,37.3497
4525,11891,2023-07-23,0.00179913,0.108414,True,7.49785
4525,11892,2023-07-24,0.00178427,0.104521,True,1.98008
4525,11893,2023-07-25,0.00180063,0.223368,True,18.0263
4525,11894,2023-07-26,0.00178711,0.0839244,True,1.90437
4525,11895,2023-07-27,0.00178782,0.10892,True,9.2791
4525,11896,2023-07-28,0.00180335,0.204717,True,17.4577
4525,11897,2023-07-29,0.00181117,0.140868,True,13.1783
4525,11898,2023-07-30,0.0018129,0.122168,True,9.56779
4525,11899,2023-07-31,0.00179886,0.102588,True,0
4525,11900,2023-08-01,0.00178787,0.110709,True,1.48141
4525,11901,2023-08-02,0.00177553,0.0891158,True,0.345392
4525,11902,2023-08-03,0.00177645,0.116556,True,8.15102
4525,11903,2023-08-04,0.00177368,0.102169,True,5.73158
4525,11904,2023-08-05,0.00177177,0.102401,True,6.09788
4525,11905,2023-08-06,0.00176049,0.085339,True,0
4525,11906,2023-08-07,0.0017568,0.0847027,True,4.59443
4525,11907,2023-08-08,0.00175083,0.0866012,True,2.95282
4525,11908,2023-08-09,0.00174774,0.0840878,True,4.64238
4525,11909,2023-08-10,0.00174081,0.0784815,True,1.98086
4525,11910,2023-08-11,0.00175585,0.273002,True,16.4304
4525,11911,2023-08-12,0.00178508,0.27844,True,26.4062
4525,11912,2023-08-13,0.00179568,0.191586,True,13.9591
4525,11913,2023-08-14,0.00189288,0.574397,True,77.4877
4525,11914,2023-08-15,0.00191145,0.359614,True,21.3455
4525,11915,2023-08-16,0.00190208,0.141463,True,0
4525,11916,2023-08-17,0,0.0695286,False,0.908587
4525,11917,2023-08-18,0.000302437,0.0855857,False,1.18615
4525,11918,2023-08-19,0.000505612,0.120627,False,3.45072
4525,11919,2023-08-20,0.000463554,0.119858,False,0
4525,11920,2023-08-21,0.000577282,0.116275,False,3.63226
4525,11921,2023-08-22,0.000559982,0.106297,False,0.300964
4525,11922,2023-08-23,0.000836351,0.169933,True,12.6416
4525,11923,2023-08-24,0.00130401,0.201569,True,35.4603
4525,11924,2023-08-25,0.001345,0.0766996,True,7.39454
4525,11925,2023-08-26,0.0013279,0.074077,True,1.65866
4525,11926,2023-08-27,0.00129829,0.105259,True,0
4525,11927,2023-08-28,0.00132156,0.106435,True,5.37635
4525,11928,2023-08-29,0.00130499,0.0509037,True,0.884632
4525,11929,2023-08-30,0,0.0381641,False,0
4525,11930,2023-08-31,0,0.0248591,False,0
4526,11853,2023-06-15,0.000275748,0.0325563,False,2.05357
4526,11854,2023-06-16,0.000252805,0.0308403,False,0
4526,11855,2023-06-17,0,0.021928,False,0
4526,11856,2023-06-18,0,0.0212924,False,0
4526,11857,2023-06-19,0.00030603,0.0325797,True,2.92515
4526,11858,2023-06-20,0.000263799,0.0373153,False,0
4526,11859,2023-06-21,0,0.0245212,False,0
4526,11860,2023-06-22,0,0.0208153,False,0
4526,11861,2023-06-23,0,0.0218962,False,0
4526,11862,2023-06-24,0,0.0196654,False,0
4526,11863,2023-06-25,0.000426018,0.0805694,True,6.40226
4526,11864,2023-06-26,0.000606331,0.163,True,11.5691
4526,11865,2023-06-27,0.000639871,0.0904595,True,6.03676
4526,11866,2023-06-28,0.000731301,0.146153,True,11.8728
4526,11867,2023-06-29,0.000733636,0.1024,True,3.97035
4526,11868,2023-06-30,0.00070687,0.0670748,True,0.154316
4526,11869,2023-07-01,0,0.0402582,False,0.0337031
4526,11870,2023-07-02,0,0.0307636,False,0.0552111
4526,11871,2023-07-03,0,0.0246305,False,0
4526,11872,2023-07-04,0,0.0237738,False,0.00087711
4526,11873,2023-07-05,0.000158117,0.0350788,False,1.03201
4526,11874,2023-07-06,0.000531166,0.142106,True,15.9293
4526,11875,2023-07-07,0.000586966,0.0739357,True,7.95051
4526,11876,2023-07-08,0.000551892,0.0595062,True,0
4526,11877,2023-07-09,0.00128316,0.406902,True,131.286
4526,11878,2023-07-10,0.00154809,0.339879,True,92.9962
4526,11879,2023-07-11,0.00160296,0.289298,True,37.372
4526,11880,2023-07-12,0.00155781,0.104661,True,0
4526,11881,2023-07-13,0,0.0738433,False,0.00250139
4526,11882,2023-07-14,0,0.0570852,False,0.00417844
4526,11883,2023-07-15,0.000479846,0.0782727,True,4.00664
4526,11884,2023-07-16,0.00119912,0.22527,True,31.845
4526,11885,2023-07-17,0.00121246,0.101076,True,8.00578
4526,11886,2023-07-18,0.00114011,0.0885352,True,0.0049957
4526,11887,2023-07-19,0.00109903,0.112078,True,1.01127
4526,11888,2023-07-20,0.00123511,0.168593,True,16.9741
4526,11889,2023-07-21,0.00145523,0.242627,True,30.9587
4526,11890,2023-07-22,0.00181775,0.556756,True,62.8706
4526,11891,2023-07-23,0.00182682,0.216961,True,9.98965
4526,11892,2023-07-24,0.00179132,0.151853,True,0.998384
4526,11893,2023-07-25,0.00180548,0.150698,True,9.99515
4526,11894,2023-07-26,0.0017867,0.106746,True,2.99568
4526,11895,2023-07-27,0.00180322,0.157465,True,10.0181
4526,11896,2023-07-28,0.00186331,0.153543,True,19.9975
4526,11897,2023-07-29,0.0019189,0.143437,True,19.9793
4526,11898,2023-07-30,0.0019249,0.0970764,True,8.15421
4526,11899,2023-07-31,0.0019001,0.0860142,True,0
4526,11900,2023-08-01,0,0.0688914,False,0.000365955
4526,11901,2023-08-02,0,0.0523312,False,0
4526,11902,2023-08-03,0.000882591,0.147973,True,10.0778
4526,11903,2023-08-04,0.000760855,0.0846467,True,0
4526,11904,2023-08-05,0,0.0603556,False,0.000197533
4526,11905,2023-08-06,0,0.0295263,False,0
4526,11906,2023-08-07,0.000398222,0.0359592,False,2.00088
4526,11907,2023-08-08,0.000480594,0.0535941,False,1.99868
4526,11908,2023-08-09,0.000440672,0.0409974,False,0.00106346
4526,11909,2023-08-10,0,0.0304573,False,0.000987357
4526,11910,2023-08-11,0.000614855,0.0845949,True,8.02177
4526,11911,2023-08-12,0.000530745,0.0599583,True,0.0223564
4526,11912,2023-08-13,0,0.0552651,False,0.00437258
4526,11913,2023-08-14,0.0010792,0.186265,True,25.0344
4526,11914,2023-08-15,0.00112538,0.121868,True,12.0119
4526,11915,2023-08-16,0.00103182,0.0507416,True,0
4526,11916,2023-08-17,0,0.0549904,False,0
4526,11917,2023-08-18,0,0.0400739,False,0
4526,11918,2023-08-19,0.00057518,0.0776035,True,6.98869
4526,11919,2023-08-20,0.000495824,0.0617753,True,0
4526,11920,2023-08-21,0,0.0406364,False,0.00263133
4526,11921,2023-08-22,0,0.0240901,False,0
4526,11922,2023-08-23,0,0.0214987,False,0.00280927
4526,11923,2023-08-24,0.000485374,0.057901,True,7.02824
4526,11924,2023-08-25,0.000418588,0.0418741,True,0.00639648
4526,11925,2023-08-26,0.000434211,0.0514035,True,2.03596
4526,11926,2023-08-27,0.000408261,0.0310019,False,0
4526,11927,2023-08-28,0,0.0197348,False,0.385037
4526,11928,2023-08-29,0,0.0162531,False,0.0701439
4526,11929,2023-08-30,0,0.0149732,False,0
4526,11930,2023-08-31,0,0.0119237,False,0
4527,11853,2023-06-15,0.000226017,0.140459,False,1.85379
4527,11854,2023-06-16,0.000194824,0.121537,False,0
4527,11855,2023-06-17,0,0.0937988,False,0
4527,11856,2023-06-18,0,0.0839941,False,0.0107123
4527,11857,2023-06-19,0.00017748,0.128231,False,1.1239
4527,11858,2023-06-20,0.000152986,0.0949485,False,0
4527,11859,2023-06-21,0,0.0832617,False,0
4527,11860,2023-06-22,0,0.0813524,False,0
4527,11861,2023-06-23,0,0.0822488,False,0
4527,11862,2023-06-24,0,0.0789276,False,0
4527,11863,2023-06-25,0.000459498,0.40002,True,9.0288
4527,11864,2023-06-26,0.000663386,0.457647,True,17.0723
4527,11865,2023-06-27,0.000664999,0.243172,True,5.26559
4527,11866,2023-06-28,0.000719438,0.417081,True,10.504
4527,11867,2023-06-29,0.000708081,0.301756,True,2.83983
4527,11868,2023-06-30,0.000699296,0.287768,True,2.51303
4527,11869,2023-07-01,0.000718549,0.318669,True,6.22804
4527,11870,2023-07-02,0.000713503,0.293752,True,2.42474
4527,11871,2023-07-03,0.000695732,0.256588,True,0
4527,11872,2023-07-04,0,0.155659,False,0
4527,11873,2023-07-05,0.000283006,0.269549,True,3.36844
4527,11874,2023-07-06,0.000473868,0.491141,True,9.84151
4527,11875,2023-07-07,0.000491158,0.252696,True,3.79502
4527,11876,2023-07-08,0.000462201,0.25698,True,0.0299831
4527,11877,2023-07-09,0.00121583,0.766357,True,120.667
4527,11878,2023-07-10,0.00134188,0.589561,True,45.154
4527,11879,2023-07-11,0.00138107,0.558221,True,24.8167
4527,11880,2023-07-12,0.00134216,0.246554,True,0
4527,11881,2023-07-13,0,0.257915,False,0.51639
4527,11882,2023-07-14,0,0.230146,False,0.221687
4527,11883,2023-07-15,0.000375186,0.309359,True,3.04888
4527,11884,2023-07-16,0.000830701,0.563201,True,18.2074
4527,11885,2023-07-17,0.000914535,0.369091,True,9.72578
4527,11886,2023-07-18,0.00087501,0.293114,True,1.13117
4527,11887,2023-07-19,0.000857779,0.353271,True,1.89821
4527,11888,2023-07-20,0.000935981,0.487086,True,10.1014
4527,11889,2023-07-21,0.00108561,0.575166,True,19.9684
4527,11890,2023-07-22,0.00132407,0.695355,True,38.233
4527,11891,2023-07-23,0.0013442,0.366232,True,8.85504
4527,11892,2023-07-24,0.0013174,0.407832,True,0.554588
4527,11893,2023-07-25,0.00132899,0.424561,True,6.91632
4527,11894,2023-07-26,0.00131332,0.41425,True,1.66309
4527,11895,2023-07-27,0.00137721,0.671343,True,17.134
4527,11896,2023-07-28,0.00143444,0.600355,True,16.9914
4527,11897,2023-07-29,0.00149194,0.575486,True,18.1976
4527,11898,2023-07-30,0.00151574,0.466934,True,10.87
4527,11899,2023-07-31,0.0014962,0.325739,True,0
4527,11900,2023-08-01,0,0.286704,False,0
4527,11901,2023-08-02,0,0.219193,False,0
4527,11902,2023-08-03,0.000743271,0.497456,True,9.57454
4527,11903,2023-08-04,0.000640739,0.327873,True,0
4527,11904,2023-08-05,0,0.285274,False,0
4527,11905,2023-08-06,0,0.140156,False,0
4527,11906,2023-08-07,0.000354262,0.191201,False,2.11153
4527,11907,2023-08-08,0.000358473,0.205948,False,0.825349
4527,11908,2023-08-09,0,0.181965,False,0
4527,11909,2023-08-10,0,0.107812,False,0
4527,11910,2023-08-11,0.000773769,0.555646,True,16.3915
4527,11911,2023-08-12,0.000715975,0.198267,True,2.57246
4527,11912,2023-08-13,0.000656429,0.203021,True,0
4527,11913,2023-08-14,0.00100992,0.610164,True,33.3079
4527,11914,2023-08-15,0.00105241,0.428666,True,10.5139
4527,11915,2023-08-16,0.00101212,0.196326,True,0
4527,11916,2023-08-17,0,0.240832,False,0.288576
4527,11917,2023-08-18,0,0.164241,False,0
4527,11918,2023-08-19,0.000399908,0.255149,True,3.88054
4527,11919,2023-08-20,0.000344725,0.256763,False,0
4527,11920,2023-08-21,0,0.138717,False,0
4527,11921,2023-08-22,0,0.0793885,False,0
4527,11922,2023-08-23,0,0.0919084,False,0.788049
4527,11923,2023-08-24,0.000549552,0.385095,True,9.38696
4527,11924,2023-08-25,0.00048512,0.224016,True,0.470444
4527,11925,2023-08-26,0.000676097,0.45444,True,13.4862
4527,11926,2023-08-27,0.0006357,0.150105,True,0
4527,11927,2023-08-28,0.000684563,0.230244,True,6.65542
4527,11928,2023-08-29,0.000670408,0.181599,True,1.14229
4527,11929,2023-08-30,0.000648637,0.166299,True,0
4527,11930,2023-08-31,0,0.0734781,False,0
4528,11853,2023-06-15,0,0.0253109,False,0.437351
4528,11854,2023-06-16,0,0.0186846,False,0
4528,11855,2023-06-17,0,0.017405,False,0
4528,11856,2023-06-18,0,0.0178449,False,0.0234301
4528,11857,2023-06-19,0.00016471,0.0287214,False,1.11005
4528,11858,2023-06-20,0.000141978,0.0230075,False,0
4528,11859,2023-06-21,0,0.0193765,False,0
4528,11860,2023-06-22,0,0.0191204,False,0
4528,11861,2023-06-23,0,0.0194156,False,0
4528,11862,2023-06-24,0,0.0192406,False,0
4528,11863,2023-06-25,0.000244619,0.045384,True,2.63118
4528,11864,2023-06-26,0.000357631,0.111453,True,5.17318
4528,11865,2023-06-27,0.000358639,0.0913563,True,1.58184
4528,11866,2023-06-28,0.000499529,0.129588,True,11.6889
4528,11867,2023-06-29,0.000484324,0.112972,True,0.745429
4528,11868,2023-06-30,0,0.0669405,False,0.709376
4528,11869,2023-07-01,0.000235614,0.0768315,False,2.27048
4528,11870,2023-07-02,0.000236837,0.0922045,False,0.84462
4528,11871,2023-07-03,0,0.0367967,False,0
4528,11872,2023-07-04,0,0.0323682,False,0
4528,11873,2023-07-05,0.000330066,0.0858621,True,5.10042
4528,11874,2023-07-06,0.000358956,0.10112,True,3.12825
4528,11875,2023-07-07,0.000350822,0.122455,True,1.15737
4528,11876,2023-07-08,0.000334811,0.108124,False,0.292587
4528,11877,2023-07-09,0.00108302,0.399909,True,110.037
4528,11878,2023-07-10,0.00115059,0.324638,True,27.2471
4528,11879,2023-07-11,0.00115041,0.218247,True,10.2849
4528,11880,2023-07-12,0.0011187,0.0756825,True,0.202791
4528,11881,2023-07-13,0,0.0784994,False,0.507475
4528,11882,2023-07-14,0,0.0543474,False,0
4528,11883,2023-07-15,0.000213994,0.0594554,False,1.09309
4528,11884,2023-07-16,0.000810309,0.156048,True,21.9006
4528,11885,2023-07-17,0.000883471,0.106627,True,9.85759
4528,11886,2023-07-18,0.000844922,0.0755922,True,1.16908
4528,11887,2023-07-19,0.000857781,0.0815441,True,4.70318
4528,11888,2023-07-20,0.000850977,0.0992945,True,2.55879
4528,11889,2023-07-21,0.000995119,0.206957,True,19.703
4528,11890,2023-07-22,0.00121697,0.285051,True,36.9234
4528,11891,2023-07-23,0.00120222,0.0936854,True,2.66017
4528,11892,2023-07-24,0.00117611,0.105961,True,0.123689
4528,11893,2023-07-25,0.00118258,0.120934,True,5.51504
4528,11894,2023-07-26,0.00116719,0.108,True,1.21462
4528,11895,2023-07-27,0.00117442,0.116814,True,5.28453
4528,11896,2023-07-28,0.00118028,0.10604,True,4.94306
4528,11897,2023-07-29,0.00124483,0.246941,True,17.6933
4528,11898,2023-07-30,0.00124275,0.0845453,True,3.42716
4528,11899,2023-07-31,0.00122673,0.0857128,True,0
4528,11900,2023-08-01,0,0.0707042,False,0
4528,11901,2023-08-02,0,0.0518294,False,0
4528,11902,2023-08-03,0.000373999,0.0432774,True,2.5622
4528,11903,2023-08-04,0.00032239,0.0426426,False,0
4528,11904,2023-08-05,0,0.0284674,False,0
4528,11905,2023-08-06,0,0.028266,False,0
4528,11906,2023-08-07,0.00029853,0.0343796,False,1.63661
4528,11907,2023-08-08,0.000272032,0.0376944,False,0.198197
4528,11908,2023-08-09,0,0.0250662,False,0
4528,11909,2023-08-10,0,0.0218043,False,0
4528,11910,2023-08-11,0.000441919,0.0702601,True,5.5971
4528,11911,2023-08-12,0.000474348,0.0743889,True,3.19294
4528,11912,2023-08-13,0.000434888,0.0675885,False,0
4528,11913,2023-08-14,0.00087106,0.23842,True,32.909
4528,11914,2023-08-15,0.00086023,0.0532675,True,3.141
4528,11915,2023-08-16,0.000827295,0.0548974,True,0
4528,11916,2023-08-17,0.000813208,0.0758337,True,1.48591
4528,11917,2023-08-18,0.000790285,0.0652561,True,0
4528,11918,2023-08-19,0.000793149,0.0811723,True,2.83411
4528,11919,2023-08-20,0.000775455,0.0612344,True,0
4528,11920,2023-08-21,0,0.0298341,False,0
4528,11921,2023-08-22,0,0.0227951,False,0
4528,11922,2023-08-23,0,0.0248869,False,0.278197
4528,11923,2023-08-24,0.000295813,0.0463193,True,3.03971
4528,11924,2023-08-25,0.000288426,0.0601896,False,0.877294
4528,11925,2023-08-26,0.000542454,0.13273,True,13.271
4528,11926,2023-08-27,0.000510038,0.0377723,True,0
4528,11927,2023-08-28,0.000546025,0.0398063,True,4.63456
4528,11928,2023-08-29,0.000528868,0.0538797,True,0.322444
4528,11929,2023-08-30,0,0.0293327,False,0
4528,11930,2023-08-31,0,0.0220073,False,0
4529,11853,2023-06-15,0,0.0196174,False,0.140846
4529,11854,2023-06-16,0,0.0183897,False,0
4529,11855,2023-06-17,0,0.0152755,False,0
4529,11856,2023-06-18,0,0.0160217,False,0
4529,11857,2023-06-19,0,0.0222289,False,0.710706
4529,11858,2023-06-20,0,0.0187724,False,0
4529,11859,2023-06-21,0,0.0174851,False,0
4529,11860,2023-06-22,0,0.01742,False,0
4529,11861,2023-06-23,0,0.0175875,False,0
4529,11862,2023-06-24,0,0.0177193,False,0
4529,11863,2023-06-25,0.000178197,0.0383031,False,1.55977
4529,11864,2023-06-26,0.000241646,0.0972113,False,2.40295
4529,11865,2023-06-27,0.000237216,0.102026,False,0.598687
4529,11866,2023-06-28,0.000410442,0.171117,True,11.4424
4529,11867,2023-06-29,0.000394001,0.0819631,True,0.229525
4529,11868,2023-06-30,0,0.101954,False,0.486086
4529,11869,2023-07-01,0,0.0835937,False,0.91929
4529,11870,2023-07-02,0,0.084,False,0.322917
4529,11871,2023-07-03,0,0.0578865,False,0
4529,11872,2023-07-04,0,0.054631,False,0.0727056
4529,11873,2023-07-05,0.00028708,0.0820614,True,4.36587
4529,11874,2023-07-06,0.000281637,0.144492,True,1.33166
4529,11875,2023-07-07,0.000272082,0.152603,False,0.648121
4529,11876,2023-07-08,0.000284074,0.116156,False,1.52684
4529,11877,2023-07-09,0.000877686,0.465878,True,80.7027
4529,11878,2023-07-10,0.000947416,0.359782,True,23.7806
4529,11879,2023-07-11,0.000940862,0.184073,True,6.19471
4529,11880,2023-07-12,0.000915795,0.0872966,True,0.387809
4529,11881,2023-07-13,0,0.108829,False,0.70697
4529,11882,2023-07-14,0,0.0688943,False,0
4529,11883,2023-07-15,0,0.0746542,False,0.931889
4529,11884,2023-07-16,0.000755621,0.191722,True,17.9583
4529,11885,2023-07-17,0.000711268,0.087547,True,3.56454
4529,11886,2023-07-18,0.000652113,0.0950248,True,0
4529,11887,2023-07-19,0.000673494,0.109288,True,4.58863
4529,11888,2023-07-20,0.000668662,0.148458,True,2.27562
4529,11889,2023-07-21,0.000767426,0.25566,True,12.4651
4529,11890,2023-07-22,0.000967352,0.281914,True,29.5813
4529,11891,2023-07-23,0.000946369,0.129065,True,0.972544
4529,11892,2023-07-24,0,0.0558636,False,0.0920308
4529,11893,2023-07-25,0.000615945,0.127379,True,9.33778
4529,11894,2023-07-26,0.000817031,0.220633,True,13.3392
4529,11895,2023-07-27,0.00081906,0.0781852,True,4.57777
4529,11896,2023-07-28,0.000804852,0.0934714,True,2.59078
4529,11897,2023-07-29,0.000921975,0.345827,True,13.7163
4529,11898,2023-07-30,0.000896396,0.129088,True,0.988869
4529,11899,2023-07-31,0,0.0516159,False,0
4529,11900,2023-08-01,0,0.0376943,False,0
4529,11901,2023-08-02,0,0.0352808,False,0
4529,11902,2023-08-03,0,0.0395561,False,0.808547
4529,11903,2023-08-04,0,0.0380616,False,0.0510336
4529,11904,2023-08-05,0,0.0323297,False,0.197184
4529,11905,2023-08-06,0,0.0387574,False,0
4529,11906,2023-08-07,0.000298686,0.0580301,False,1.98327
4529,11907,2023-08-08,0.000257467,0.0384085,False,0
4529,11908,2023-08-09,0,0.021018,False,0
4529,11909,2023-08-10,0,0.0197125,False,0
4529,11910,2023-08-11,0.000261014,0.0287599,False,2.16255
4529,11911,2023-08-12,0.000389603,0.0632211,True,4.53182
4529,11912,2023-08-13,0.000357766,0.0522258,False,0.0221885
4529,11913,2023-08-14,0.00068577,0.214115,True,22.3845
4529,11914,2023-08-15,0.000664121,0.0399847,True,0.956576
4529,11915,2023-08-16,0,0.0304871,False,0
4529,11916,2023-08-17,0.00023996,0.0335639,False,1.77199
4529,11917,2023-08-18,0.000206844,0.0397612,False,0
4529,11918,2023-08-19,0.000263453,0.0557732,False,1.71381
4529,11919,2023-08-20,0.000256836,0.0474847,False,0.269585
4529,11920,2023-08-21,0,0.020206,False,0
4529,11921,2023-08-22,0,0.0157958,False,0
4529,11922,2023-08-23,0,0.0171235,False,0.196729
4529,11923,2023-08-24,0.000184093,0.0193081,False,1.25861
4529,11924,2023-08-25,0.000275425,0.039585,False,2.65584
4529,11925,2023-08-26,0.000539226,0.184482,True,14.7422
4529,11926,2023-08-27,0.000507003,0.0324577,True,0
4529,11927,2023-08-28,0.000539952,0.0373256,True,4.77749
4529,11928,2023-08-29,0.000520766,0.0377912,True,0.138878
4529,11929,2023-08-30,0,0.0234828,False,0
4529,11930,2023-08-31,0,0.0155758,False,0
4530,11853,2023-06-15,0,0.0255859,False,0.24707
4530,11854,2023-06-16,0,0.0234944,False,0.110757
4530,11855,2023-06-17,0,0.0227188,False,0
4530,11856,2023-06-18,0,0.0209679,False,0
4530,11857,2023-06-19,0.000155448,0.0323024,False,1.23507
4530,11858,2023-06-20,0.000144299,0.0361009,False,0.20342
4530,11859,2023-06-21,0,0.0238694,False,0
4530,11860,2023-06-22,0,0.0232287,False,0.0492185
4530,11861,2023-06-23,0,0.0249834,False,0
4530,11862,2023-06-24,0,0.0228538,False,0
4530,11863,2023-06-25,0,0.046532,False,0.541404
4530,11864,2023-06-26,0,0.0465311,False,0.187598
4530,11865,2023-06-27,0,0.0420272,False,0.0387359
4530,11866,2023-06-28,0.000279591,0.0900217,True,4.16837
4530,11867,2023-06-29,0.000243251,0.0944051,False,0.0802602
4530,11868,2023-06-30,0,0.0916182,False,0.39265
4530,11869,2023-07-01,0,0.0494881,False,0.465005
4530,11870,2023-07-02,0,0.0506081,False,0.3757
4530,11871,2023-07-03,0,0.0389592,False,0
4530,11872,2023-07-04,0,0.041586,False,0.098437
4530,11873,2023-07-05,0,0.039891,False,0.0245941
4530,11874,2023-07-06,0,0.0617549,False,0.311322
4530,11875,2023-07-07,0,0.0545415,False,0.520002
4530,11876,2023-07-08,0.000230917,0.099742,True,3.00825
4530,11877,2023-07-09,0.000650057,0.191486,True,31.3642
4530,11878,2023-07-10,0.000750041,0.196345,True,20.8065
4530,11879,2023-07-11,0.000754893,0.077406,True,8.29945
4530,11880,2023-07-12,0.000728362,0.0605795,True,1.58863
4530,11881,2023-07-13,0.00071133,0.0889411,True,2.09368
4530,11882,2023-07-14,0.000688232,0.0830922,True,0
4530,11883,2023-07-15,0,0.062124,False,0.501426
4530,11884,2023-07-16,0.00061448,0.173858,True,14.6383
4530,11885,2023-07-17,0.00053513,0.0673129,True,0.310292
4530,11886,2023-07-18,0,0.0520063,False,0.030495
4530,11887,2023-07-19,0.000352895,0.0635966,True,4.34595
4530,11888,2023-07-20,0.000332757,0.0768656,False,0.881508
4530,11889,2023-07-21,0.000365621,0.0939897,False,2.36035
4530,11890,2023-07-22,0.000551017,0.160109,True,12.4505
4530,11891,2023-07-23,0.000533696,0.071997,True,0.664715
4530,11892,2023-07-24,0,0.0485189,False,0.260755
4530,11893,2023-07-25,0.000499155,0.0972032,True,8.13119
4530,11894,2023-07-26,0.00063304,0.140575,True,9.87055
4530,11895,2023-07-27,0.000614385,0.0615634,True,2.23819
4530,11896,2023-07-28,0.000594477,0.0647921,True,1.23074
4530,11897,2023-07-29,0.000626197,0.0736809,True,4.89565
4530,11898,2023-07-30,0.000612576,0.0743414,True,0.94216
4530,11899,2023-07-31,0,0.0572161,False,0
4530,11900,2023-08-01,0,0.042634,False,0
4530,11901,2023-08-02,0,0.0392071,False,0
4530,11902,2023-08-03,0,0.0500621,False,0.295912
4530,11903,2023-08-04,0,0.0447432,False,0
4530,11904,2023-08-05,0,0.0436822,False,0.195079
4530,11905,2023-08-06,0,0.0441273,False,0
4530,11906,2023-08-07,0.000206136,0.0466118,False,1.21128
4530,11907,2023-08-08,0.000177687,0.0330099,False,0
4530,11908,2023-08-09,0,0.0187637,False,0
4530,11909,2023-08-10,0,0.0178134,False,0
4530,11910,2023-08-11,0,0.0193199,False,0.0975397
4530,11911,2023-08-12,0.000260981,0.0304642,True,2.63064
4530,11912,2023-08-13,0.000226714,0.0290145,False,0.0422731
4530,11913,2023-08-14,0.000487982,0.120398,True,12.809
4530,11914,2023-08-15,0.000477902,0.0463774,True,1.35448
4530,11915,2023-08-16,0.000455597,0.040443,True,0
4530,11916,2023-08-17,0.000457795,0.0411247,False,1.591
4530,11917,2023-08-18,0.000443933,0.0352109,False,0.0863513
4530,11918,2023-08-19,0,0.0225683,False,0
4530,11919,2023-08-20,0,0.0207756,False,0.147758
4530,11920,2023-08-21,0,0.0169165,False,0
4530,11921,2023-08-22,0,0.013135,False,0
4530,11922,2023-08-23,0,0.0136018,False,0.0774718
4530,11923,2023-08-24,0,0.0170875,False,0.588685
4530,11924,2023-08-25,0.000209462,0.0186176,False,1.96387
4530,11925,2023-08-26,0.000299346,0.044677,True,3.59462
4530,11926,2023-08-27,0.00027444,0.0409567,False,0
4530,11927,2023-08-28,0,0.0206055,False,0
4530,11928,2023-08-29,0,0.0130933,False,0
4530,11929,2023-08-30,0,0.0132613,False,0
4530,11930,2023-08-31,0,0.0126797,False,0
4531,11853,2023-06-15,0,0.024072,False,0.424361
4531,11854,2023-06-16,0,0.0207708,False,0.10505
4531,11855,2023-06-17,0,0.0198763,False,0
4531,11856,2023-06-18,0,0.0181957,False,0
4531,11857,2023-06-19,0.000215511,0.0277894,False,2.04815
4531,11858,2023-06-20,0.000205883,0.0333136,False,0.482531
4531,11859,2023-06-21,0,0.0217815,False,0
4531,11860,2023-06-22,0,0.021313,False,0.0430357
4531,11861,2023-06-23,0,0.0217674,False,0
4531,11862,2023-06-24,0,0.0262309,False,0.231567
4531,11863,2023-06-25,0,0.0382269,False,0.473393
4531,11864,2023-06-26,0,0.0414974,False,0.231187
4531,11865,2023-06-27,0,0.0324613,False,0
4531,11866,2023-06-28,0.000193568,0.0408126,False,1.66472
4531,11867,2023-06-29,0.00017732,0.0464103,False,0.22203
4531,11868,2023-06-30,0,0.0344117,False,0.695028
4531,11869,2023-07-01,0,0.0266682,False,0.0527036
4531,11870,2023-07-02,0,0.0285189,False,0.116617
4531,11871,2023-07-03,0,0.0278755,False,0
4531,11872,2023-07-04,0,0.0267729,False,0.0860714
4531,11873,2023-07-05,0,0.0286598,False,0.0340281
4531,11874,2023-07-06,0,0.0434716,False,0.531927
4531,11875,2023-07-07,0,0.0426045,False,0.533775
4531,11876,2023-07-08,0.000231884,0.073324,True,2.59593
4531,11877,2023-07-09,0.00060936,0.148573,True,23.1466
4531,11878,2023-07-10,0.000723176,0.108325,True,18.0503
4531,11879,2023-07-11,0.000779327,0.118339,True,14.1974
4531,11880,2023-07-12,0.000769175,0.0524087,True,4.29099
4531,11881,2023-07-13,0.00077124,0.0657633,True,5.58702
4531,11882,2023-07-14,0.000746198,0.0594133,True,0
4531,11883,2023-07-15,0.000731276,0.0828889,True,1.18318
4531,11884,2023-07-16,0.000764907,0.162732,True,10.7356
4531,11885,2023-07-17,0.00074872,0.0777042,True,0.192837
4531,11886,2023-07-18,0,0.0576001,False,0.0337351
4531,11887,2023-07-19,0.000362464,0.0648985,True,3.96205
4531,11888,2023-07-20,0.000356419,0.0857695,False,1.23327
4531,11889,2023-07-21,0.000377597,0.091156,False,1.80059
4531,11890,2023-07-22,0.000527178,0.095909,True,8.78896
4531,11891,2023-07-23,0.000518777,0.0741397,True,1.06543
4531,11892,2023-07-24,0.000505346,0.0755846,False,0.450574
4531,11893,2023-07-25,0.000569367,0.0706084,True,6.37054
4531,11894,2023-07-26,0.000609636,0.0637018,True,5.22806
4531,11895,2023-07-27,0.00060255,0.062581,False,0.816488
4531,11896,2023-07-28,0.000600374,0.0631742,False,1.18195
4531,11897,2023-07-29,0.000627053,0.0616634,False,4.34341
4531,11898,2023-07-30,0.000617505,0.0674099,False,0.239592
4531,11899,2023-07-31,0,0.0410062,False,0
4531,11900,2023-08-01,0,0.0309607,False,0
4531,11901,2023-08-02,0,0.0262596,False,0
4531,11902,2023-08-03,0,0.0320299,False,0.31315
4531,11903,2023-08-04,0,0.0267113,False,0
4531,11904,2023-08-05,0,0.0294173,False,0.218376
4531,11905,2023-08-06,0,0.0294299,False,0
4531,11906,2023-08-07,0,0.0317642,False,0.982891
4531,11907,2023-08-08,0,0.0230185,False,0
4531,11908,2023-08-09,0,0.0178456,False,0
4531,11909,2023-08-10,0,0.0165449,False,0
4531,11910,2023-08-11,0,0.0160246,False,0.109188
4531,11911,2023-08-12,0.000189109,0.0226835,False,1.23357
4531,11912,2023-08-13,0.000163009,0.0188477,False,0
4531,11913,2023-08-14,0.000411139,0.0556195,True,8.66663
4531,11914,2023-08-15,0.000426894,0.0478833,False,2.24336
4531,11915,2023-08-16,0.000406969,0.044968,False,0
4531,11916,2023-08-17,0.000408299,0.0433101,False,1.10513
4531,11917,2023-08-18,0.000398622,0.0299917,False,0.248675
4531,11918,2023-08-19,0,0.0208317,False,0.0550962
4531,11919,2023-08-20,0,0.0212507,False,0.013774
4531,11920,2023-08-21,0,0.0149025,False,0
4531,11921,2023-08-22,0,0.0126727,False,0
4531,11922,2023-08-23,0,0.0125238,False,0
4531,11923,2023-08-24,0,0.01569,False,0.864938
4531,11924,2023-08-25,0.000180613,0.0182805,False,1.3332
4531,11925,2023-08-26,0.000239954,0.0360784,False,1.91407
4531,11926,2023-08-27,0.000220894,0.0212383,False,0.0275481
4531,11927,2023-08-28,0,0.0133448,False,0
4531,11928,2023-08-29,0,0.0113572,False,0
4531,11929,2023-08-30,0,0.011344,False,0
4531,11930,2023-08-31,0,0.0107087,False,0
4532,11853,2023-06-15,0,0.0255383,False,0.435547
4532,11854,2023-06-16,0,0.0221716,False,0.156287
4532,11855,2023-06-17,0,0.0208694,False,0
4532,11856,2023-06-18,0,0.0193202,False,0
4532,11857,2023-06-19,0.000260711,0.0295862,False,2.13892
4532,11858,2023-06-20,0.000273728,0.0416563,False,1.07079
4532,11859,2023-06-21,0.000250953,0.0270366,False,0
4532,11860,2023-06-22,0,0.0225068,False,0.0220708
4532,11861,2023-06-23,0,0.0227571,False,0
4532,11862,2023-06-24,0,0.0220835,False,0.0250586
4532,11863,2023-06-25,0,0.0431438,False,0.242779
4532,11864,2023-06-26,0,0.0444508,False,0.299993
4532,11865,2023-06-27,0,0.0337852,False,0
4532,11866,2023-06-28,0.000200154,0.0399185,False,1.27671
4532,11867,2023-06-29,0.000194941,0.0464732,False,0.364756
4532,11868,2023-06-30,0.000229069,0.0366161,False,1.09414
4532,11869,2023-07-01,0.000218757,0.0292111,False,0.0890943
4532,11870,2023-07-02,0,0.0361717,False,0.233579
4532,11871,2023-07-03,0,0.0277082,False,0
4532,11872,2023-07-04,0,0.0271668,False,0.0441416
4532,11873,2023-07-05,0,0.0304544,False,0.0225546
4532,11874,2023-07-06,0,0.0452979,False,0.940822
4532,11875,2023-07-07,0,0.0477533,False,0.336183
4532,11876,2023-07-08,0.000249727,0.0916738,False,2.18148
4532,11877,2023-07-09,0.000626514,0.168744,True,17.4828
4532,11878,2023-07-10,0.00078119,0.129991,True,17.3704
4532,11879,2023-07-11,0.000901455,0.134703,True,19.4261
4532,11880,2023-07-12,0.000908331,0.0602394,True,6.81988
4532,11881,2023-07-13,0.000929163,0.0764068,True,8.57505
4532,11882,2023-07-14,0.000898997,0.0649211,True,0
4532,11883,2023-07-15,0.000886478,0.0866279,True,2.18807
4532,11884,2023-07-16,0.000913609,0.11201,True,8.94177
4532,11885,2023-07-17,0.000894182,0.0771965,True,0.182168
4532,11886,2023-07-18,0,0.0544698,False,0.0283675
4532,11887,2023-07-19,0.000343057,0.0513194,True,2.52209
4532,11888,2023-07-20,0.000352818,0.0850717,False,1.10503
4532,11889,2023-07-21,0.000386577,0.0789176,False,1.60744
4532,11890,2023-07-22,0.000531153,0.0900395,False,6.19384
4532,11891,2023-07-23,0.000532937,0.0964783,False,1.26884
4532,11892,2023-07-24,0.000531726,0.0797233,False,0.998549
4532,11893,2023-07-25,0.000611331,0.0810939,False,5.84001
4532,11894,2023-07-26,0.000633222,0.0644144,False,2.74118
4532,11895,2023-07-27,0.000631806,0.0731845,False,1.07951
4532,11896,2023-07-28,0.000641759,0.0743244,False,1.9107
4532,11897,2023-07-29,0.000662524,0.0651119,False,2.86991
4532,11898,2023-07-30,0.000655229,0.0670356,False,0.441466
4532,11899,2023-07-31,0,0.0394026,False,0
4532,11900,2023-08-01,0,0.0271282,False,0
4532,11901,2023-08-02,0,0.0248977,False,0
4532,11902,2023-08-03,0,0.0263486,False,0.174159
4532,11903,2023-08-04,0,0.0240136,False,0
4532,11904,2023-08-05,0,0.025376,False,0.142396
4532,11905,2023-08-06,0,0.0323478,False,0
4532,11906,2023-08-07,0,0.0326068,False,0.66565
4532,11907,2023-08-08,0,0.0229434,False,0
4532,11908,2023-08-09,0,0.0186908,False,0
4532,11909,2023-08-10,0,0.0173836,False,0
4532,11910,2023-08-11,0,0.0165755,False,0.071198
4532,11911,2023-08-12,0,0.0207078,False,0.482724
4532,11912,2023-08-13,0,0.0165229,False,0
4532,11913,2023-08-14,0.000457442,0.0438072,True,5.98631
4532,11914,2023-08-15,0.000511334,0.056274,True,4.23359
4532,11915,2023-08-16,0.000468799,0.0529107,True,0
4532,11916,2023-08-17,0,0.0373134,False,0.49163
4532,11917,2023-08-18,0,0.0248199,False,0.520014
4532,11918,2023-08-19,0,0.0206545,False,0.0520479
4532,11919,2023-08-20,0,0.0210062,False,0.013012
4532,11920,2023-08-21,0,0.0155948,False,0
4532,11921,2023-08-22,0,0.0129755,False,0
4532,11922,2023-08-23,0,0.0128121,False,0
4532,11923,2023-08-24,0.000183465,0.017252,False,1.00116
4532,11924,2023-08-25,0.000210853,0.0190529,False,0.808403
4532,11925,2023-08-26,0,0.0176371,False,0.90185
4532,11926,2023-08-27,0,0.014704,False,0.0260239
4532,11927,2023-08-28,0,0.0129683,False,0
4532,11928,2023-08-29,0,0.0116524,False,0
4532,11929,2023-08-30,0,0.0114425,False,0
4532,11930,2023-08-31,0,0.0114425,False,0
4538,11853,2023-06-15,0.00025643,0.0143086,False,1.30494
4538,11854,2023-06-16,0.000221041,0.0122887,False,0
4538,11855,2023-06-17,0,0.0105507,False,0.0885002
4538,11856,2023-06-18,0,0.00996887,False,0
4538,11857,2023-06-19,0.000772459,0.0685421,True,12.6117
4538,11858,2023-06-20,0.000665904,0.0221526,True,0
4538,11859,2023-06-21,0,0.0164682,False,0.0973502
4538,11860,2023-06-22,0,0.0121057,False,0
4538,11861,2023-06-23,0.000248992,0.0156665,False,1.16919
4538,11862,2023-06-24,0.00115072,0.118121,True,35.9119
4538,11863,2023-06-25,0.00121868,0.0835122,True,12.8218
4538,11864,2023-06-26,0.00145705,0.241446,True,31.9519
4538,11865,2023-06-27,0.00144368,0.0629148,True,6.763
4538,11866,2023-06-28,0.00148271,0.113252,True,12.8442
4538,11867,2023-06-29,0.00146678,0.0721275,True,4.7455
4538,11868,2023-06-30,0.00142955,0.0655594,True,0.629135
4538,11869,2023-07-01,0,0.0427885,False,0
4538,11870,2023-07-02,0,0.0252804,False,0
4538,11871,2023-07-03,0,0.0223149,False,0
4538,11872,2023-07-04,0.000592434,0.0487341,True,7.09222
4538,11873,2023-07-05,0.00121757,0.148419,True,35.3438
4538,11874,2023-07-06,0.00172598,0.283375,True,61.703
4538,11875,2023-07-07,0.00164521,0.0775048,True,2.9649
4538,11876,2023-07-08,0.00158012,0.0745229,True,1.63971
4538,11877,2023-07-09,0.00230184,0.343303,True,147.179
4538,11878,2023-07-10,0.00280076,0.381538,True,154.629
4538,11879,2023-07-11,0.00277082,0.205465,True,15.3455
4538,11880,2023-07-12,0.00270774,0.10291,True,1.88915
4538,11881,2023-07-13,0.00266782,0.0559712,True,6.81778
4538,11882,2023-07-14,0.00263096,0.0514056,True,5.82818
4538,11883,2023-07-15,0.0026163,0.0732722,True,11.9798
4538,11884,2023-07-16,0.00268485,0.178145,True,41.9366
4538,11885,2023-07-17,0.00276112,0.253905,True,46.8027
4538,11886,2023-07-18,0.00288019,0.309092,True,67.4882
4538,11887,2023-07-19,0.00296268,0.355524,True,55.1426
4538,11888,2023-07-20,0.00293567,0.0814458,True,5.21847
4538,11889,2023-07-21,0.00292001,0.0811064,True,9.54049
4538,11890,2023-07-22,0.00294995,0.125658,True,31.155
4538,11891,2023-07-23,0.0029328,0.0672586,True,7.54936
4538,11892,2023-07-24,0.00290347,0.0382853,True,0.555374
4538,11893,2023-07-25,0.0029148,0.0863466,True,20.7873
4538,11894,2023-07-26,0.0028909,0.0421287,True,1.92817
4538,11895,2023-07-27,0.00292483,0.145525,True,32.4166
4538,11896,2023-07-28,0.00294533,0.171675,True,25.4622
4538,11897,2023-07-29,0.00294807,0.100654,True,15.485
4538,11898,2023-07-30,0.00293136,0.0389218,True,4.00451
4538,11899,2023-07-31,0.00291447,0.0387697,True,3.37125
4538,11900,2023-08-01,0.00289328,0.0448108,True,0.342296
4538,11901,2023-08-02,0.00287662,0.0402698,True,2.49128
4538,11902,2023-08-03,0.00289958,0.13483,True,25.8291
4538,11903,2023-08-04,0.00291544,0.0995692,True,21.735
4538,11904,2023-08-05,0.00293353,0.142034,True,23.2579
4538,11905,2023-08-06,0.00291943,0.0472711,True,2.88648
4538,11906,2023-08-07,0.00292414,0.100141,True,14.5788
4538,11907,2023-08-08,0.00291992,0.0728932,True,8.65351
4538,11908,2023-08-09,0.00290287,0.074956,True,0
4538,11909,2023-08-10,0.00289003,0.0803788,True,2.40606
4538,11910,2023-08-11,0.00289867,0.155348,True,16.4059
4538,11911,2023-08-12,0.00292174,0.218971,True,26.2263
4538,11912,2023-08-13,0.00293722,0.181794,True,21.28
4538,11913,2023-08-14,0.00315425,0.472338,True,168.705
4538,11914,2023-08-15,0.00319164,0.402401,True,40.8135
4538,11915,2023-08-16,0.00317625,0.0979044,True,0.18585
4538,11916,2023-08-17,0.00316507,0.0585915,True,3.15267
4538,11917,2023-08-18,0.00315024,0.0710097,True,0
4538,11918,2023-08-19,0,0.0332186,False,0
4538,11919,2023-08-20,0.000528087,0.0337644,False,2.22274
4538,11920,2023-08-21,0.000991187,0.0796424,True,8.80859
4538,11921,2023-08-22,0.00130407,0.0879806,True,12.1789
4538,11922,2023-08-23,0.00138609,0.0650824,True,6.66688
4538,11923,2023-08-24,0.00206471,0.202453,True,45.0685
4538,11924,2023-08-25,0.00219252,0.110162,True,16.9798
4538,11925,2023-08-26,0.00212948,0.0516919,True,0.721276
4538,11926,2023-08-27,0,0.0339057,False,0
4538,11927,2023-08-28,0.000575746,0.0377383,True,2.80273
4538,11928,2023-08-29,0.000496312,0.0307846,False,0
4538,11929,2023-08-30,0,0.0159193,False,0
4538,11930,2023-08-31,0,0.0131763,False,0
4539,11853,2023-06-15,0.000305017,0.0199319,False,1.5822
4539,11854,2023-06-16,0.000266682,0.0179466,False,0.0468855
4539,11855,2023-06-17,0,0.0142309,False,0.121941
4539,11856,2023-06-18,0,0.0139012,False,0
4539,11857,2023-06-19,0.000399056,0.0179748,True,2.80504
4539,11858,2023-06-20,0.000343991,0.0184734,False,0
4539,11859,2023-06-21,0,0.0155327,False,0.14043
4539,11860,2023-06-22,0,0.0132791,False,0
4539,11861,2023-06-23,0,0.0153862,False,0.264474
4539,11862,2023-06-24,0.000481352,0.024212,True,4.20315
4539,11863,2023-06-25,0.000496457,0.0388434,True,1.8771
4539,11864,2023-06-26,0.000944611,0.0754959,True,21.2562
4539,11865,2023-06-27,0.000959062,0.0338311,True,4.68247
4539,11866,2023-06-28,0.000994983,0.0359602,True,6.08958
4539,11867,2023-06-29,0.00095806,0.0353222,True,0.0957021
4539,11868,2023-06-30,0.000962135,0.0356887,True,3.0458
4539,11869,2023-07-01,0.000935018,0.0238506,True,0
4539,11870,2023-07-02,0,0.0169256,False,0
4539,11871,2023-07-03,0,0.0157356,False,0
4539,11872,2023-07-04,0.000405657,0.0209056,True,3.29637
4539,11873,2023-07-05,0.000369483,0.0292699,False,0.395698
4539,11874,2023-07-06,0.000693851,0.0652396,True,12.4609
4539,11875,2023-07-07,0.000737903,0.0368184,True,4.66215
4539,11876,2023-07-08,0.000808036,0.0401965,True,6.8732
4539,11877,2023-07-09,0.0014111,0.218962,True,66.9147
4539,11878,2023-07-10,0.00200258,0.191387,True,113.723
4539,11879,2023-07-11,0.00199937,0.0847888,True,11.9023
4539,11880,2023-07-12,0.00197677,0.0738465,True,6.36664
4539,11881,2023-07-13,0.00193819,0.0433903,True,1.32352
4539,11882,2023-07-14,0.00190101,0.0472503,True,0.47831
4539,11883,2023-07-15,0.00190733,0.0930966,True,10.5606
4539,11884,2023-07-16,0.0019657,0.113437,True,24.4547
4539,11885,2023-07-17,0.00196058,0.0454532,True,7.28996
4539,11886,2023-07-18,0.00194702,0.0430098,True,4.3963
4539,11887,2023-07-19,0.00195324,0.0883741,True,9.80727
4539,11888,2023-07-20,0.00197632,0.0989814,True,14.889
4539,11889,2023-07-21,0.00202896,0.136391,True,24.7733
4539,11890,2023-07-22,0.00206901,0.119485,True,21.4996
4539,11891,2023-07-23,0.00209518,0.104398,True,17.2073
4539,11892,2023-07-24,0.00207355,0.0422412,True,0.0411228
4539,11893,2023-07-25,0.00211525,0.170804,True,23.0719
4539,11894,2023-07-26,0.00210398,0.0523673,True,3.33164
4539,11895,2023-07-27,0.00210658,0.0717038,True,8.39212
4539,11896,2023-07-28,0.00212789,0.117429,True,15.7293
4539,11897,2023-07-29,0.00212703,0.0656109,True,6.87051
4539,11898,2023-07-30,0.00211295,0.0639025,True,1.24057
4539,11899,2023-07-31,0.00209674,0.0658679,True,0.066845
4539,11900,2023-08-01,0,0.0378329,False,0
4539,11901,2023-08-02,0.000695046,0.049148,True,3.59373
4539,11902,2023-08-03,0.000714088,0.0589859,False,1.56375
4539,11903,2023-08-04,0.00158996,0.180192,True,26.9115
4539,11904,2023-08-05,0.00164113,0.059921,True,6.79294
4539,11905,2023-08-06,0.00157381,0.054689,True,0.471561
4539,11906,2023-08-07,0.00163657,0.0766191,True,6.86949
4539,11907,2023-08-08,0.00167039,0.0813354,True,5.37855
4539,11908,2023-08-09,0.00162334,0.040368,True,0
4539,11909,2023-08-10,0,0.0401554,False,0.197879
4539,11910,2023-08-11,0.00106816,0.152351,True,12.3631
4539,11911,2023-08-12,0.00145522,0.136057,True,19.3683
4539,11912,2023-08-13,0.00144328,0.0465984,True,5.57252
4539,11913,2023-08-14,0.00176525,0.241997,True,26.8266
4539,11914,2023-08-15,0.00171878,0.0712266,True,2.8444
4539,11915,2023-08-16,0.00165624,0.0865914,True,0.268094
4539,11916,2023-08-17,0.00161482,0.0959984,True,1.06955
4539,11917,2023-08-18,0.00156934,0.0797052,True,0
4539,11918,2023-08-19,0,0.0339542,False,0
4539,11919,2023-08-20,0,0.0340812,False,0.502791
4539,11920,2023-08-21,0,0.0286634,False,0.1928
4539,11921,2023-08-22,0.000405621,0.0284149,False,1.97172
4539,11922,2023-08-23,0.000503809,0.047553,False,2.20999
4539,11923,2023-08-24,0.000826553,0.11882,True,9.67423
4539,11924,2023-08-25,0.00078616,0.0513583,True,0.331926
4539,11925,2023-08-26,0.000775687,0.047686,False,1.04046
4539,11926,2023-08-27,0.000745987,0.0341568,False,0
4539,11927,2023-08-28,0,0.0235034,False,0
4539,11928,2023-08-29,0,0.0219015,False,0
4539,11929,2023-08-30,0,0.0207518,False,0
4539,11930,2023-08-31,0,0.0177216,False,0
4540,11853,2023-06-15,0.000281313,0.0335697,False,1.4708
4540,11854,2023-06-16,0.000330249,0.0384102,False,1.30653
4540,11855,2023-06-17,0.00030751,0.0337338,False,0.0901611
4540,11856,2023-06-18,0,0.0224427,False,0
4540,11857,2023-06-19,0.000620749,0.0888898,True,7.60587
4540,11858,2023-06-20,0.00053511,0.0549094,True,0
4540,11859,2023-06-21,0,0.043083,False,0.193602
4540,11860,2023-06-22,0,0.0249332,False,0
4540,11861,2023-06-23,0.000235344,0.030776,False,1.00057
4540,11862,2023-06-24,0.000428783,0.0549349,False,3.66786
4540,11863,2023-06-25,0.000689856,0.158403,True,10.1889
4540,11864,2023-06-26,0.00145252,0.344872,True,63.3052
4540,11865,2023-06-27,0.00148079,0.249827,True,11.5761
4540,11866,2023-06-28,0.00149338,0.214852,True,9.22262
4540,11867,2023-06-29,0.00144555,0.135099,True,0.0880008
4540,11868,2023-06-30,0.00149155,0.199419,True,13.0108
4540,11869,2023-07-01,0.00145442,0.109413,True,0
4540,11870,2023-07-02,0,0.0879512,False,0
4540,11871,2023-07-03,0,0.0597335,False,0
4540,11872,2023-07-04,0.000960904,0.201889,True,16.7952
4540,11873,2023-07-05,0.000884362,0.121528,True,2.42117
4540,11874,2023-07-06,0.00110229,0.254614,True,16.9521
4540,11875,2023-07-07,0.00117877,0.177027,True,10.9748
4540,11876,2023-07-08,0.00126772,0.212063,True,13.2843
4540,11877,2023-07-09,0.00166062,0.323992,True,53.7859
4540,11878,2023-07-10,0.00210798,0.348175,True,85.6699
4540,11879,2023-07-11,0.00213976,0.27066,True,18.7632
4540,11880,2023-07-12,0.00210943,0.133847,True,4.97492
4540,11881,2023-07-13,0.00209044,0.09331,True,6.3074
4540,11882,2023-07-14,0.00206038,0.0914871,True,2.81313
4540,11883,2023-07-15,0.00208613,0.187817,True,15.3735
4540,11884,2023-07-16,0.00216578,0.245138,True,29.558
4540,11885,2023-07-17,0.00221053,0.320454,True,21.5796
4540,11886,2023-07-18,0.00224928,0.265648,True,20.497
4540,11887,2023-07-19,0.002249,0.113769,True,9.14445
4540,11888,2023-07-20,0.00229492,0.250011,True,23.2886
4540,11889,2023-07-21,0.0023265,0.214934,True,19.3125
4540,11890,2023-07-22,0.00235151,0.199902,True,17.4419
4540,11891,2023-07-23,0.00240892,0.289214,True,29.1873
4540,11892,2023-07-24,0.00238705,0.116471,True,1.13197
4540,11893,2023-07-25,0.00242025,0.261294,True,21.0564
4540,11894,2023-07-26,0.0024141,0.0948127,True,6.36357
4540,11895,2023-07-27,0.00242024,0.141288,True,10.8522
4540,11896,2023-07-28,0.00241868,0.107669,True,7.68956
4540,11897,2023-07-29,0.00240421,0.106876,True,2.2923
4540,11898,2023-07-30,0.00238617,0.110622,True,0.516183
4540,11899,2023-07-31,0,0.0519298,False,0.202402
4540,11900,2023-08-01,0.000363992,0.0555384,False,1.05545
4540,11901,2023-08-02,0.000746776,0.111606,True,5.23411
4540,11902,2023-08-03,0.000986546,0.0923631,True,7.05396
4540,11903,2023-08-04,0.0011183,0.0906584,True,6.26666
4540,11904,2023-08-05,0.00128506,0.107091,True,9.20063
4540,11905,2023-08-06,0.00124518,0.0914806,True,0.448175
4540,11906,2023-08-07,0.00130873,0.074727,True,5.43975
4540,11907,2023-08-08,0.00132323,0.0694726,True,2.94875
4540,11908,2023-08-09,0.00134233,0.0599739,True,3.19513
4540,11909,2023-08-10,0.00132264,0.0561209,True,0.659005
4540,11910,2023-08-11,0.00139874,0.0687585,True,7.06882
4540,11911,2023-08-12,0.00147814,0.0688629,True,7.97973
4540,11912,2023-08-13,0.0015969,0.13062,True,12.1438
4540,11913,2023-08-14,0.0018878,0.262453,True,31.5132
4540,11914,2023-08-15,0.00191778,0.104282,True,6.50517
4540,11915,2023-08-16,0.0018958,0.100239,True,0.502777
4540,11916,2023-08-17,0.00190345,0.108087,True,3.82171
4540,11917,2023-08-18,0.00188763,0.0648994,True,0.892261
4540,11918,2023-08-19,0,0.0612336,False,0.412222
4540,11919,2023-08-20,0.000342185,0.0442226,False,1.52241
4540,11920,2023-08-21,0.000456361,0.0632239,False,2.21554
4540,11921,2023-08-22,0.000558966,0.0818203,False,3.04745
4540,11922,2023-08-23,0.000794557,0.0954015,True,9.10445
4540,11923,2023-08-24,0.00114694,0.250907,True,21.4479
4540,11924,2023-08-25,0.00114505,0.101425,True,2.9879
4540,11925,2023-08-26,0.0011338,0.11885,True,1.96711
4540,11926,2023-08-27,0.00110185,0.0730814,True,0
4540,11927,2023-08-28,0,0.0399463,False,0.719136
4540,11928,2023-08-29,0,0.0301998,False,0
4540,11929,2023-08-30,0,0.0271395,False,0
4540,11930,2023-08-31,0,0.0232905,False,0
4541,11853,2023-06-15,0.000358456,0.0274646,False,2.06692
4541,11854,2023-06-16,0.00037562,0.0417855,False,1.02235
4541,11855,2023-06-17,0.000344371,0.0314769,False,0
4541,11856,2023-06-18,0,0.0234373,False,0
4541,11857,2023-06-19,0,0.0279972,False,0.471978
4541,11858,2023-06-20,0,0.0251959,False,0
4541,11859,2023-06-21,0,0.0242529,False,0
4541,11860,2023-06-22,0,0.0239422,False,0
4541,11861,2023-06-23,0,0.0237545,False,0
4541,11862,2023-06-24,0,0.021607,False,0
4541,11863,2023-06-25,0.000489532,0.0651871,True,4.32263
4541,11864,2023-06-26,0.000751918,0.117392,True,9.87406
4541,11865,2023-06-27,0.000750292,0.0535767,True,2.70342
4541,11866,2023-06-28,0.000767593,0.05989,True,3.20751
4541,11867,2023-06-29,0.00074882,0.11361,True,0.976081
4541,11868,2023-06-30,0.000751106,0.10473,True,1.90867
4541,11869,2023-07-01,0.000726717,0.0593828,False,0
4541,11870,2023-07-02,0,0.035158,False,0.132844
4541,11871,2023-07-03,0,0.0340126,False,0
4541,11872,2023-07-04,0,0.0397487,False,0.375887
4541,11873,2023-07-05,0,0.0429987,False,0.316378
4541,11874,2023-07-06,0.000614648,0.0933581,True,8.35995
4541,11875,2023-07-07,0.000611447,0.0866737,True,2.86694
4541,11876,2023-07-08,0.000662959,0.0564339,True,4.62996
4541,11877,2023-07-09,0.00166514,0.424277,True,104.118
4541,11878,2023-07-10,0.00208426,0.28606,True,90.3027
4541,11879,2023-07-11,0.00205058,0.20088,True,10.0742
4541,11880,2023-07-12,0.00199363,0.124556,True,2.19331
4541,11881,2023-07-13,0.0019572,0.0578381,True,4.69044
4541,11882,2023-07-14,0.00192496,0.0607956,True,4.05406
4541,11883,2023-07-15,0.00191644,0.0782882,True,8.79418
4541,11884,2023-07-16,0.00197603,0.17404,True,26.6167
4541,11885,2023-07-17,0.00197982,0.129986,True,11.5265
4541,11886,2023-07-18,0.00196477,0.0734402,True,5.49632
4541,11887,2023-07-19,0.00193815,0.0749479,True,1.29534
4541,11888,2023-07-20,0.00192325,0.0733305,True,4.16488
4541,11889,2023-07-21,0.00191365,0.0823931,True,5.29485
4541,11890,2023-07-22,0.00192099,0.144698,True,10.3723
4541,11891,2023-07-23,0.00190978,0.0721665,True,4.03363
4541,11892,2023-07-24,0.00188951,0.0804714,True,0.570402
4541,11893,2023-07-25,0.00191567,0.254682,True,16.1768
4541,11894,2023-07-26,0.00189837,0.0843954,True,0.915408
4541,11895,2023-07-27,0.00188558,0.10613,True,2.15352
4541,11896,2023-07-28,0.00191898,0.21721,True,18.8638
4541,11897,2023-07-29,0.00190905,0.0842826,True,2.814
4541,11898,2023-07-30,0.00191505,0.118041,True,8.67858
4541,11899,2023-07-31,0.00189905,0.0702074,True,0
4541,11900,2023-08-01,0.00188716,0.0573534,True,1.32947
4541,11901,2023-08-02,0.00187334,0.0503961,True,0.317173
4541,11902,2023-08-03,0.00186859,0.0554819,True,3.71326
4541,11903,2023-08-04,0.00185509,0.0558155,True,0
4541,11904,2023-08-05,0.00185195,0.0541274,True,4.01534
4541,11905,2023-08-06,0.00183941,0.0819483,True,0
4541,11906,2023-08-07,0.00184028,0.0924611,True,5.39469
4541,11907,2023-08-08,0.00183879,0.0539075,True,4.32363
4541,11908,2023-08-09,0.00183454,0.049485,True,3.04202
4541,11909,2023-08-10,0.00182519,0.0504385,True,0.721275
4541,11910,2023-08-11,0.00183131,0.0702604,True,7.31447
4541,11911,2023-08-12,0.00183678,0.0632747,True,7.0352
4541,11912,2023-08-13,0.00184514,0.086942,True,8.33197
4541,11913,2023-08-14,0.00190125,0.304374,True,30.6005
4541,11914,2023-08-15,0.00191689,0.292509,True,12.2592
4541,11915,2023-08-16,0.00190704,0.0739812,True,0
4541,11916,2023-08-17,0,0.0678214,False,0.250419
4541,11917,2023-08-18,0,0.0584439,False,0.342077
4541,11918,2023-08-19,0,0.0627775,False,0.978782
4541,11919,2023-08-20,0,0.050492,False,0
4541,11920,2023-08-21,0,0.0366356,False,0.569142
4541,11921,2023-08-22,0,0.0285677,False,0.116834
4541,11922,2023-08-23,0.000432723,0.0410701,False,2.33327
4541,11923,2023-08-24,0.000646987,0.063739,True,4.91581
4541,11924,2023-08-25,0.000630489,0.0687721,False,0.97007
4541,11925,2023-08-26,0,0.0342678,False,0.477072
4541,11926,2023-08-27,0,0.0220324,False,0
4541,11927,2023-08-28,0.000375596,0.0251325,False,1.96506
4541,11928,2023-08-29,0.000339324,0.0260836,False,0.199266
4541,11929,2023-08-30,0,0.0171003,False,0
4541,11930,2023-08-31,0,0.0149762,False,0
4542,11853,2023-06-15,0.000203538,0.0342321,False,1.27998
4542,11854,2023-06-16,0.000175448,0.0296626,False,0
4542,11855,2023-06-17,0,0.0261438,False,0
4542,11856,2023-06-18,0,0.0268182,False,0
4542,11857,2023-06-19,0,0.032926,False,0.564117
4542,11858,2023-06-20,0,0.0307375,False,0
4542,11859,2023-06-21,0,0.0294999,False,0
4542,11860,2023-06-22,0,0.0294692,False,0
4542,11861,2023-06-23,0,0.0305808,False,0
4542,11862,2023-06-24,0,0.0289819,False,0
4542,11863,2023-06-25,0.000359753,0.0865512,True,4.62989
4542,11864,2023-06-26,0.000492045,0.128356,True,7.34367
4542,11865,2023-06-27,0.000486669,0.093247,True,2.02365
4542,11866,2023-06-28,0.000498701,0.10997,True,2.71212
4542,11867,2023-06-29,0.000493579,0.150062,True,1.33987
4542,11868,2023-06-30,0.000488584,0.119572,False,1.10557
4542,11869,2023-07-01,0.000477326,0.0801018,False,0.386516
4542,11870,2023-07-02,0,0.0479238,False,0.439833
4542,11871,2023-07-03,0,0.0311364,False,0
4542,11872,2023-07-04,0,0.0303174,False,0
4542,11873,2023-07-05,0,0.0469781,False,0.864513
4542,11874,2023-07-06,0.000385968,0.133569,True,6.67983
4542,11875,2023-07-07,0.000366166,0.125972,True,1.45621
4542,11876,2023-07-08,0.00037543,0.129199,True,2.10597
4542,11877,2023-07-09,0.0012023,0.494381,True,117.461
4542,11878,2023-07-10,0.00137141,0.399378,True,57.0823
4542,11879,2023-07-11,0.00134959,0.1573,True,8.95955
4542,11880,2023-07-12,0.0013058,0.116834,True,0
4542,11881,2023-07-13,0,0.122923,False,0.86423
4542,11882,2023-07-14,0,0.0941789,False,0
4542,11883,2023-07-15,0.000382987,0.122192,True,2.87859
4542,11884,2023-07-16,0.000623152,0.146309,True,7.76477
4542,11885,2023-07-17,0.000828539,0.242978,True,12.2359
4542,11886,2023-07-18,0.000793167,0.127192,True,0.862369
4542,11887,2023-07-19,0,0.106461,False,0.297651
4542,11888,2023-07-20,0.000550969,0.118275,True,5.7261
4542,11889,2023-07-21,0.000765232,0.19416,True,9.56006
4542,11890,2023-07-22,0.000982632,0.293954,True,15.3026
4542,11891,2023-07-23,0.000968071,0.121498,True,3.0853
4542,11892,2023-07-24,0.000925501,0.15463,True,0.194986
4542,11893,2023-07-25,0.000992864,0.126591,True,8.54912
4542,11894,2023-07-26,0.000969961,0.0848315,True,0.852723
4542,11895,2023-07-27,0.00098955,0.0805836,True,4.55326
4542,11896,2023-07-28,0.00111957,0.331707,True,17.1328
4542,11897,2023-07-29,0.0011426,0.0928591,True,6.00196
4542,11898,2023-07-30,0.00120396,0.22651,True,11.4654
4542,11899,2023-07-31,0.00118174,0.0867765,True,0
4542,11900,2023-08-01,0,0.0668404,False,0
4542,11901,2023-08-02,0,0.0477867,False,0
4542,11902,2023-08-03,0.000541817,0.0736753,True,4.75217
4542,11903,2023-08-04,0.000467062,0.0808187,False,0
4542,11904,2023-08-05,0,0.0548221,False,0
4542,11905,2023-08-06,0,0.0456942,False,0
4542,11906,2023-08-07,0.0003547,0.0560945,False,2.00601
4542,11907,2023-08-08,0.000388928,0.0773616,False,1.28555
4542,11908,2023-08-09,0.000356572,0.0590773,False,0
4542,11909,2023-08-10,0,0.0297409,False,0
4542,11910,2023-08-11,0.000648929,0.253458,True,12.0793
4542,11911,2023-08-12,0.000562269,0.068604,True,0.127663
4542,11912,2023-08-13,0,0.0566456,False,0
4542,11913,2023-08-14,0.000931329,0.256488,True,24.2691
4542,11914,2023-08-15,0.000960065,0.165824,True,10.8026
4542,11915,2023-08-16,0.000880236,0.0612222,True,0
4542,11916,2023-08-17,0,0.0705929,False,0.0619802
4542,11917,2023-08-18,0,0.0576739,False,0
4542,11918,2023-08-19,0.000202628,0.0632678,False,1.00668
4542,11919,2023-08-20,0.000174663,0.0606694,False,0
4542,11920,2023-08-21,0,0.0378913,False,0.0468589
4542,11921,2023-08-22,0,0.0292777,False,0.0167353
4542,11922,2023-08-23,0,0.0288541,False,0.120703
4542,11923,2023-08-24,0.00027114,0.0360597,False,2.09402
4542,11924,2023-08-25,0.000235655,0.036932,False,0.0357831
4542,11925,2023-08-26,0.000307971,0.068852,False,2.28778
4542,11926,2023-08-27,0.000289564,0.0414246,False,0
4542,11927,2023-08-28,0.000349758,0.0621939,False,2.77229
4542,11928,2023-08-29,0.000350423,0.0656157,False,0.632351
4542,11929,2023-08-30,0,0.0362959,False,0
4542,11930,2023-08-31,0,0.0254991,False,0
4543,11853,2023-06-15,0.000218511,0.038523,False,1.73021
4543,11854,2023-06-16,0.000188354,0.0335906,False,0
4543,11855,2023-06-17,0,0.0254819,False,0
4543,11856,2023-06-18,0,0.0220223,False,0
4543,11857,2023-06-19,0,0.0311213,False,0.855861
4543,11858,2023-06-20,0,0.0260466,False,0
4543,11859,2023-06-21,0,0.0243304,False,0
4543,11860,2023-06-22,0,0.024311,False,0
4543,11861,2023-06-23,0,0.02507,False,0
4543,11862,2023-06-24,0,0.0243452,False,0
4543,11863,2023-06-25,0.000473583,0.164576,True,9.35672
4543,11864,2023-06-26,0.000644348,0.175928,True,14.5834
4543,11865,2023-06-27,0.000638715,0.0811189,True,4.1734
4543,11866,2023-06-28,0.000668162,0.104126,True,6.90512
4543,11867,2023-06-29,0.000654785,0.127913,True,2.0448
4543,11868,2023-06-30,0.000646684,0.116509,True,2.08597
4543,11869,2023-07-01,0.000625683,0.0819248,True,0
4543,11870,2023-07-02,0,0.0550177,False,0.632113
4543,11871,2023-07-03,0,0.0374609,False,0
4543,11872,2023-07-04,0,0.0386281,False,0
4543,11873,2023-07-05,0.000198959,0.0580585,False,1.7038
4543,11874,2023-07-06,0.000392584,0.127897,True,7.66324
4543,11875,2023-07-07,0.000401536,0.123464,True,2.36559
4543,11876,2023-07-08,0.000392688,0.114778,True,0.989608
4543,11877,2023-07-09,0.00117282,0.4863,True,120.825
4543,11878,2023-07-10,0.00124265,0.386481,True,29.4897
4543,11879,2023-07-11,0.00123662,0.272193,True,9.72754
4543,11880,2023-07-12,0.00120178,0.107288,True,0
4543,11881,2023-07-13,0,0.127254,False,0.178468
4543,11882,2023-07-14,0,0.0906182,False,0
4543,11883,2023-07-15,0.000298557,0.102058,False,2.01081
4543,11884,2023-07-16,0.000641644,0.241423,True,11.1722
4543,11885,2023-07-17,0.000805432,0.224689,True,11.9901
4543,11886,2023-07-18,0.0007688,0.133167,True,0.792482
4543,11887,2023-07-19,0,0.100202,False,0.449848
4543,11888,2023-07-20,0.000515838,0.110113,True,5.8036
4543,11889,2023-07-21,0.000835309,0.279199,True,15.4481
4543,11890,2023-07-22,0.0011493,0.305323,True,27.7761
4543,11891,2023-07-23,0.00112475,0.104556,True,4.20911
4543,11892,2023-07-24,0.00107554,0.156858,True,0.333533
4543,11893,2023-07-25,0.00109854,0.119787,True,7.06935
4543,11894,2023-07-26,0.001076,0.0936993,True,1.55225
4543,11895,2023-07-27,0.00109504,0.107751,True,6.19715
4543,11896,2023-07-28,0.00115839,0.268602,True,12.4932
4543,11897,2023-07-29,0.00120452,0.250378,True,10.9432
4543,11898,2023-07-30,0.00123587,0.172051,True,9.14481
4543,11899,2023-07-31,0.00121306,0.136337,True,0
4543,11900,2023-08-01,0,0.0638677,False,0
4543,11901,2023-08-02,0,0.0482669,False,0
4543,11902,2023-08-03,0.000614476,0.159188,True,7.16637
4543,11903,2023-08-04,0.000529701,0.0890953,True,0
4543,11904,2023-08-05,0,0.0597868,False,0
4543,11905,2023-08-06,0,0.0431498,False,0
4543,11906,2023-08-07,0.000329503,0.0532666,False,2.0077
4543,11907,2023-08-08,0.000342111,0.063248,False,0.936624
4543,11908,2023-08-09,0,0.0411463,False,0
4543,11909,2023-08-10,0,0.031232,False,0
4543,11910,2023-08-11,0.000543592,0.13749,True,8.90226
4543,11911,2023-08-12,0.000482199,0.0910233,True,0.540304
4543,11912,2023-08-13,0,0.0562652,False,0
4543,11913,2023-08-14,0.000990244,0.297585,True,29.5697
4543,11914,2023-08-15,0.000956036,0.0862732,True,7.7664
4543,11915,2023-08-16,0.000876542,0.064242,True,0
4543,11916,2023-08-17,0,0.0604758,False,0.168677
4543,11917,2023-08-18,0,0.0459882,False,0
4543,11918,2023-08-19,0.000336964,0.0621648,True,3.08958
4543,11919,2023-08-20,0.000290465,0.0606061,False,0
4543,11920,2023-08-21,0,0.042171,False,0.0339412
4543,11921,2023-08-22,0,0.0251757,False,0.0121219
4543,11922,2023-08-23,0,0.0253605,False,0.172874
4543,11923,2023-08-24,0.000322314,0.0442692,True,3.42649
4543,11924,2023-08-25,0.000287562,0.061811,False,0.251435
4543,11925,2023-08-26,0.000404266,0.0711007,True,5.18773
4543,11926,2023-08-27,0.000380105,0.0529349,False,0
4543,11927,2023-08-28,0.00046048,0.066909,False,5.65238
4543,11928,2023-08-29,0.000456666,0.0527377,False,0.94817
4543,11929,2023-08-30,0,0.0351094,False,0
4543,11930,2023-08-31,0,0.0229759,False,0
4544,11853,2023-06-15,0,0.0283988,False,0.279803
4544,11854,2023-06-16,0,0.0205319,False,0
4544,11855,2023-06-17,0,0.0191722,False,0
4544,11856,2023-06-18,0,0.0196314,False,0
4544,11857,2023-06-19,0,0.0280877,False,0.914138
4544,11858,2023-06-20,0,0.0241712,False,0
4544,11859,2023-06-21,0,0.021776,False,0
4544,11860,2023-06-22,0,0.0210881,False,0
4544,11861,2023-06-23,0,0.0213251,False,0
4544,11862,2023-06-24,0,0.0216345,False,0
4544,11863,2023-06-25,0.000169792,0.0473099,False,1.43715
4544,11864,2023-06-26,0.000238319,0.10771,False,2.48229
4544,11865,2023-06-27,0.000237414,0.11276,False,0.730645
4544,11866,2023-06-28,0.000393274,0.212342,True,10.2658
4544,11867,2023-06-29,0.00037856,0.110744,False,0.2998
4544,11868,2023-06-30,0,0.0775874,False,0.300076
4544,11869,2023-07-01,0,0.0521188,False,0.516607
4544,11870,2023-07-02,0,0.0462475,False,0.24922
4544,11871,2023-07-03,0,0.0380228,False,0
4544,11872,2023-07-04,0,0.0347377,False,0
4544,11873,2023-07-05,0.000272097,0.0803475,True,3.98609
4544,11874,2023-07-06,0.000269071,0.124436,False,1.30172
4544,11875,2023-07-07,0.000257268,0.150521,False,0.477508
4544,11876,2023-07-08,0,0.0446842,False,0.16105
4544,11877,2023-07-09,0.00142706,0.461224,True,120.01
4544,11878,2023-07-10,0.00133533,0.395376,True,22.0579
4544,11879,2023-07-11,0.00124192,0.186056,True,4.2356
4544,11880,2023-07-12,0.00116785,0.106076,True,0.025744
4544,11881,2023-07-13,0,0.125144,False,0.0696456
4544,11882,2023-07-14,0,0.0926899,False,0
4544,11883,2023-07-15,0,0.0988701,False,0.289965
4544,11884,2023-07-16,0.000763954,0.243994,True,16.4265
4544,11885,2023-07-17,0.00082301,0.178367,True,9.5664
4544,11886,2023-07-18,0.000762795,0.135332,True,0.586837
4544,11887,2023-07-19,0.000742643,0.164716,True,1.9761
4544,11888,2023-07-20,0.000717035,0.179193,True,0.756118
4544,11889,2023-07-21,0.000846949,0.255417,True,15.4448
4544,11890,2023-07-22,0.001054,0.381991,True,30.402
4544,11891,2023-07-23,0.00103071,0.128162,True,0.972204
4544,11892,2023-07-24,0,0.0792203,False,0.0423513
4544,11893,2023-07-25,0.000541924,0.144864,True,6.49182
4544,11894,2023-07-26,0.000510639,0.117405,True,1.30523
4544,11895,2023-07-27,0.000523823,0.113973,True,2.02852
4544,11896,2023-07-28,0.00053213,0.11775,False,1.69597
4544,11897,2023-07-29,0.000753801,0.306533,True,14.5158
4544,11898,2023-07-30,0.000743584,0.0964206,True,1.39768
4544,11899,2023-07-31,0.000719439,0.0875727,True,0
4544,11900,2023-08-01,0,0.049067,False,0
4544,11901,2023-08-02,0,0.046817,False,0
4544,11902,2023-08-03,0.000226239,0.0523821,False,1.04503
4544,11903,2023-08-04,0.000195016,0.0518524,False,0
4544,11904,2023-08-05,0,0.0390064,False,0
4544,11905,2023-08-06,0,0.0450909,False,0
4544,11906,2023-08-07,0.00029036,0.0510006,False,1.76751
4544,11907,2023-08-08,0.000256428,0.0492789,False,0.0903543
4544,11908,2023-08-09,0,0.0351202,False,0
4544,11909,2023-08-10,0,0.0238518,False,0
4544,11910,2023-08-11,0.000221256,0.03237,False,1.62776
4544,11911,2023-08-12,0.000268218,0.056324,False,1.65577
4544,11912,2023-08-13,0.000245902,0.0425416,False,0
4544,11913,2023-08-14,0.000720734,0.281738,True,30.8114
4544,11914,2023-08-15,0.000696092,0.0559968,True,0.924753
4544,11915,2023-08-16,0,0.0400485,False,0
4544,11916,2023-08-17,0.000235131,0.0402453,False,1.77809
4544,11917,2023-08-18,0.000202681,0.0444596,False,0
4544,11918,2023-08-19,0.000301784,0.0619902,False,3.04554
4544,11919,2023-08-20,0.000283746,0.0527656,False,0
4544,11920,2023-08-21,0,0.0248167,False,0
4544,11921,2023-08-22,0,0.0228806,False,0
4544,11922,2023-08-23,0,0.0226266,False,0.0918533
4544,11923,2023-08-24,0,0.0264226,False,0.591943
4544,11924,2023-08-25,0,0.0265067,False,0.299179
4544,11925,2023-08-26,0.000494343,0.281723,True,10.531
4544,11926,2023-08-27,0.000426135,0.054422,True,0
4544,11927,2023-08-28,0.000473605,0.0552696,True,5.1193
4544,11928,2023-08-29,0.000447183,0.0497976,True,0.136398
4544,11929,2023-08-30,0,0.0343401,False,0
4544,11930,2023-08-31,0,0.0204716,False,0
4545,11853,2023-06-15,0,0.0183586,False,0.0394017
4545,11854,2023-06-16,0,0.0177585,False,0
4545,11855,2023-06-17,0,0.0160772,False,0
4545,11856,2023-06-18,0,0.0164376,False,0
4545,11857,2023-06-19,0,0.0228928,False,0.921947
4545,11858,2023-06-20,0,0.0201236,False,0
4545,11859,2023-06-21,0,0.017983,False,0
4545,11860,2023-06-22,0,0.0180148,False,0
4545,11861,2023-06-23,0,0.0181705,False,0
4545,11862,2023-06-24,0,0.0179168,False,0
4545,11863,2023-06-25,0,0.0344505,False,0.224453
4545,11864,2023-06-26,0,0.039358,False,0.402678
4545,11865,2023-06-27,0,0.0321388,False,0.117589
4545,11866,2023-06-28,0.000437017,0.246292,True,10.6151
4545,11867,2023-06-29,0.000377511,0.0845461,True,0.0461656
4545,11868,2023-06-30,0,0.063019,False,0.0482051
4545,11869,2023-07-01,0,0.0354595,False,0.115325
4545,11870,2023-07-02,0,0.0338761,False,0.0494331
4545,11871,2023-07-03,0,0.0320843,False,0
4545,11872,2023-07-04,0,0.030078,False,0.00288999
4545,11873,2023-07-05,0.000270945,0.0650459,True,4.1561
4545,11874,2023-07-06,0.000239343,0.0913156,False,0.21476
4545,11875,2023-07-07,0,0.0553203,False,0.0766326
4545,11876,2023-07-08,0,0.041431,False,0.524893
4545,11877,2023-07-09,0.00130629,0.330802,True,104.876
4545,11878,2023-07-10,0.00123095,0.258061,True,21.0907
4545,11879,2023-07-11,0.00114212,0.154131,True,3.1214
4545,11880,2023-07-12,0.00107396,0.0649042,True,0.0133302
4545,11881,2023-07-13,0,0.0573882,False,0.0322837
4545,11882,2023-07-14,0,0.0539809,False,0
4545,11883,2023-07-15,0,0.0503439,False,0.0601674
4545,11884,2023-07-16,0.000694358,0.151925,True,14.6524
4545,11885,2023-07-17,0.000723404,0.0807029,True,6.98857
4545,11886,2023-07-18,0.000669145,0.0885409,True,0.398486
4545,11887,2023-07-19,0.000648108,0.0961342,True,1.38805
4545,11888,2023-07-20,0.000619611,0.0661809,True,0.136614
4545,11889,2023-07-21,0.000753805,0.182243,True,14.6699
4545,11890,2023-07-22,0.000974055,0.210539,True,31.1411
4545,11891,2023-07-23,0.000947574,0.083244,True,0.14667
4545,11892,2023-07-24,0,0.0415813,False,0.00688732
4545,11893,2023-07-25,0.000574087,0.0770855,True,7.94229
4545,11894,2023-07-26,0.00062821,0.0524927,True,5.03604
4545,11895,2023-07-27,0.000582612,0.059348,True,0.310549
4545,11896,2023-07-28,0,0.0435935,False,0.36135
4545,11897,2023-07-29,0.000775711,0.212085,True,14.6638
4545,11898,2023-07-30,0.000673955,0.0529805,True,0.237886
4545,11899,2023-07-31,0,0.032523,False,0
4545,11900,2023-08-01,0,0.0253036,False,0
4545,11901,2023-08-02,0,0.0250974,False,0
4545,11902,2023-08-03,0,0.0244497,False,0.162889
4545,11903,2023-08-04,0,0.024918,False,0
4545,11904,2023-08-05,0,0.0195105,False,0
4545,11905,2023-08-06,0,0.0231929,False,0
4545,11906,2023-08-07,0.000290816,0.0299382,False,1.89081
4545,11907,2023-08-08,0.00025187,0.0415317,False,0.0184728
4545,11908,2023-08-09,0,0.0231006,False,0
4545,11909,2023-08-10,0,0.017644,False,0
4545,11910,2023-08-11,0,0.020682,False,0.296625
4545,11911,2023-08-12,0.000238686,0.0269748,False,1.96039
4545,11912,2023-08-13,0.000205745,0.0237379,False,0
4545,11913,2023-08-14,0.000670753,0.177001,True,24.7283
4545,11914,2023-08-15,0.000632052,0.0265225,True,0.120127
4545,11915,2023-08-16,0,0.0289779,False,0
4545,11916,2023-08-17,0.000241705,0.0362383,False,1.96702
4545,11917,2023-08-18,0.000208348,0.0332416,False,0
4545,11918,2023-08-19,0.000302827,0.0562846,False,3.11065
4545,11919,2023-08-20,0.000284726,0.0395594,False,0
4545,11920,2023-08-21,0,0.0195843,False,0
4545,11921,2023-08-22,0,0.0180355,False,0
4545,11922,2023-08-23,0,0.0185498,False,0.0142503
4545,11923,2023-08-24,0,0.0181699,False,0.0600025
4545,11924,2023-08-25,0,0.0210443,False,0.827823
4545,11925,2023-08-26,0.000483219,0.210824,True,10.8239
4545,11926,2023-08-27,0.000416546,0.0466089,True,0
4545,11927,2023-08-28,0.000464231,0.0508481,True,5.35353
4545,11928,2023-08-29,0.000436775,0.039925,True,0.0219114
4545,11929,2023-08-30,0,0.0284204,False,0
4545,11930,2023-08-31,0,0.0173356,False,0
4546,11853,2023-06-15,0,0.0137306,False,0.0362843
4546,11854,2023-06-16,0,0.0140589,False,0
4546,11855,2023-06-17,0,0.0129446,False,0
4546,11856,2023-06-18,0,0.0133842,False,0
4546,11857,2023-06-19,0,0.0181046,False,0.810513
4546,11858,2023-06-20,0,0.0166179,False,0.0411015
4546,11859,2023-06-21,0,0.0156163,False,0
4546,11860,2023-06-22,0,0.0146715,False,0
4546,11861,2023-06-23,0,0.0147697,False,0
4546,11862,2023-06-24,0,0.0149207,False,0
4546,11863,2023-06-25,0,0.0289404,False,0.849001
4546,11864,2023-06-26,0.00016319,0.0381232,False,1.48855
4546,11865,2023-06-27,0.000148967,0.0353954,False,0.186363
4546,11866,2023-06-28,0.00029012,0.0818301,False,6.22018
4546,11867,2023-06-29,0.000275116,0.0702294,False,0.139808
4546,11868,2023-06-30,0,0.0596818,False,0.230489
4546,11869,2023-07-01,0,0.0333723,False,0.369601
4546,11870,2023-07-02,0,0.0259735,False,0.147283
4546,11871,2023-07-03,0,0.0263927,False,0
4546,11872,2023-07-04,0,0.023036,False,0.0210163
4546,11873,2023-07-05,0.000158823,0.0343173,False,1.45199
4546,11874,2023-07-06,0.000143561,0.0332899,False,0.149039
4546,11875,2023-07-07,0,0.0313216,False,0.136879
4546,11876,2023-07-08,0.000199161,0.0415968,False,2.29061
4546,11877,2023-07-09,0.000671308,0.0893059,True,35.6259
4546,11878,2023-07-10,0.000761507,0.0908371,True,20.8589
4546,11879,2023-07-11,0.000741221,0.0332804,True,4.34033
4546,11880,2023-07-12,0.000709047,0.043796,True,0.444295
4546,11881,2023-07-13,0,0.0481769,False,0.573802
4546,11882,2023-07-14,0,0.031105,False,0
4546,11883,2023-07-15,0,0.0296373,False,0.128313
4546,11884,2023-07-16,0.000413229,0.0711948,True,6.84858
4546,11885,2023-07-17,0.000378864,0.0758829,True,0.926689
4546,11886,2023-07-18,0,0.033304,False,0
4546,11887,2023-07-19,0.000265858,0.052099,True,2.6579
4546,11888,2023-07-20,0.000237928,0.0450276,False,0.213301
4546,11889,2023-07-21,0.000360419,0.0822325,False,5.19915
4546,11890,2023-07-22,0.000638218,0.0930611,True,21.6324
4546,11891,2023-07-23,0.000612244,0.0294713,True,0.384017
4546,11892,2023-07-24,0,0.0226025,False,0.0826655
4546,11893,2023-07-25,0.000381553,0.0275727,True,4.89507
4546,11894,2023-07-26,0.000504712,0.0367619,True,6.92296
4546,11895,2023-07-27,0.000478941,0.0465301,True,0.868139
4546,11896,2023-07-28,0,0.0398127,False,0.64706
4546,11897,2023-07-29,0.00055351,0.0808135,True,10.3281
4546,11898,2023-07-30,0.000488851,0.0376598,True,0.528482
4546,11899,2023-07-31,0,0.0311086,False,0
4546,11900,2023-08-01,0,0.0229937,False,0
4546,11901,2023-08-02,0,0.0276781,False,0
4546,11902,2023-08-03,0,0.0351235,False,0.425786
4546,11903,2023-08-04,0,0.025425,False,0
4546,11904,2023-08-05,0,0.0205151,False,0.0507981
4546,11905,2023-08-06,0,0.0239163,False,0
4546,11906,2023-08-07,0.000220387,0.0275412,False,1.49839
4546,11907,2023-08-08,0.000189972,0.021601,False,0
4546,11908,2023-08-09,0,0.0151635,False,0
4546,11909,2023-08-10,0,0.0143243,False,0
4546,11910,2023-08-11,0,0.0175836,False,0.533301
4546,11911,2023-08-12,0.000205239,0.0214378,False,1.72041
4546,11912,2023-08-13,0.000176914,0.0195303,False,0
4546,11913,2023-08-14,0.000453029,0.0767921,True,12.5255
4546,11914,2023-08-15,0.000431896,0.0350772,True,0.412014
4546,11915,2023-08-16,0,0.0241064,False,0
4546,11916,2023-08-17,0.000215543,0.0227063,False,1.84105
4546,11917,2023-08-18,0.000187392,0.0205808,False,0.0326844
4546,11918,2023-08-19,0,0.0217463,False,0.810852
4546,11919,2023-08-20,0,0.0190543,False,0
4546,11920,2023-08-21,0,0.0125829,False,0
4546,11921,2023-08-22,0,0.0106909,False,0
4546,11922,2023-08-23,0,0.0102703,False,0.0479832
4546,11923,2023-08-24,0,0.0113632,False,0.139271
4546,11924,2023-08-25,0.000193717,0.0163645,False,1.78195
4546,11925,2023-08-26,0.000405839,0.0647386,True,9.30017
4546,11926,2023-08-27,0.000372076,0.0325474,True,0
4546,11927,2023-08-28,0.000426073,0.0331186,True,5.54588
4546,11928,2023-08-29,0.000406186,0.025725,True,0
4546,11929,2023-08-30,0,0.0180349,False,0
4546,11930,2023-08-31,0,0.0120565,False,0
4547,11853,2023-06-15,0,0.0175489,False,0.1296
4547,11854,2023-06-16,0,0.0196865,False,0.0281336
4547,11855,2023-06-17,0,0.0209693,False,0
4547,11856,2023-06-18,0,0.0196741,False,0
4547,11857,2023-06-19,0.00019212,0.0253374,False,1.86735
4547,11858,2023-06-20,0.000171185,0.0243124,False,0.131784
4547,11859,2023-06-21,0,0.0213458,False,0
4547,11860,2023-06-22,0,0.0188903,False,0.00904857
4547,11861,2023-06-23,0,0.0200845,False,0
4547,11862,2023-06-24,0,0.018874,False,0
4547,11863,2023-06-25,0,0.0288703,False,0.0995343
4547,11864,2023-06-26,0,0.0309176,False,0.0544249
4547,11865,2023-06-27,0,0.0303072,False,0
4547,11866,2023-06-28,0.000197789,0.0365481,False,1.98738
4547,11867,2023-06-29,0.000172378,0.0332447,False,0.045516
4547,11868,2023-06-30,0,0.0265925,False,0.157503
4547,11869,2023-07-01,0,0.0236207,False,0.011017
4547,11870,2023-07-02,0,0.0250566,False,0.028794
4547,11871,2023-07-03,0,0.0251814,False,0
4547,11872,2023-07-04,0,0.0241747,False,0.0180971
4547,11873,2023-07-05,0,0.0276252,False,0.0188418
4547,11874,2023-07-06,0,0.0398792,False,0.215456
4547,11875,2023-07-07,0,0.0368291,False,0.199135
4547,11876,2023-07-08,0.000198273,0.0515904,False,2.11126
4547,11877,2023-07-09,0.000545308,0.156209,True,20.8796
4547,11878,2023-07-10,0.000675801,0.116385,True,19.7669
4547,11879,2023-07-11,0.000684805,0.0553625,True,7.12325
4547,11880,2023-07-12,0.000664248,0.0623242,True,1.80964
4547,11881,2023-07-13,0.000652422,0.0766188,True,2.2928
4547,11882,2023-07-14,0.000631235,0.0555768,True,0
4547,11883,2023-07-15,0,0.0382237,False,0.435152
4547,11884,2023-07-16,0.000506535,0.194274,True,10.0001
4547,11885,2023-07-17,0.000439481,0.0593021,True,0.134107
4547,11886,2023-07-18,0,0.0417714,False,0.0230423
4547,11887,2023-07-19,0.000326788,0.0545116,True,3.83825
4547,11888,2023-07-20,0.000295971,0.0619047,False,0.411138
4547,11889,2023-07-21,0.000321213,0.057974,False,1.76394
4547,11890,2023-07-22,0.000468441,0.098463,True,8.82771
4547,11891,2023-07-23,0.000451659,0.0598948,False,0.349678
4547,11892,2023-07-24,0,0.0399945,False,0.122895
4547,11893,2023-07-25,0.000425067,0.0719683,True,6.1604
4547,11894,2023-07-26,0.000478247,0.0592945,True,4.49844
4547,11895,2023-07-27,0.000442489,0.0569328,True,0.202394
4547,11896,2023-07-28,0,0.0482038,False,0.33908
4547,11897,2023-07-29,0.00032668,0.052427,True,3.43063
4547,11898,2023-07-30,0.000283764,0.0477367,False,0.0545003
4547,11899,2023-07-31,0,0.0398936,False,0
4547,11900,2023-08-01,0,0.02432,False,0
4547,11901,2023-08-02,0,0.0228929,False,0
4547,11902,2023-08-03,0,0.0236937,False,0.0661356
4547,11903,2023-08-04,0,0.0242823,False,0
4547,11904,2023-08-05,0,0.0242083,False,0.0692897
4547,11905,2023-08-06,0,0.028957,False,0
4547,11906,2023-08-07,0.000188442,0.0301514,False,1.09074
4547,11907,2023-08-08,0.000162434,0.0214456,False,0
4547,11908,2023-08-09,0,0.0160082,False,0
4547,11909,2023-08-10,0,0.013746,False,0
4547,11910,2023-08-11,0,0.0136516,False,0.0346448
4547,11911,2023-08-12,0.000162833,0.0197861,False,1.05856
4547,11912,2023-08-13,0.000140359,0.016366,False,0
4547,11913,2023-08-14,0.000367712,0.0540398,True,8.12694
4547,11914,2023-08-15,0.000356074,0.0466411,False,0.574311
4547,11915,2023-08-16,0,0.0254029,False,0
4547,11916,2023-08-17,0.000202655,0.0229703,False,1.69333
4547,11917,2023-08-18,0.000179262,0.0217473,False,0.0925426
4547,11918,2023-08-19,0,0.0174998,False,0.0383163
4547,11919,2023-08-20,0,0.0167223,False,0.00957908
4547,11920,2023-08-21,0,0.012956,False,0
4547,11921,2023-08-22,0,0.0117275,False,0
4547,11922,2023-08-23,0,0.0115897,False,0
4547,11923,2023-08-24,0,0.0138639,False,0.273056
4547,11924,2023-08-25,0.000164907,0.0168287,False,1.26572
4547,11925,2023-08-26,0.000218572,0.0300286,False,1.80221
4547,11926,2023-08-27,0.000200993,0.0159723,False,0.0191582
4547,11927,2023-08-28,0,0.0124572,False,0
4547,11928,2023-08-29,0,0.0108396,False,0
4547,11929,2023-08-30,0,0.0108265,False,0
4547,11930,2023-08-31,0,0.0108265,False,0
4557,11853,2023-06-15,0.000426342,0.0309588,True,6.26366
4557,11854,2023-06-16,0.000367513,0.0220527,True,0
4557,11855,2023-06-17,0,0.0162999,False,0
4557,11856,2023-06-18,0,0.0100193,False,0
4557,11857,2023-06-19,0.000343827,0.0215251,True,3.94015
4557,11858,2023-06-20,0.000296381,0.0188666,False,0
4557,11859,2023-06-21,0,0.0142238,False,0
4557,11860,2023-06-22,0,0.0086989,False,0
4557,11861,2023-06-23,0,0.00971046,False,0
4557,11862,2023-06-24,0.000669084,0.0474358,True,16.316
4557,11863,2023-06-25,0.000625844,0.0305698,True,2.98615
4557,11864,2023-06-26,0.000618463,0.0350133,True,3.22141
4557,11865,2023-06-27,0.000791874,0.0670663,True,20.0093
4557,11866,2023-06-28,0.000847175,0.046956,True,11.3957
4557,11867,2023-06-29,0.000836892,0.0335117,True,3.06275
4557,11868,2023-06-30,0.000810353,0.0276584,True,0.0919515
4557,11869,2023-07-01,0,0.0128019,False,0
4557,11870,2023-07-02,0,0.0108964,False,0
4557,11871,2023-07-03,0,0.0106693,False,0
4557,11872,2023-07-04,0,0.0127544,False,0.876799
4557,11873,2023-07-05,0.000652072,0.0524361,True,18.1371
4557,11874,2023-07-06,0.000640502,0.0294962,True,5.59223
4557,11875,2023-07-07,0.000617975,0.0305541,True,2.62862
4557,11876,2023-07-08,0.000608068,0.0434407,True,2.58537
4557,11877,2023-07-09,0.00129995,0.266706,True,123.739
4557,11878,2023-07-10,0.00158287,0.20299,True,95.5728
4557,11879,2023-07-11,0.00153191,0.0490052,True,0.132911
4557,11880,2023-07-12,0,0.0492951,False,0.0117138
4557,11881,2023-07-13,0,0.0257836,False,0.24683
4557,11882,2023-07-14,0.000316281,0.0290186,False,1.84516
4557,11883,2023-07-15,0.00052108,0.0662029,True,5.15412
4557,11884,2023-07-16,0.000859575,0.112128,True,16.4556
4557,11885,2023-07-17,0.00109821,0.1232,True,20.6459
4557,11886,2023-07-18,0.00141998,0.219205,True,38.5144
4557,11887,2023-07-19,0.00157603,0.274586,True,28.3722
4557,11888,2023-07-20,0.00157316,0.0860263,True,7.36008
4557,11889,2023-07-21,0.00164453,0.163245,True,19.196
4557,11890,2023-07-22,0.00167372,0.0909344,True,12.6795
4557,11891,2023-07-23,0.00166257,0.0564545,True,4.99089
4557,11892,2023-07-24,0.00164794,0.0875521,True,3.73962
4557,11893,2023-07-25,0.00196675,0.34139,True,78.8638
4557,11894,2023-07-26,0.00193384,0.083476,True,0.120386
4557,11895,2023-07-27,0.00198639,0.306189,True,21.8722
4557,11896,2023-07-28,0.0019573,0.0509827,True,0
4557,11897,2023-07-29,0.00198553,0.114688,True,15.508
4557,11898,2023-07-30,0.00196874,0.0586699,True,2.55329
4557,11899,2023-07-31,0.0019504,0.0640126,True,1.64372
4557,11900,2023-08-01,0.00192833,0.0639508,True,0.106044
4557,11901,2023-08-02,0,0.0272562,False,0
4557,11902,2023-08-03,0.000898686,0.0928453,True,10.9394
4557,11903,2023-08-04,0.000774731,0.0465781,True,0
4557,11904,2023-08-05,0.000835304,0.0504782,True,4.33449
4557,11905,2023-08-06,0.000788774,0.061701,True,0.13535
4557,11906,2023-08-07,0.000845449,0.0789613,True,4.20441
4557,11907,2023-08-08,0.000906685,0.0788375,True,4.93379
4557,11908,2023-08-09,0.000877394,0.0377449,True,0.00836699
4557,11909,2023-08-10,0,0.0312294,False,0.200308
4557,11910,2023-08-11,0.000286622,0.0229224,False,1.54835
4557,11911,2023-08-12,0.000618413,0.0694804,True,8.68458
4557,11912,2023-08-13,0.000585907,0.0442559,True,0.715798
4557,11913,2023-08-14,0.000693653,0.0535198,True,6.64601
4557,11914,2023-08-15,0.000990645,0.137437,True,22.8454
4557,11915,2023-08-16,0.000954231,0.0330943,True,0.132059
4557,11916,2023-08-17,0,0.0273359,False,0.110559
4557,11917,2023-08-18,0,0.0227537,False,0
4557,11918,2023-08-19,0,0.0212652,False,0
4557,11919,2023-08-20,0,0.0201155,False,0
4557,11920,2023-08-21,0,0.0211833,False,0.339391
4557,11921,2023-08-22,0.000620771,0.138131,True,10.0916
4557,11922,2023-08-23,0.000595343,0.0439176,True,2.47711
4557,11923,2023-08-24,0.000619454,0.0442682,True,3.74018
4557,11924,2023-08-25,0.000594175,0.043283,True,0.683697
4557,11925,2023-08-26,0,0.023291,False,0
4557,11926,2023-08-27,0,0.0144998,False,0
4557,11927,2023-08-28,0,0.0139202,False,0.225137
4557,11928,2023-08-29,0,0.0116748,False,0
4557,11929,2023-08-30,0,0.0101381,False,0
4557,11930,2023-08-31,0,0.00903944,False,0
4558,11853,2023-06-15,0.000589139,0.0263748,True,4.14271
4558,11854,2023-06-16,0.000560282,0.0319292,False,0.928458
4558,11855,2023-06-17,0,0.0212417,False,0
4558,11856,2023-06-18,0,0.0149901,False,0
4558,11857,2023-06-19,0.000641687,0.0248901,True,4.89923
4558,11858,2023-06-20,0.000553161,0.0247359,False,0
4558,11859,2023-06-21,0,0.0190739,False,0
4558,11860,2023-06-22,0,0.0148482,False,0
4558,11861,2023-06-23,0.000306009,0.0196491,False,1.05879
4558,11862,2023-06-24,0.000582229,0.0283707,False,4.34304
4558,11863,2023-06-25,0.000703396,0.0413239,True,4.13085
4558,11864,2023-06-26,0.00108333,0.0718702,True,16.8021
4558,11865,2023-06-27,0.0013083,0.070508,True,16.5255
4558,11866,2023-06-28,0.00140446,0.0581709,True,10.8957
4558,11867,2023-06-29,0.00138557,0.0390425,True,2.198
4558,11868,2023-06-30,0.00135559,0.0369252,True,0.777663
4558,11869,2023-07-01,0,0.0200126,False,0
4558,11870,2023-07-02,0,0.0176779,False,0
4558,11871,2023-07-03,0,0.0163576,False,0
4558,11872,2023-07-04,0.00082523,0.066574,True,9.50914
4558,11873,2023-07-05,0.00108887,0.062834,True,13.3371
4558,11874,2023-07-06,0.00120144,0.0698788,True,10.6087
4558,11875,2023-07-07,0.00124421,0.0416809,True,7.36165
4558,11876,2023-07-08,0.0013044,0.0640919,True,8.82345
4558,11877,2023-07-09,0.0020482,0.295262,True,86.6883
4558,11878,2023-07-10,0.0027342,0.201861,True,128.421
4558,11879,2023-07-11,0.00267928,0.065288,True,4.54281
4558,11880,2023-07-12,0.00261712,0.0660311,True,0.945517
4558,11881,2023-07-13,0.00256556,0.0445983,True,1.46655
4558,11882,2023-07-14,0.00251884,0.0523966,True,1.11884
4558,11883,2023-07-15,0.00248918,0.0478724,True,3.82835
4558,11884,2023-07-16,0.00252556,0.103264,True,18.6446
4558,11885,2023-07-17,0.00257247,0.114768,True,21.6128
4558,11886,2023-07-18,0.00264362,0.160593,True,28.7002
4558,11887,2023-07-19,0.00267037,0.131697,True,17.4392
4558,11888,2023-07-20,0.00268246,0.0987629,True,13.3264
4558,11889,2023-07-21,0.00269849,0.0925822,True,14.3773
4558,11890,2023-07-22,0.00270829,0.0899656,True,12.4316
4558,11891,2023-07-23,0.00271656,0.0850255,True,11.8235
4558,11892,2023-07-24,0.00269601,0.0526697,True,2.43538
4558,11893,2023-07-25,0.00283781,0.263855,True,56.1782
4558,11894,2023-07-26,0.00281666,0.0687782,True,1.97668
4558,11895,2023-07-27,0.00283296,0.122921,True,14.8138
4558,11896,2023-07-28,0.00282042,0.0497465,True,4.35705
4558,11897,2023-07-29,0.00280711,0.0540412,True,3.74247
4558,11898,2023-07-30,0.00278859,0.0552171,True,1.48753
4558,11899,2023-07-31,0.00276986,0.0538741,True,1.06524
4558,11900,2023-08-01,0.00274916,0.0480887,True,0
4558,11901,2023-08-02,0,0.0334646,False,0
4558,11902,2023-08-03,0.00146421,0.11499,True,10.1691
4558,11903,2023-08-04,0.00177329,0.0989005,True,10.3148
4558,11904,2023-08-05,0.00203806,0.103959,True,12.1471
4558,11905,2023-08-06,0.00192855,0.0603046,True,0.4264
4558,11906,2023-08-07,0.0019788,0.0789542,True,5.40403
4558,11907,2023-08-08,0.00202555,0.0850408,True,5.2749
4558,11908,2023-08-09,0.00195986,0.033769,True,0
4558,11909,2023-08-10,0,0.032187,False,0.164998
4558,11910,2023-08-11,0.000469443,0.0285471,False,1.49171
4558,11911,2023-08-12,0.00102942,0.0699688,True,8.70607
4558,11912,2023-08-13,0.00099904,0.0498429,True,1.2666
4558,11913,2023-08-14,0.00109978,0.046127,True,4.39803
4558,11914,2023-08-15,0.00142725,0.116887,True,14.0793
4558,11915,2023-08-16,0.00137264,0.0361107,True,0
4558,11916,2023-08-17,0.00135187,0.0406107,True,1.11494
4558,11917,2023-08-18,0.00131379,0.0350261,True,0
4558,11918,2023-08-19,0,0.0247502,False,0
4558,11919,2023-08-20,0.000491891,0.0255131,False,2.01287
4558,11920,2023-08-21,0.000507832,0.0283871,False,0.904909
4558,11921,2023-08-22,0.000838434,0.0688424,True,6.8768
4558,11922,2023-08-23,0.000847441,0.0441324,False,1.57195
4558,11923,2023-08-24,0.00100537,0.0505785,True,6.46506
4558,11924,2023-08-25,0.000998409,0.0435333,False,1.21807
4558,11925,2023-08-26,0.000965997,0.0420871,False,0
4558,11926,2023-08-27,0,0.0193748,False,0
4558,11927,2023-08-28,0,0.0187694,False,0.203821
4558,11928,2023-08-29,0,0.0170161,False,0
4558,11929,2023-08-30,0,0.0166077,False,0
4558,11930,2023-08-31,0,0.0150051,False,0
4559,11853,2023-06-15,0.000414618,0.0420826,False,2.44214
4559,11854,2023-06-16,0.000583984,0.0769932,True,4.26741
4559,11855,2023-06-17,0.00053541,0.0662258,False,0
4559,11856,2023-06-18,0,0.0388832,False,0
4559,11857,2023-06-19,0,0.0446946,False,0.405793
4559,11858,2023-06-20,0,0.0344768,False,0
4559,11859,2023-06-21,0,0.0284235,False,0
4559,11860,2023-06-22,0,0.0280166,False,0
4559,11861,2023-06-23,0,0.0322485,False,0.73398
4559,11862,2023-06-24,0,0.0259306,False,0.0479353
4559,11863,2023-06-25,0.000473274,0.07965,True,3.56616
4559,11864,2023-06-26,0.00112131,0.164867,True,25.0256
4559,11865,2023-06-27,0.00115578,0.0748971,True,7.79688
4559,11866,2023-06-28,0.00117275,0.0804332,True,6.17974
4559,11867,2023-06-29,0.00112205,0.0987365,True,0.31449
4559,11868,2023-06-30,0.00109342,0.104569,True,1.17986
4559,11869,2023-07-01,0.00105793,0.0661282,True,0
4559,11870,2023-07-02,0,0.0448054,False,0
4559,11871,2023-07-03,0,0.0397364,False,0
4559,11872,2023-07-04,0.000726225,0.111117,True,7.88603
4559,11873,2023-07-05,0.000692692,0.115374,True,1.82607
4559,11874,2023-07-06,0.000909241,0.208517,True,10.6211
4559,11875,2023-07-07,0.000975956,0.110415,True,6.37346
4559,11876,2023-07-08,0.00109067,0.200276,True,10.34
4559,11877,2023-07-09,0.00177465,0.49574,True,72.4112
4559,11878,2023-07-10,0.00236696,0.354931,True,102.687
4559,11879,2023-07-11,0.00230777,0.120982,True,1.41518
4559,11880,2023-07-12,0.00226511,0.180268,True,2.89196
4559,11881,2023-07-13,0.00222983,0.11495,True,3.0703
4559,11882,2023-07-14,0.00218993,0.113588,True,1.05435
4559,11883,2023-07-15,0.00222079,0.204448,True,15.3357
4559,11884,2023-07-16,0.00232173,0.26484,True,31.9341
4559,11885,2023-07-17,0.00236048,0.275745,True,18.5061
4559,11886,2023-07-18,0.00239242,0.272667,True,17.1406
4559,11887,2023-07-19,0.00236538,0.108607,True,1.52543
4559,11888,2023-07-20,0.0023373,0.133458,True,0.641002
4559,11889,2023-07-21,0,0.0961519,False,0.344231
4559,11890,2023-07-22,0.000687506,0.123882,True,2.70821
4559,11891,2023-07-23,0.0014651,0.272446,True,14.7561
4559,11892,2023-07-24,0.0013584,0.109391,True,0.405793
4559,11893,2023-07-25,0.00223632,0.367891,True,38.8114
4559,11894,2023-07-26,0.0021874,0.122752,True,3.07205
4559,11895,2023-07-27,0.00210857,0.159401,True,0.282068
4559,11896,2023-07-28,0.00220036,0.215734,True,10.1228
4559,11897,2023-07-29,0.00213974,0.141427,True,0.0894978
4559,11898,2023-07-30,0,0.114757,False,0.856092
4559,11899,2023-07-31,0,0.0884028,False,0.344011
4559,11900,2023-08-01,0.000436031,0.0495083,False,1.00734
4559,11901,2023-08-02,0.000947116,0.106556,True,5.74528
4559,11902,2023-08-03,0.00109963,0.0858486,True,4.22873
4559,11903,2023-08-04,0.0010502,0.0998614,False,0.358287
4559,11904,2023-08-05,0.00150281,0.255258,True,14.8382
4559,11905,2023-08-06,0.00145288,0.0891835,True,0.283385
4559,11906,2023-08-07,0.00155844,0.122083,True,6.26474
4559,11907,2023-08-08,0.00163056,0.122679,True,5.37577
4559,11908,2023-08-09,0.00163595,0.0872355,True,2.30494
4559,11909,2023-08-10,0.00160555,0.0872007,True,0.316347
4559,11910,2023-08-11,0,0.0545218,False,0.12913
4559,11911,2023-08-12,0,0.0518633,False,0.472859
4559,11912,2023-08-13,0.00102476,0.13397,True,8.90875
4559,11913,2023-08-14,0.00100097,0.0948549,True,2.61326
4559,11914,2023-08-15,0.0012616,0.250705,True,10.6687
4559,11915,2023-08-16,0.00118626,0.0879635,True,0
4559,11916,2023-08-17,0.00116763,0.105271,True,1.50875
4559,11917,2023-08-18,0.00112294,0.0922642,True,0
4559,11918,2023-08-19,0,0.0565867,False,0.115231
4559,11919,2023-08-20,0.000376021,0.0576127,False,1.39537
4559,11920,2023-08-21,0.000370311,0.046263,False,0.440053
4559,11921,2023-08-22,0.000431535,0.0499578,False,1.17164
4559,11922,2023-08-23,0.000418823,0.0538121,False,0.202897
4559,11923,2023-08-24,0.000586053,0.0817783,False,3.86245
4559,11924,2023-08-25,0.000563609,0.0867938,False,0
4559,11925,2023-08-26,0,0.0397794,False,0
4559,11926,2023-08-27,0,0.0301638,False,0
4559,11927,2023-08-28,0,0.0277246,False,0
4559,11928,2023-08-29,0,0.0257111,False,0
4559,11929,2023-08-30,0,0.0241763,False,0
4559,11930,2023-08-31,0,0.023318,False,0
4560,11853,2023-06-15,0.000275145,0.0305598,False,1.15397
4560,11854,2023-06-16,0.000363695,0.0373525,False,1.6277
4560,11855,2023-06-17,0.000333438,0.027958,False,0
4560,11856,2023-06-18,0,0.021671,False,0
4560,11857,2023-06-19,0,0.0247994,False,0.214274
4560,11858,2023-06-20,0,0.0207265,False,0
4560,11859,2023-06-21,0,0.0199787,False,0
4560,11860,2023-06-22,0,0.0208044,False,0
4560,11861,2023-06-23,0,0.0215202,False,0
4560,11862,2023-06-24,0,0.0247722,False,0.234241
4560,11863,2023-06-25,0.000496424,0.0618038,True,4.32188
4560,11864,2023-06-26,0.000934134,0.145895,True,17.2389
4560,11865,2023-06-27,0.000929435,0.0680763,True,3.95405
4560,11866,2023-06-28,0.000930225,0.0763662,True,3.50122
4560,11867,2023-06-29,0.000894621,0.117859,True,0.527535
4560,11868,2023-06-30,0,0.0684656,False,0.992678
4560,11869,2023-07-01,0,0.0382233,False,0
4560,11870,2023-07-02,0,0.034726,False,0.0815267
4560,11871,2023-07-03,0,0.0314085,False,0
4560,11872,2023-07-04,0.000309543,0.0429065,False,1.79757
4560,11873,2023-07-05,0.000284024,0.0487489,False,0.24657
4560,11874,2023-07-06,0.000584286,0.12986,True,8.74397
4560,11875,2023-07-07,0.00063531,0.0846306,True,3.76261
4560,11876,2023-07-08,0.000743154,0.102518,True,7.62126
4560,11877,2023-07-09,0.00154573,0.48605,True,86.4212
4560,11878,2023-07-10,0.00199698,0.351109,True,88.4643
4560,11879,2023-07-11,0.00195173,0.134553,True,2.30242
4560,11880,2023-07-12,0.00191228,0.145399,True,1.97217
4560,11881,2023-07-13,0.00187784,0.111411,True,1.81673
4560,11882,2023-07-14,0.00184042,0.108935,True,0.108507
4560,11883,2023-07-15,0.00181725,0.140429,True,2.50592
4560,11884,2023-07-16,0.0018533,0.220445,True,16.1983
4560,11885,2023-07-17,0.00188697,0.207238,True,16.0425
4560,11886,2023-07-18,0.0018848,0.0875666,True,6.77041
4560,11887,2023-07-19,0.00186525,0.0881704,True,1.71013
4560,11888,2023-07-20,0.00185591,0.0991772,True,4.07164
4560,11889,2023-07-21,0.00184382,0.0959654,True,2.95709
4560,11890,2023-07-22,0.0018415,0.11199,True,5.44212
4560,11891,2023-07-23,0.00184182,0.0971149,True,6.01983
4560,11892,2023-07-24,0.0018231,0.130305,True,0.119843
4560,11893,2023-07-25,0.00186522,0.289546,True,18.5379
4560,11894,2023-07-26,0.00185206,0.063698,True,1.42167
4560,11895,2023-07-27,0.00184095,0.0671966,True,1.8193
4560,11896,2023-07-28,0.00187099,0.318833,True,15.1199
4560,11897,2023-07-29,0.00185756,0.071162,True,0.738342
4560,11898,2023-07-30,0.00186139,0.0922734,True,6.3876
4560,11899,2023-07-31,0.00184696,0.07741,True,0
4560,11900,2023-08-01,0,0.0512511,False,0
4560,11901,2023-08-02,0,0.0435309,False,0
4560,11902,2023-08-03,0.000702038,0.0566934,True,3.64319
4560,11903,2023-08-04,0.000605191,0.0757032,False,0
4560,11904,2023-08-05,0.000678101,0.0874785,False,1.86269
4560,11905,2023-08-06,0.000637585,0.107088,False,0
4560,11906,2023-08-07,0.000797487,0.098244,False,4.12462
4560,11907,2023-08-08,0.000893335,0.085119,False,3.55379
4560,11908,2023-08-09,0.000864332,0.0808714,False,0
4560,11909,2023-08-10,0,0.0360235,False,0
4560,11910,2023-08-11,0.000445985,0.0457831,False,2.47253
4560,11911,2023-08-12,0.000571536,0.0760741,True,3.12001
4560,11912,2023-08-13,0.000523996,0.0758799,False,0
4560,11913,2023-08-14,0.000824915,0.182111,True,10.5674
4560,11914,2023-08-15,0.000964617,0.0917172,True,8.44859
4560,11915,2023-08-16,0.000927689,0.0576653,True,0
4560,11916,2023-08-17,0,0.0419423,False,0.864181
4560,11917,2023-08-18,0,0.0422478,False,0
4560,11918,2023-08-19,0,0.0392038,False,0.974319
4560,11919,2023-08-20,0,0.0410805,False,0
4560,11920,2023-08-21,0,0.0329447,False,0.166061
4560,11921,2023-08-22,0,0.0219828,False,0.0593076
4560,11922,2023-08-23,0,0.0201646,False,0
4560,11923,2023-08-24,0.000370662,0.0267561,False,2.0094
4560,11924,2023-08-25,0.000319514,0.0242599,False,0
4560,11925,2023-08-26,0,0.0209599,False,0.239686
4560,11926,2023-08-27,0,0.0164113,False,0
4560,11927,2023-08-28,0.000280907,0.0193448,False,1.3704
4560,11928,2023-08-29,0.00025241,0.0167397,False,0.12229
4560,11929,2023-08-30,0,0.0156173,False,0
4560,11930,2023-08-31,0,0.0129059,False,0
4561,11853,2023-06-15,0.000226488,0.031389,False,1.84576
4561,11854,2023-06-16,0.000211324,0.0404438,False,0.326768
4561,11855,2023-06-17,0,0.0229979,False,0
4561,11856,2023-06-18,0,0.0203623,False,0
4561,11857,2023-06-19,0,0.0255141,False,0.475817
4561,11858,2023-06-20,0,0.0224418,False,0
4561,11859,2023-06-21,0,0.0216502,False,0
4561,11860,2023-06-22,0,0.0217737,False,0
4561,11861,2023-06-23,0,0.0217959,False,0
4561,11862,2023-06-24,0,0.0217235,False,0
4561,11863,2023-06-25,0.000355195,0.0934624,True,5.17353
4561,11864,2023-06-26,0.000524231,0.153067,True,10.4753
4561,11865,2023-06-27,0.000521239,0.0794981,True,2.84396
4561,11866,2023-06-28,0.000531051,0.0820411,True,3.32251
4561,11867,2023-06-29,0.000518511,0.110571,True,1.1
4561,11868,2023-06-30,0.000507868,0.0984998,True,0.880284
4561,11869,2023-07-01,0,0.0349437,False,0
4561,11870,2023-07-02,0,0.0429715,False,0.321148
4561,11871,2023-07-03,0,0.0286933,False,0
4561,11872,2023-07-04,0,0.0262455,False,0
4561,11873,2023-07-05,0,0.0380521,False,0.417517
4561,11874,2023-07-06,0.000399989,0.115926,True,7.92531
4561,11875,2023-07-07,0.000393593,0.107862,True,2.48186
4561,11876,2023-07-08,0.000419535,0.0935986,True,3.78431
4561,11877,2023-07-09,0.00113049,0.47695,True,109.819
4561,11878,2023-07-10,0.00126023,0.37298,True,47.1402
4561,11879,2023-07-11,0.00123221,0.166781,True,5.93065
4561,11880,2023-07-12,0.0011944,0.139347,True,0.669061
4561,11881,2023-07-13,0.00116462,0.131183,True,1.22482
4561,11882,2023-07-14,0.00113562,0.0899878,True,0
4561,11883,2023-07-15,0.00111642,0.121134,True,2.03769
4561,11884,2023-07-16,0.00114196,0.258665,True,16.7719
4561,11885,2023-07-17,0.00115136,0.172475,True,11.237
4561,11886,2023-07-18,0.0011371,0.0997179,True,2.02053
4561,11887,2023-07-19,0.00112141,0.0992191,True,0.857737
4561,11888,2023-07-20,0.00111535,0.0916895,True,4.12035
4561,11889,2023-07-21,0.00111372,0.110113,True,5.56605
4561,11890,2023-07-22,0.0011257,0.190839,True,11.0745
4561,11891,2023-07-23,0.00112362,0.0981073,True,5.02977
4561,11892,2023-07-24,0.00111103,0.131844,True,0.149293
4561,11893,2023-07-25,0.00112026,0.227509,True,9.61976
4561,11894,2023-07-26,0.00111081,0.0730535,True,1.00833
4561,11895,2023-07-27,0.00110446,0.0814366,True,2.17274
4561,11896,2023-07-28,0.00111817,0.235254,True,11.5393
4561,11897,2023-07-29,0.00111433,0.0703943,True,3.08121
4561,11898,2023-07-30,0.00112087,0.111035,True,8.08815
4561,11899,2023-07-31,0.00111149,0.065395,True,0
4561,11900,2023-08-01,0,0.0592424,False,0.519354
4561,11901,2023-08-02,0,0.0421305,False,0
4561,11902,2023-08-03,0.000463402,0.0645014,True,4.16549
4561,11903,2023-08-04,0.000399462,0.071775,False,0
4561,11904,2023-08-05,0,0.0580857,False,0
4561,11905,2023-08-06,0,0.0510402,False,0
4561,11906,2023-08-07,0.000446066,0.0835423,True,3.91379
4561,11907,2023-08-08,0.000426496,0.0795492,False,0.930373
4561,11908,2023-08-09,0.000434996,0.0912126,False,1.18835
4561,11909,2023-08-10,0.000408999,0.0590965,False,0
4561,11910,2023-08-11,0.000499437,0.0706013,False,4.00913
4561,11911,2023-08-12,0.000565024,0.080833,False,3.98725
4561,11912,2023-08-13,0.000546674,0.0820821,False,0
4561,11913,2023-08-14,0.000779226,0.267351,True,16.839
4561,11914,2023-08-15,0.00082597,0.0736234,True,5.78907
4561,11915,2023-08-16,0.000807545,0.061266,True,0
4561,11916,2023-08-17,0,0.045788,False,0.195236
4561,11917,2023-08-18,0,0.0307617,False,0
4561,11918,2023-08-19,0.000200129,0.036972,False,1.28338
4561,11919,2023-08-20,0.000172509,0.0326489,False,0
4561,11920,2023-08-21,0,0.0240371,False,0.067381
4561,11921,2023-08-22,0,0.0204337,False,0.0240647
4561,11922,2023-08-23,0,0.0194467,False,0
4561,11923,2023-08-24,0.000224941,0.024727,False,1.83326
4561,11924,2023-08-25,0.000193897,0.0255633,False,0
4561,11925,2023-08-26,0.00023326,0.0284342,False,1.37334
4561,11926,2023-08-27,0.000219317,0.0247574,False,0
4561,11927,2023-08-28,0.000279901,0.0515172,False,2.63826
4561,11928,2023-08-29,0.00027974,0.0335923,False,0.481723
4561,11929,2023-08-30,0,0.0173313,False,0
4561,11930,2023-08-31,0,0.0154282,False,0
4562,11853,2023-06-15,0.000188656,0.036746,False,1.47069
4562,11854,2023-06-16,0.000162619,0.0288833,False,0
4562,11855,2023-06-17,0,0.0245539,False,0
4562,11856,2023-06-18,0,0.0218023,False,0
4562,11857,2023-06-19,0,0.0289722,False,0.786987
4562,11858,2023-06-20,0,0.0260079,False,0
4562,11859,2023-06-21,0,0.0239318,False,0
4562,11860,2023-06-22,0,0.0238719,False,0
4562,11861,2023-06-23,0,0.0228463,False,0
4562,11862,2023-06-24,0,0.021695,False,0
4562,11863,2023-06-25,0.000372927,0.113875,True,6.47972
4562,11864,2023-06-26,0.000505548,0.212703,True,9.97398
4562,11865,2023-06-27,0.000498211,0.107663,True,2.63745
4562,11866,2023-06-28,0.000530551,0.105792,True,5.57734
4562,11867,2023-06-29,0.00051771,0.101655,True,1.21164
4562,11868,2023-06-30,0.000512118,0.100127,True,1.54628
4562,11869,2023-07-01,0.000495485,0.0549396,True,0
4562,11870,2023-07-02,0,0.0457572,False,0.468569
4562,11871,2023-07-03,0,0.0417458,False,0
4562,11872,2023-07-04,0,0.0328241,False,0
4562,11873,2023-07-05,0.000173824,0.045021,False,1.47234
4562,11874,2023-07-06,0.000324973,0.119308,True,5.7711
4562,11875,2023-07-07,0.000327014,0.0900752,False,1.5302
4562,11876,2023-07-08,0.000340844,0.126137,False,2.07282
4562,11877,2023-07-09,0.00107856,0.464153,True,117.38
4562,11878,2023-07-10,0.00112902,0.420765,True,24.4551
4562,11879,2023-07-11,0.00110641,0.192471,True,4.06888
4562,11880,2023-07-12,0.00107523,0.105855,True,0
4562,11881,2023-07-13,0,0.133961,False,0.302921
4562,11882,2023-07-14,0,0.0928123,False,0
4562,11883,2023-07-15,0.000224621,0.108429,False,1.26297
4562,11884,2023-07-16,0.00062657,0.258165,True,12.8981
4562,11885,2023-07-17,0.000775403,0.323289,True,12.0991
4562,11886,2023-07-18,0.00074883,0.171251,True,1.48594
4562,11887,2023-07-19,0.000721287,0.161581,True,0.595182
4562,11888,2023-07-20,0.000733625,0.156823,True,3.46384
4562,11889,2023-07-21,0.000826826,0.299522,True,11.742
4562,11890,2023-07-22,0.000968384,0.316086,True,20.406
4562,11891,2023-07-23,0.000960804,0.132099,True,2.32747
4562,11892,2023-07-24,0.000940665,0.100187,True,0.187785
4562,11893,2023-07-25,0.00097372,0.153161,True,7.96264
4562,11894,2023-07-26,0.000964347,0.117881,True,1.38547
4562,11895,2023-07-27,0.000960248,0.132628,True,2.03755
4562,11896,2023-07-28,0.000997961,0.197165,True,9.22746
4562,11897,2023-07-29,0.00102495,0.132487,True,7.76208
4562,11898,2023-07-30,0.00104917,0.14065,True,7.54552
4562,11899,2023-07-31,0.00103564,0.0971691,True,0
4562,11900,2023-08-01,0,0.0761908,False,0
4562,11901,2023-08-02,0,0.0516147,False,0
4562,11902,2023-08-03,0.000461957,0.0946032,True,4.55195
4562,11903,2023-08-04,0.000398216,0.0963477,False,0
4562,11904,2023-08-05,0,0.0760572,False,0
4562,11905,2023-08-06,0,0.0468573,False,0
4562,11906,2023-08-07,0.000298303,0.0562889,False,1.87016
4562,11907,2023-08-08,0.000292586,0.0616355,False,0.569372
4562,11908,2023-08-09,0,0.037988,False,0
4562,11909,2023-08-10,0,0.0248916,False,0
4562,11910,2023-08-11,0.000377625,0.055034,True,4.88279
4562,11911,2023-08-12,0.000330376,0.0672252,False,0.151215
4562,11912,2023-08-13,0,0.0487126,False,0
4562,11913,2023-08-14,0.000773292,0.250636,True,20.9285
4562,11914,2023-08-15,0.000732482,0.057146,True,4.48017
4562,11915,2023-08-16,0.000671564,0.0590429,True,0
4562,11916,2023-08-17,0,0.0563907,False,0.530404
4562,11917,2023-08-18,0,0.0354842,False,0
4562,11918,2023-08-19,0.000252844,0.0408379,False,2.11749
4562,11919,2023-08-20,0.000217951,0.0448288,False,0
4562,11920,2023-08-21,0,0.0270299,False,0.0729371
4562,11921,2023-08-22,0,0.0224825,False,0.026049
4562,11922,2023-08-23,0,0.0230345,False,0.120276
4562,11923,2023-08-24,0.000194826,0.0296648,False,1.4626
4562,11924,2023-08-25,0.000172151,0.0255465,False,0.0765059
4562,11925,2023-08-26,0.000326505,0.0872139,False,5.33106
4562,11926,2023-08-27,0.000306989,0.050561,False,0
4562,11927,2023-08-28,0.00037209,0.0612593,False,4.3914
4562,11928,2023-08-29,0.00036852,0.0609127,False,0.702854
4562,11929,2023-08-30,0,0.0343661,False,0
4562,11930,2023-08-31,0,0.0215236,False,0
4563,11853,2023-06-15,0,0.022644,False,0.612443
4563,11854,2023-06-16,0,0.0156595,False,0
4563,11855,2023-06-17,0,0.0146185,False,0
4563,11856,2023-06-18,0,0.014527,False,0
4563,11857,2023-06-19,0,0.0209936,False,0.78159
4563,11858,2023-06-20,0,0.01813,False,0
4563,11859,2023-06-21,0,0.0164089,False,0
4563,11860,2023-06-22,0,0.0165259,False,0
4563,11861,2023-06-23,0,0.01666,False,0
4563,11862,2023-06-24,0,0.0159916,False,0
4563,11863,2023-06-25,0.000234432,0.0381217,True,2.82682
4563,11864,2023-06-26,0.000318468,0.0923015,True,4.38154
4563,11865,2023-06-27,0.00031487,0.0884464,False,1.21176
4563,11866,2023-06-28,0.000395947,0.0738075,True,6.89784
4563,11867,2023-06-29,0.00038432,0.0725772,False,0.578054
4563,11868,2023-06-30,0,0.0578789,False,0.649964
4563,11869,2023-07-01,0,0.0265762,False,0
4563,11870,2023-07-02,0,0.031418,False,0.196959
4563,11871,2023-07-03,0,0.0251678,False,0
4563,11872,2023-07-04,0,0.0226278,False,0
4563,11873,2023-07-05,0.000191175,0.0336094,False,1.99825
4563,11874,2023-07-06,0.000243948,0.0894986,False,2.48131
4563,11875,2023-07-07,0.000241551,0.0864604,False,0.769078
4563,11876,2023-07-08,0,0.0638269,False,0.52382
4563,11877,2023-07-09,0.00143751,0.313649,True,124.848
4563,11878,2023-07-10,0.00133844,0.284618,True,21.4419
4563,11879,2023-07-11,0.00124144,0.104729,True,3.52185
4563,11880,2023-07-12,0.00116731,0.05163,True,0.00263135
4563,11881,2023-07-13,0,0.0593885,False,0.0280244
4563,11882,2023-07-14,0,0.0414545,False,0
4563,11883,2023-07-15,0,0.0448071,False,0.40407
4563,11884,2023-07-16,0.000674107,0.107726,True,12.9151
4563,11885,2023-07-17,0.000766272,0.111788,True,9.90973
4563,11886,2023-07-18,0.00070996,0.0798131,True,0.498762
4563,11887,2023-07-19,0,0.0534509,False,0.480088
4563,11888,2023-07-20,0.000248237,0.0427488,False,1.53638
4563,11889,2023-07-21,0.000631688,0.103813,True,12.7238
4563,11890,2023-07-22,0.000967556,0.23189,True,26.7643
4563,11891,2023-07-23,0.000923569,0.0621693,True,1.29265
4563,11892,2023-07-24,0.000881291,0.0367474,True,0.080113
4563,11893,2023-07-25,0.000916376,0.0637635,True,7.39502
4563,11894,2023-07-26,0.000897667,0.0530868,True,1.28544
4563,11895,2023-07-27,0.000890573,0.0526364,True,2.2195
4563,11896,2023-07-28,0.000893959,0.0498179,True,3.28124
4563,11897,2023-07-29,0.000960932,0.137144,True,12.1976
4563,11898,2023-07-30,0.000960544,0.0533366,True,2.89215
4563,11899,2023-07-31,0.000942816,0.0423846,True,0
4563,11900,2023-08-01,0,0.0207896,False,0
4563,11901,2023-08-02,0,0.0199703,False,0
4563,11902,2023-08-03,0.000310169,0.0240537,False,2.08525
4563,11903,2023-08-04,0.000267366,0.0252402,False,0
4563,11904,2023-08-05,0,0.0192853,False,0
4563,11905,2023-08-06,0,0.0206081,False,0
4563,11906,2023-08-07,0.000289163,0.026667,False,1.81976
4563,11907,2023-08-08,0.00026259,0.0433849,False,0.205971
4563,11908,2023-08-09,0,0.0234207,False,0
4563,11909,2023-08-10,0,0.0184549,False,0
4563,11910,2023-08-11,0.000290237,0.0306512,True,3.02098
4563,11911,2023-08-12,0.000260515,0.0473317,False,0.262331
4563,11912,2023-08-13,0,0.0281336,False,0
4563,11913,2023-08-14,0.000820196,0.130141,True,25.2668
4563,11914,2023-08-15,0.000727203,0.0388479,True,1.50438
4563,11915,2023-08-16,0.000666724,0.0466474,True,0
4563,11916,2023-08-17,0.000643288,0.0490145,True,1.46195
4563,11917,2023-08-18,0.000613269,0.0391974,True,0
4563,11918,2023-08-19,0.000617246,0.0676996,True,2.7732
4563,11919,2023-08-20,0.000597201,0.0384437,True,0
4563,11920,2023-08-21,0,0.0211884,False,0.0147728
4563,11921,2023-08-22,0,0.021397,False,0.00527599
4563,11922,2023-08-23,0,0.0209524,False,0.0805959
4563,11923,2023-08-24,0,0.0232116,False,0.817913
4563,11924,2023-08-25,0,0.0201171,False,0.125313
4563,11925,2023-08-26,0.000364104,0.0828715,True,5.88814
4563,11926,2023-08-27,0.00031386,0.0445636,True,0
4563,11927,2023-08-28,0.000392293,0.0562865,True,5.25473
4563,11928,2023-08-29,0.000373567,0.0492176,False,0.295438
4563,11929,2023-08-30,0,0.0306012,False,0
4563,11930,2023-08-31,0,0.0171061,False,0
4564,11853,2023-06-15,0,0.0188024,False,0.265129
4564,11854,2023-06-16,0,0.01421,False,0
4564,11855,2023-06-17,0,0.0134347,False,0
4564,11856,2023-06-18,0,0.013715,False,0
4564,11857,2023-06-19,0,0.0187529,False,0.842911
4564,11858,2023-06-20,0,0.0167642,False,0
4564,11859,2023-06-21,0,0.015167,False,0
4564,11860,2023-06-22,0,0.0152668,False,0
4564,11861,2023-06-23,0,0.0153226,False,0
4564,11862,2023-06-24,0,0.0154812,False,0
4564,11863,2023-06-25,0.000151903,0.0321121,False,1.21719
4564,11864,2023-06-26,0.000206427,0.0448606,False,1.88865
4564,11865,2023-06-27,0.000204196,0.0721718,False,0.525822
4564,11866,2023-06-28,0.00033499,0.0773851,False,7.78717
4564,11867,2023-06-29,0.000322761,0.0765139,False,0.252182
4564,11868,2023-06-30,0,0.0578012,False,0.278235
4564,11869,2023-07-01,0,0.0244949,False,0
4564,11870,2023-07-02,0,0.0246652,False,0.0843137
4564,11871,2023-07-03,0,0.0239476,False,0
4564,11872,2023-07-04,0,0.0216819,False,0
4564,11873,2023-07-05,0.000202636,0.034677,False,2.39226
4564,11874,2023-07-06,0.000208222,0.0844369,False,1.04203
4564,11875,2023-07-07,0.000199738,0.067751,False,0.335314
4564,11876,2023-07-08,0,0.0290952,False,0.1223
4564,11877,2023-07-09,0.00138435,0.314675,True,124.168
4564,11878,2023-07-10,0.00128798,0.247482,True,21.1
4564,11879,2023-07-11,0.00119339,0.106803,True,3.17985
4564,11880,2023-07-12,0.00112216,0.0532017,True,0.0103694
4564,11881,2023-07-13,0,0.0461891,False,0.0212085
4564,11882,2023-07-14,0,0.043738,False,0
4564,11883,2023-07-15,0,0.0430187,False,0.184158
4564,11884,2023-07-16,0.000635357,0.129074,True,11.9744
4564,11885,2023-07-17,0.000706663,0.0864336,True,8.25968
4564,11886,2023-07-18,0.000650277,0.0702533,True,0.153705
4564,11887,2023-07-19,0,0.0566584,False,0.540199
4564,11888,2023-07-20,0,0.0409517,False,0.554449
4564,11889,2023-07-21,0.000684443,0.116064,True,13.0474
4564,11890,2023-07-22,0.0010421,0.160527,True,29.0438
4564,11891,2023-07-23,0.000961782,0.0675864,True,0.576174
4564,11892,2023-07-24,0,0.0303012,False,0.0321147
4564,11893,2023-07-25,0.000539972,0.0592864,True,7.06602
4564,11894,2023-07-26,0.00050284,0.0517669,True,1.21734
4564,11895,2023-07-27,0.000488674,0.0474168,True,1.05563
4564,11896,2023-07-28,0.000489759,0.0505683,False,1.31148
4564,11897,2023-07-29,0.000685615,0.140192,True,12.838
4564,11898,2023-07-30,0.000675793,0.0501502,True,1.22104
4564,11899,2023-07-31,0.000653848,0.0352909,True,0
4564,11900,2023-08-01,0,0.019451,False,0
4564,11901,2023-08-02,0,0.0189098,False,0
4564,11902,2023-08-03,0,0.0218633,False,0.904475
4564,11903,2023-08-04,0,0.0214347,False,0
4564,11904,2023-08-05,0,0.0162308,False,0
4564,11905,2023-08-06,0,0.0185553,False,0
4564,11906,2023-08-07,0.000291828,0.022809,False,1.93924
4564,11907,2023-08-08,0.000256216,0.0305963,False,0.0746553
4564,11908,2023-08-09,0,0.0188779,False,0
4564,11909,2023-08-10,0,0.015843,False,0
4564,11910,2023-08-11,0.000174901,0.0208379,False,1.12657
4564,11911,2023-08-12,0.000179442,0.0235841,False,0.485526
4564,11912,2023-08-13,0,0.0170915,False,0
4564,11913,2023-08-14,0.000823209,0.13784,True,27.1139
4564,11914,2023-08-15,0.00071745,0.0370163,True,0.616528
4564,11915,2023-08-16,0,0.0284701,False,0
4564,11916,2023-08-17,0.000223709,0.0307267,False,1.79485
4564,11917,2023-08-18,0.000192836,0.0283861,False,0
4564,11918,2023-08-19,0.000280343,0.0459153,False,2.84047
4564,11919,2023-08-20,0.000263586,0.0337481,False,0
4564,11920,2023-08-21,0,0.0185262,False,0
4564,11921,2023-08-22,0,0.0169493,False,0
4564,11922,2023-08-23,0,0.0173258,False,0.0416915
4564,11923,2023-08-24,0,0.0186236,False,0.294281
4564,11924,2023-08-25,0,0.0164961,False,0.222521
4564,11925,2023-08-26,0.000408367,0.0685397,True,7.87371
4564,11926,2023-08-27,0.000352017,0.0387168,True,0
4564,11927,2023-08-28,0.000418847,0.0479248,True,5.5909
4564,11928,2023-08-29,0.000395607,0.037357,True,0.12647
4564,11929,2023-08-30,0,0.0277164,False,0
4564,11930,2023-08-31,0,0.0150875,False,0
4582,11853,2023-06-15,0.000580927,0.0638187,True,4.24994
4582,11854,2023-06-16,0.000555064,0.0843529,False,1.00288
4582,11855,2023-06-17,0.000508894,0.0580576,False,0
4582,11856,2023-06-18,0,0.0359893,False,0
4582,11857,2023-06-19,0.000430192,0.0507481,False,2.26579
4582,11858,2023-06-20,0.000370832,0.0484666,False,0
4582,11859,2023-06-21,0,0.0338418,False,0
4582,11860,2023-06-22,0,0.0290649,False,0
4582,11861,2023-06-23,0,0.0286662,False,0
4582,11862,2023-06-24,0.000656532,0.0760038,True,5.67299
4582,11863,2023-06-25,0.000744734,0.121708,True,4.30974
4582,11864,2023-06-26,0.00115386,0.182528,True,19.4262
4582,11865,2023-06-27,0.00134774,0.156817,True,16.5653
4582,11866,2023-06-28,0.00142685,0.138077,True,11.0792
4582,11867,2023-06-29,0.00140022,0.120546,True,2.42115
4582,11868,2023-06-30,0.00136304,0.10886,True,0.749168
4582,11869,2023-07-01,0,0.0562817,False,0
4582,11870,2023-07-02,0,0.0497609,False,0
4582,11871,2023-07-03,0,0.0457862,False,0
4582,11872,2023-07-04,0.000785815,0.126673,True,9.01517
4582,11873,2023-07-05,0.00108857,0.191507,True,14.9271
4582,11874,2023-07-06,0.00121788,0.185916,True,12.1336
4582,11875,2023-07-07,0.00125229,0.119069,True,7.29833
4582,11876,2023-07-08,0.00130841,0.169547,True,9.00713
4582,11877,2023-07-09,0.00209094,0.446985,True,96.7863
4582,11878,2023-07-10,0.00253294,0.35382,True,87.9334
4582,11879,2023-07-11,0.00247747,0.121677,True,3.15236
4582,11880,2023-07-12,0.0024207,0.134812,True,0.991948
4582,11881,2023-07-13,0.00237413,0.104666,True,1.54677
4582,11882,2023-07-14,0.00233247,0.116132,True,1.34251
4582,11883,2023-07-15,0.00230795,0.10526,True,4.0784
4582,11884,2023-07-16,0.0023451,0.189567,True,17.5232
4582,11885,2023-07-17,0.00240173,0.196574,True,22.6771
4582,11886,2023-07-18,0.0024775,0.260965,True,28.5779
4582,11887,2023-07-19,0.00250782,0.249685,True,17.4331
4582,11888,2023-07-20,0.0025146,0.167185,True,10.9798
4582,11889,2023-07-21,0.00253133,0.175728,True,13.6915
4582,11890,2023-07-22,0.00254281,0.157801,True,12.1139
4582,11891,2023-07-23,0.00255029,0.159209,True,10.7974
4582,11892,2023-07-24,0.00253188,0.111738,True,2.51802
4582,11893,2023-07-25,0.00268167,0.427031,True,57.3727
4582,11894,2023-07-26,0.0026614,0.137864,True,1.74975
4582,11895,2023-07-27,0.00267936,0.226878,True,14.7189
4582,11896,2023-07-28,0.00266044,0.0933435,True,1.5496
4582,11897,2023-07-29,0.00264386,0.104788,True,2.02619
4582,11898,2023-07-30,0.00262697,0.121226,True,1.58386
4582,11899,2023-07-31,0.00260918,0.126853,True,0.934633
4582,11900,2023-08-01,0,0.0734249,False,0
4582,11901,2023-08-02,0,0.0703597,False,0
4582,11902,2023-08-03,0.00144177,0.201427,True,10.9962
4582,11903,2023-08-04,0.001243,0.102392,True,0
4582,11904,2023-08-05,0.00128675,0.105594,True,3.12352
4582,11905,2023-08-06,0.00123273,0.128521,True,0.554079
4582,11906,2023-08-07,0.00132747,0.0960707,True,4.18501
4582,11907,2023-08-08,0.00139665,0.0879029,True,3.83344
4582,11908,2023-08-09,0.00135327,0.0638105,False,0.0674902
4582,11909,2023-08-10,0,0.0786051,False,0.249521
4582,11910,2023-08-11,0.000433129,0.0565943,False,1.43126
4582,11911,2023-08-12,0.000515497,0.0669403,False,1.34894
4582,11912,2023-08-13,0.000609652,0.0892342,False,1.91544
4582,11913,2023-08-14,0.000786056,0.10836,False,4.29971
4582,11914,2023-08-15,0.00111074,0.197338,True,11.2337
4582,11915,2023-08-16,0.00106823,0.0783689,True,0
4582,11916,2023-08-17,0.00105994,0.0905058,False,1.07836
4582,11917,2023-08-18,0.00103007,0.0881574,False,0
4582,11918,2023-08-19,0,0.0538111,False,0
4582,11919,2023-08-20,0,0.0490368,False,0
4582,11920,2023-08-21,0.00034297,0.0474148,False,1.19121
4582,11921,2023-08-22,0.000773052,0.116373,True,7.42397
4582,11922,2023-08-23,0.00077699,0.0934608,True,1.79475
4582,11923,2023-08-24,0.000956373,0.08911,True,7.71585
4582,11924,2023-08-25,0.000955632,0.0774702,True,1.84205
4582,11925,2023-08-26,0.000919048,0.0676144,True,0
4582,11926,2023-08-27,0,0.0297922,False,0
4582,11927,2023-08-28,0,0.0301149,False,0.308231
4582,11928,2023-08-29,0,0.0269707,False,0
4582,11929,2023-08-30,0,0.0236616,False,0
4582,11930,2023-08-31,0,0.0209489,False,0
4583,11853,2023-06-15,0.000549955,0.0360848,True,3.55044
4583,11854,2023-06-16,0.000605077,0.0478342,True,2.31641
4583,11855,2023-06-17,0.000554749,0.0473823,False,0
4583,11856,2023-06-18,0,0.0302894,False,0
4583,11857,2023-06-19,0.000367678,0.036307,False,1.51898
4583,11858,2023-06-20,0.000316942,0.0341883,False,0
4583,11859,2023-06-21,0,0.0302394,False,0
4583,11860,2023-06-22,0,0.0281887,False,0
4583,11861,2023-06-23,0,0.0345983,False,0.782943
4583,11862,2023-06-24,0,0.027805,False,0.496393
4583,11863,2023-06-25,0.000473243,0.0628979,True,3.01362
4583,11864,2023-06-26,0.00103338,0.115943,True,17.4102
4583,11865,2023-06-27,0.00118131,0.0827789,True,11.7462
4583,11866,2023-06-28,0.0012319,0.0494708,True,7.64533
4583,11867,2023-06-29,0.00119117,0.0713405,True,1.17721
4583,11868,2023-06-30,0.00115561,0.0700911,True,0.742307
4583,11869,2023-07-01,0,0.042948,False,0
4583,11870,2023-07-02,0,0.0393466,False,0
4583,11871,2023-07-03,0,0.0364524,False,0
4583,11872,2023-07-04,0.000698398,0.0569645,True,6.68016
4583,11873,2023-07-05,0.000847777,0.0595944,True,6.83543
4583,11874,2023-07-06,0.00096864,0.0662718,True,7.74945
4583,11875,2023-07-07,0.00102329,0.0610349,True,5.76448
4583,11876,2023-07-08,0.0011338,0.133312,True,9.80921
4583,11877,2023-07-09,0.0018904,0.446781,True,77.6255
4583,11878,2023-07-10,0.00257861,0.250136,True,117.92
4583,11879,2023-07-11,0.00250997,0.0926693,True,0.75154
4583,11880,2023-07-12,0.00245749,0.104438,True,1.9536
4583,11881,2023-07-13,0.00241352,0.0852675,True,2.17749
4583,11882,2023-07-14,0.00237046,0.0853251,True,1.16344
4583,11883,2023-07-15,0.00239203,0.102142,True,13.9978
4583,11884,2023-07-16,0.00243618,0.0991711,True,19.12
4583,11885,2023-07-17,0.00247346,0.10894,True,17.9447
4583,11886,2023-07-18,0.00249514,0.0965311,True,14.3626
4583,11887,2023-07-19,0.00248872,0.0764385,True,7.11399
4583,11888,2023-07-20,0.00248282,0.0888194,True,6.86415
4583,11889,2023-07-21,0.00248081,0.0869322,True,7.56848
4583,11890,2023-07-22,0.00247953,0.0850828,True,7.49316
4583,11891,2023-07-23,0.00249142,0.121716,True,10.9905
4583,11892,2023-07-24,0.00247084,0.0756037,True,1.51898
4583,11893,2023-07-25,0.00261646,0.403313,True,51.3592
4583,11894,2023-07-26,0.00259807,0.118601,True,2.00787
4583,11895,2023-07-27,0.0025976,0.13438,True,7.40502
4583,11896,2023-07-28,0.00259988,0.0868682,True,8.12548
4583,11897,2023-07-29,0.00258214,0.0788092,True,1.3145
4583,11898,2023-07-30,0.00256458,0.0974572,True,1.06779
4583,11899,2023-07-31,0.00254717,0.0846931,True,0.827178
4583,11900,2023-08-01,0,0.0622107,False,0
4583,11901,2023-08-02,0.00100597,0.0733672,True,4.80096
4583,11902,2023-08-03,0.00129538,0.113603,True,6.16994
4583,11903,2023-08-04,0.0014365,0.0879482,True,5.26235
4583,11904,2023-08-05,0.00171517,0.153074,True,10.3228
4583,11905,2023-08-06,0.00164384,0.0937001,True,0.289564
4583,11906,2023-08-07,0.00175117,0.119135,True,6.29775
4583,11907,2023-08-08,0.00182625,0.106477,True,5.53703
4583,11908,2023-08-09,0.00177483,0.0538133,True,0
4583,11909,2023-08-10,0,0.0492601,False,0.264351
4583,11910,2023-08-11,0.000527476,0.0437376,False,1.94042
4583,11911,2023-08-12,0.000876364,0.0667325,True,5.5508
4583,11912,2023-08-13,0.0011233,0.0696523,True,7.44447
4583,11913,2023-08-14,0.0012445,0.0637798,True,6.00421
4583,11914,2023-08-15,0.00147255,0.135887,True,11.7378
4583,11915,2023-08-16,0.00141621,0.0510356,True,0
4583,11916,2023-08-17,0.00139067,0.0648,True,1.0112
4583,11917,2023-08-18,0.00135149,0.0652401,True,0
4583,11918,2023-08-19,0,0.0427451,False,0
4583,11919,2023-08-20,0.000430184,0.0413217,False,1.48845
4583,11920,2023-08-21,0.000404869,0.0395139,False,0.294932
4583,11921,2023-08-22,0.000651977,0.0455395,False,3.90279
4583,11922,2023-08-23,0.000651512,0.0579138,False,0.759492
4583,11923,2023-08-24,0.000751683,0.0684008,False,3.10153
4583,11924,2023-08-25,0.000722901,0.0633488,False,0
4583,11925,2023-08-26,0,0.0282515,False,0
4583,11926,2023-08-27,0,0.0290812,False,0
4583,11927,2023-08-28,0,0.0288938,False,0
4583,11928,2023-08-29,0,0.0252941,False,0
4583,11929,2023-08-30,0,0.0228043,False,0
4583,11930,2023-08-31,0,0.0228185,False,0
4584,11853,2023-06-15,0.000276042,0.0476665,True,2.5294
4584,11854,2023-06-16,0.000320063,0.0881626,False,2.12638
4584,11855,2023-06-17,0.000293434,0.0571016,False,0
4584,11856,2023-06-18,0,0.0271695,False,0
4584,11857,2023-06-19,0,0.0342859,False,0.819304
4584,11858,2023-06-20,0,0.0295061,False,0
4584,11859,2023-06-21,0,0.0267646,False,0
4584,11860,2023-06-22,0,0.0252775,False,0
4584,11861,2023-06-23,0,0.0261805,False,0
4584,11862,2023-06-24,0,0.032683,False,0.345206
4584,11863,2023-06-25,0.000345084,0.0810424,True,4.5068
4584,11864,2023-06-26,0.000639595,0.183358,True,17.2804
4584,11865,2023-06-27,0.000681719,0.0882458,True,7.92048
4584,11866,2023-06-28,0.000692019,0.082466,True,5.07497
4584,11867,2023-06-29,0.000667974,0.120312,True,0.901187
4584,11868,2023-06-30,0.000653585,0.113097,True,1.29138
4584,11869,2023-07-01,0.00063236,0.0586221,True,0
4584,11870,2023-07-02,0,0.037588,False,0
4584,11871,2023-07-03,0,0.0345867,False,0
4584,11872,2023-07-04,0.000264407,0.0578656,True,2.67617
4584,11873,2023-07-05,0.000296197,0.115292,False,1.91276
4584,11874,2023-07-06,0.000439857,0.136349,True,7.79334
4584,11875,2023-07-07,0.000471004,0.0942705,True,3.8002
4584,11876,2023-07-08,0.000551821,0.124696,True,8.55422
4584,11877,2023-07-09,0.00106755,0.528735,True,79.5791
4584,11878,2023-07-10,0.00143544,0.348477,True,101.165
4584,11879,2023-07-11,0.00139916,0.125125,True,1.26262
4584,11880,2023-07-12,0.00136937,0.174194,True,1.57465
4584,11881,2023-07-13,0.00134408,0.140438,True,1.68611
4584,11882,2023-07-14,0.00131803,0.142151,True,0.357689
4584,11883,2023-07-15,0.00130178,0.117353,True,2.71091
4584,11884,2023-07-16,0.00131585,0.196321,True,12.5975
4584,11885,2023-07-17,0.00134329,0.201964,True,17.6216
4584,11886,2023-07-18,0.00134493,0.0947153,True,8.14585
4584,11887,2023-07-19,0.00133595,0.0935421,True,3.70969
4584,11888,2023-07-20,0.00133008,0.109324,True,4.54526
4584,11889,2023-07-21,0.0013224,0.11867,True,3.47127
4584,11890,2023-07-22,0.00131803,0.119528,True,4.5188
4584,11891,2023-07-23,0.00132131,0.118954,True,7.52853
4584,11892,2023-07-24,0.00130868,0.138689,True,0.474846
4584,11893,2023-07-25,0.00137218,0.37535,True,34.5645
4584,11894,2023-07-26,0.00136243,0.116852,True,1.52523
4584,11895,2023-07-27,0.00135665,0.125572,True,3.13467
4584,11896,2023-07-28,0.00136534,0.184314,True,9.96467
4584,11897,2023-07-29,0.00135605,0.123655,True,1.05087
4584,11898,2023-07-30,0.00135543,0.130098,True,5.15698
4584,11899,2023-07-31,0.00134492,0.126154,True,0
4584,11900,2023-08-01,0,0.0623091,False,0
4584,11901,2023-08-02,0,0.0444357,False,0
4584,11902,2023-08-03,0.000586104,0.0846551,True,5.23948
4584,11903,2023-08-04,0.000505242,0.0861051,False,0
4584,11904,2023-08-05,0.000537217,0.0954136,False,1.86916
4584,11905,2023-08-06,0.000505114,0.0886185,False,0
4584,11906,2023-08-07,0.000599765,0.110599,False,4.06163
4584,11907,2023-08-08,0.000667123,0.0911161,False,3.90062
4584,11908,2023-08-09,0.000645459,0.0770609,False,0
4584,11909,2023-08-10,0,0.0532031,False,0
4584,11910,2023-08-11,0.000255873,0.0549912,False,1.61546
4584,11911,2023-08-12,0.00037873,0.0841736,False,3.29949
4584,11912,2023-08-13,0.000347222,0.0885609,False,0
4584,11913,2023-08-14,0.000519211,0.121479,True,7.85714
4584,11914,2023-08-15,0.000610074,0.10688,True,6.86922
4584,11915,2023-08-16,0.000586711,0.0802978,False,0
4584,11916,2023-08-17,0,0.0515989,False,0.866615
4584,11917,2023-08-18,0,0.0394253,False,0
4584,11918,2023-08-19,0,0.0413232,False,0.856959
4584,11919,2023-08-20,0,0.0396347,False,0
4584,11920,2023-08-21,0,0.0321677,False,0.230426
4584,11921,2023-08-22,0.000210403,0.0311338,False,1.26941
4584,11922,2023-08-23,0.000197124,0.0346025,False,0.237423
4584,11923,2023-08-24,0.000271423,0.0513494,False,1.973
4584,11924,2023-08-25,0.000255199,0.0356596,False,0
4584,11925,2023-08-26,0,0.0217537,False,0
4584,11926,2023-08-27,0,0.0182257,False,0
4584,11927,2023-08-28,0.000199577,0.0248656,False,1.50862
4584,11928,2023-08-29,0.000172033,0.0210147,False,0
4584,11929,2023-08-30,0,0.0168446,False,0
4584,11930,2023-08-31,0,0.0153694,False,0
4585,11853,2023-06-15,0.000210721,0.0333842,False,1.78859
4585,11854,2023-06-16,0.000241043,0.071191,False,1.41314
4585,11855,2023-06-17,0.000220987,0.0313918,False,0
4585,11856,2023-06-18,0,0.0233107,False,0
4585,11857,2023-06-19,0,0.0281041,False,0.528514
4585,11858,2023-06-20,0,0.0241557,False,0
4585,11859,2023-06-21,0,0.022741,False,0
4585,11860,2023-06-22,0,0.0208905,False,0
4585,11861,2023-06-23,0,0.0211123,False,0
4585,11862,2023-06-24,0,0.0212472,False,0
4585,11863,2023-06-25,0.000379806,0.106495,True,6.67309
4585,11864,2023-06-26,0.000579284,0.168541,True,14.925
4585,11865,2023-06-27,0.000575321,0.0752578,True,3.86528
4585,11866,2023-06-28,0.000582779,0.0869547,True,4.22025
4585,11867,2023-06-29,0.000567212,0.0935531,True,1.29335
4585,11868,2023-06-30,0.000555813,0.0873056,True,1.21898
4585,11869,2023-07-01,0.000537762,0.0518875,True,0
4585,11870,2023-07-02,0,0.0429667,False,0.250127
4585,11871,2023-07-03,0,0.035834,False,0
4585,11872,2023-07-04,0,0.0293842,False,0
4585,11873,2023-07-05,0,0.0359483,False,0.493265
4585,11874,2023-07-06,0.000407021,0.117614,True,8.46301
4585,11875,2023-07-07,0.000407621,0.0793597,True,3.05999
4585,11876,2023-07-08,0.000448435,0.0861447,True,5.24601
4585,11877,2023-07-09,0.00109051,0.418262,True,101.858
4585,11878,2023-07-10,0.00118841,0.38108,True,37.6208
4585,11879,2023-07-11,0.00115251,0.153562,True,2.7105
4585,11880,2023-07-12,0.00111529,0.0972117,True,0.0550532
4585,11881,2023-07-13,0.00108861,0.15235,True,1.43932
4585,11882,2023-07-14,0.0010615,0.0855135,True,0
4585,11883,2023-07-15,0.00104316,0.098801,True,1.70045
4585,11884,2023-07-16,0.00106084,0.247732,True,12.9159
4585,11885,2023-07-17,0.00108073,0.244112,True,13.9417
4585,11886,2023-07-18,0.0010708,0.0997217,True,3.10328
4585,11887,2023-07-19,0.00105705,0.103701,True,1.16807
4585,11888,2023-07-20,0.00105393,0.103508,True,4.75713
4585,11889,2023-07-21,0.00105368,0.122631,True,5.61708
4585,11890,2023-07-22,0.00106749,0.17497,True,11.2038
4585,11891,2023-07-23,0.00107202,0.10718,True,7.41523
4585,11892,2023-07-24,0.00106008,0.0755769,True,0.171641
4585,11893,2023-07-25,0.00108778,0.2948,True,17.5028
4585,11894,2023-07-26,0.00107962,0.0633593,True,1.44326
4585,11895,2023-07-27,0.00107408,0.0900013,True,2.40424
4585,11896,2023-07-28,0.00107972,0.110716,True,7.52395
4585,11897,2023-07-29,0.00107575,0.0763839,True,2.82354
4585,11898,2023-07-30,0.00108128,0.091156,True,7.36195
4585,11899,2023-07-31,0.00107224,0.0666077,True,0
4585,11900,2023-08-01,0,0.0584005,False,0
4585,11901,2023-08-02,0,0.0429982,False,0
4585,11902,2023-08-03,0.000489702,0.103153,True,5.28288
4585,11903,2023-08-04,0.000422134,0.0876045,False,0
4585,11904,2023-08-05,0,0.062781,False,0
4585,11905,2023-08-06,0,0.0457503,False,0
4585,11906,2023-08-07,0.000315438,0.057242,False,2.17296
4585,11907,2023-08-08,0.000328744,0.0612578,False,1.03853
4585,11908,2023-08-09,0.000301394,0.0466133,False,0
4585,11909,2023-08-10,0,0.0221501,False,0
4585,11910,2023-08-11,0.000285912,0.0316858,True,2.83642
4585,11911,2023-08-12,0.000321708,0.0616851,False,2.07183
4585,11912,2023-08-13,0.000294942,0.0552157,False,0
4585,11913,2023-08-14,0.000511116,0.200457,True,12.3692
4585,11914,2023-08-15,0.000547377,0.0638127,True,4.67503
4585,11915,2023-08-16,0.000526414,0.0632032,True,0
4585,11916,2023-08-17,0,0.0500378,False,0.371543
4585,11917,2023-08-18,0,0.0325829,False,0
4585,11918,2023-08-19,0.000217092,0.0373425,False,1.69648
4585,11919,2023-08-20,0.000187132,0.0352856,False,0
4585,11920,2023-08-21,0,0.0255605,False,0.126351
4585,11921,2023-08-22,0,0.0228284,False,0.0451252
4585,11922,2023-08-23,0,0.0213498,False,0
4585,11923,2023-08-24,0.000244364,0.0291146,False,2.47151
4585,11924,2023-08-25,0.000210641,0.0266411,False,0
4585,11925,2023-08-26,0,0.0191968,False,0.418818
4585,11926,2023-08-27,0,0.0158603,False,0
4585,11927,2023-08-28,0.000263128,0.0333559,True,3.33578
4585,11928,2023-08-29,0.000238873,0.0462914,False,0.375191
4585,11929,2023-08-30,0,0.0241414,False,0
4585,11930,2023-08-31,0,0.0141867,False,0
