cell,t,date,SACT,PI-GBM,FREQ,R0
0,10013,2018-06-01,0,0.0216183,False,0.727673
0,10014,2018-06-02,0.00464486,0.262442,True,54.3858
0,10015,2018-06-03,0.00481535,0.44207,True,25.1515
0,10016,2018-06-04,0.00468683,0.260618,True,10.3964
0,10017,2018-06-05,0.00440784,0.0426273,True,0
0,10018,2018-06-06,0.00428842,0.0561272,True,3.82279
0,10019,2018-06-07,0.00432113,0.0890213,True,9.45572
0,10020,2018-06-08,0.00478054,0.171946,True,32.9126
0,10021,2018-06-09,0.0047057,0.071829,True,3.62191
0,10022,2018-06-10,0.00501604,0.183788,True,28.226
0,10023,2018-06-11,0.00507434,0.0957353,True,12.2418
0,10024,2018-06-12,0.00500092,0.0532206,True,2.15504
0,10025,2018-06-13,0.00493283,0.0559415,True,1.83626
0,10026,2018-06-14,0.00492799,0.0608152,True,6.22997
0,10027,2018-06-15,0.00485073,0.0461303,True,0
0,10028,2018-06-16,0.00480618,0.0572107,True,2.17318
0,10029,2018-06-17,0.00486807,0.0995198,True,10.8708
0,10030,2018-06-18,0.00480553,0.0495312,True,0
0,10031,2018-06-19,0.00479772,0.0585395,True,4.49261
0,10032,2018-06-20,0.00493103,0.103414,True,17.4341
0,10033,2018-06-21,0.00490194,0.0689477,True,2.3526
0,10034,2018-06-22,0.00491084,0.079583,True,5.82696
0,10035,2018-06-23,0.0049056,0.0654985,True,4.31468
0,10036,2018-06-24,0.00485932,0.0420668,True,0
0,10037,2018-06-25,0.00483176,0.0456998,True,1.67318
0,10038,2018-06-26,0.00487408,0.0595925,True,8.78815
0,10039,2018-06-27,0.00483348,0.0374449,True,0
0,10040,2018-06-28,0.00485995,0.0453389,True,7.03464
0,10041,2018-06-29,0.00485685,0.0370184,True,3.78658
0,10042,2018-06-30,0.0048237,0.0339845,True,0.339517
0,10043,2018-07-01,0,0.0210851,False,0
0,10044,2018-07-02,0,0.015325,False,0
0,10045,2018-07-03,0,0.015171,False,0
0,10046,2018-07-04,0,0.0141872,False,0
0,10047,2018-07-05,0,0.0135074,False,0
0,10048,2018-07-06,0,0.0180186,False,0
0,10049,2018-07-07,0,0.0180808,False,0
0,10050,2018-07-08,0,0.0181617,False,0.145917
0,10051,2018-07-09,0.00139832,0.0318221,True,5.65054
0,10052,2018-07-10,0.00197132,0.0547061,True,9.91583
0,10053,2018-07-11,0.00210436,0.0308133,True,5.72968
0,10054,2018-07-12,0.00225232,0.0332967,True,6.51604
0,10055,2018-07-13,0.00254642,0.0414907,True,11.7141
0,10056,2018-07-14,0.00249181,0.0236497,True,1.43517
0,10057,2018-07-15,0.00291991,0.0457393,True,19.8434
0,10058,2018-07-16,0.00325583,0.0498955,True,19.9386
0,10059,2018-07-17,0.00325607,0.0246091,True,4.31721
0,10060,2018-07-18,0.00324167,0.0264309,True,3.2328
0,10061,2018-07-19,0.00317634,0.0268586,True,0
0,10062,2018-07-20,0.00314304,0.0292976,True,1.47901
0,10063,2018-07-21,0.00308975,0.0199942,True,0
0,10064,2018-07-22,0,0.0130588,False,0
0,10065,2018-07-23,0,0.0118538,False,0
0,10066,2018-07-24,0,0.011404,False,0
0,10067,2018-07-25,0,0.0113998,False,0.730437
0,10068,2018-07-26,0,0.0107155,False,0
0,10069,2018-07-27,0,0.0099441,False,0
0,10070,2018-07-28,0,0.00962554,False,0
0,10071,2018-07-29,0,0.00940229,False,0
0,10072,2018-07-30,0.000938626,0.011054,True,2.86436
0,10073,2018-07-31,0.0047086,0.52924,True,105.314
0,10074,2018-08-01,0.00462686,0.205388,True,16.5768
0,10075,2018-08-02,0.00435143,0.0792443,True,0
0,10076,2018-08-03,0,0.0334414,False,0
0,10077,2018-08-04,0,0.028289,False,0
0,10078,2018-08-05,0,0.0282087,False,0
0,10079,2018-08-06,0,0.0323746,False,0
0,10080,2018-08-07,0.000910682,0.0346029,False,1.71368
0,10081,2018-08-08,0.00150995,0.0611743,True,4.8779
0,10082,2018-08-09,0.0030734,0.148512,True,27.5325
0,10083,2018-08-10,0.00325858,0.0798921,True,9.5868
0,10084,2018-08-11,0.00310689,0.0452815,True,0
0,10085,2018-08-12,0,0.0439856,False,0
0,10086,2018-08-13,0.00278712,0.0963121,True,16.9864
0,10087,2018-08-14,0.00366087,0.106109,True,23.4961
0,10088,2018-08-15,0.00542495,0.483616,True,68.6413
0,10089,2018-08-16,0.00590679,0.41564,True,38.607
0,10090,2018-08-17,0.00589256,0.197287,True,14.4622
0,10091,2018-08-18,0.00593903,0.120724,True,16.4571
0,10092,2018-08-19,0.00575845,0.0479105,True,0.727673
0,10093,2018-08-20,0,0.0454909,False,0
0,10094,2018-08-21,0,0.0425132,False,0
0,10095,2018-08-22,0,0.0400532,False,0
0,10096,2018-08-23,0,0.0368924,False,0
0,10097,2018-08-24,0,0.0384215,False,0
0,10098,2018-08-25,0,0.0358377,False,0
0,10099,2018-08-26,0,0.0399165,False,0
0,10100,2018-08-27,0,0.0398991,False,0
0,10101,2018-08-28,0,0.0393227,False,0
0,10102,2018-08-29,0,0.0394821,False,0
0,10103,2018-08-30,0,0.0197834,False,0
0,10104,2018-08-31,0,0.0174196,False,0
5,10013,2018-06-01,0.00228088,0.032476,True,1.03261
5,10014,2018-06-02,0.00249154,0.134489,True,38.4656
5,10015,2018-06-03,0.00250977,0.0618867,True,8.37766
5,10016,2018-06-04,0.00255241,0.0847597,True,12.8155
5,10017,2018-06-05,0.00253333,0.0333818,True,1.61379
5,10018,2018-06-06,0.00253649,0.0410061,True,5.52809
5,10019,2018-06-07,0.00256826,0.0581618,True,10.9833
5,10020,2018-06-08,0.00265574,0.0935616,True,22.5698
5,10021,2018-06-09,0.00268711,0.0506429,True,11.6787
5,10022,2018-06-10,0.00279959,0.122847,True,29.9937
5,10023,2018-06-11,0.00284511,0.122619,True,15.9556
5,10024,2018-06-12,0.00282563,0.0354308,True,0.797581
5,10025,2018-06-13,0.00284079,0.0424345,True,8.90168
5,10026,2018-06-14,0.00284241,0.0397832,True,5.59269
5,10027,2018-06-15,0.00282908,0.042688,True,1.7841
5,10028,2018-06-16,0.00281646,0.0436404,True,1.78585
5,10029,2018-06-17,0.00283524,0.0639517,True,9.6207
5,10030,2018-06-18,0.00282204,0.0354422,True,1.38953
5,10031,2018-06-19,0.00283087,0.0446962,True,6.99935
5,10032,2018-06-20,0.0029069,0.0994674,True,25.1541
5,10033,2018-06-21,0.00291891,0.0542574,True,8.15384
5,10034,2018-06-22,0.0029622,0.0809424,True,17.0754
5,10035,2018-06-23,0.00297228,0.0469638,True,7.78364
5,10036,2018-06-24,0.00295583,0.0396373,True,0
5,10037,2018-06-25,0,0.051231,False,0.950445
5,10038,2018-06-26,0.00128118,0.0604903,True,7.85998
5,10039,2018-06-27,0.00112386,0.0439465,True,0.285988
5,10040,2018-06-28,0.00140589,0.0412083,True,7.30278
5,10041,2018-06-29,0.00141349,0.0360561,True,2.28521
5,10042,2018-06-30,0.00135903,0.031444,True,0.311801
5,10043,2018-07-01,0,0.0161117,False,0
5,10044,2018-07-02,0,0.0151577,False,0
5,10045,2018-07-03,0.000657036,0.015972,False,2.34524
5,10046,2018-07-04,0.000566394,0.0152975,False,0
5,10047,2018-07-05,0,0.0126393,False,0
5,10048,2018-07-06,0,0.0124319,False,0
5,10049,2018-07-07,0.000519139,0.0162528,False,1.55341
5,10050,2018-07-08,0.000587387,0.0189264,False,1.16573
5,10051,2018-07-09,0.00109642,0.0387191,True,9.03506
5,10052,2018-07-10,0.00140853,0.0392157,True,10.6013
5,10053,2018-07-11,0.00165617,0.0420467,True,12.0831
5,10054,2018-07-12,0.00185504,0.0428338,True,12.7092
5,10055,2018-07-13,0.00190795,0.027093,True,6.32751
5,10056,2018-07-14,0.00189422,0.0215957,True,2.40502
5,10057,2018-07-15,0.00210385,0.0528862,True,17.1974
5,10058,2018-07-16,0.00242918,0.131473,True,29.8957
5,10059,2018-07-17,0.00247689,0.067698,True,8.81487
5,10060,2018-07-18,0.00252556,0.0514159,True,9.1285
5,10061,2018-07-19,0.00248799,0.0345617,True,0.53112
5,10062,2018-07-20,0.00250308,0.0433382,True,5.60823
5,10063,2018-07-21,0.00246643,0.0347519,True,0
5,10064,2018-07-22,0,0.0210104,False,0
5,10065,2018-07-23,0,0.0165986,False,0.306866
5,10066,2018-07-24,0,0.01714,False,0.735398
5,10067,2018-07-25,0.000390305,0.0168965,False,1.04271
5,10068,2018-07-26,0.000418702,0.012521,False,0.592854
5,10069,2018-07-27,0,0.0096755,False,0.490715
5,10070,2018-07-28,0,0.00850792,False,0
5,10071,2018-07-29,0,0.00805686,False,0
5,10072,2018-07-30,0,0.00918966,False,0.712207
5,10073,2018-07-31,0.00348057,0.491222,True,100.497
5,10074,2018-08-01,0.00354142,0.370897,True,40.8936
5,10075,2018-08-02,0.00325448,0.0818226,True,0.613731
5,10076,2018-08-03,0,0.0326443,False,0
5,10077,2018-08-04,0.000766168,0.0324137,True,2.91042
5,10078,2018-08-05,0.00066048,0.0276117,False,0
5,10079,2018-08-06,0,0.0289039,False,0.183849
5,10080,2018-08-07,0.000730395,0.030368,True,2.62777
5,10081,2018-08-08,0.00166314,0.0971044,True,16.7992
5,10082,2018-08-09,0.00256819,0.158684,True,37.4695
5,10083,2018-08-10,0.00267119,0.0905367,True,13.152
5,10084,2018-08-11,0.00258243,0.0435404,True,2.03787
5,10085,2018-08-12,0.00248885,0.0429622,True,0.306866
5,10086,2018-08-13,0.00266478,0.0992998,True,16.8148
5,10087,2018-08-14,0.00300102,0.163651,True,31.6983
5,10088,2018-08-15,0.00400765,0.585324,True,110.492
5,10089,2018-08-16,0.00423662,0.467692,True,40.4862
5,10090,2018-08-17,0.00427148,0.314769,True,16.5099
5,10091,2018-08-18,0.00429221,0.133691,True,14.2917
5,10092,2018-08-19,0.00424231,0.0540812,True,3.38738
5,10093,2018-08-20,0.00418109,0.0577051,True,0.810765
5,10094,2018-08-21,0,0.0342146,False,0
5,10095,2018-08-22,0,0.029415,False,0
5,10096,2018-08-23,0,0.0273439,False,0
5,10097,2018-08-24,0,0.0251304,False,0
5,10098,2018-08-25,0,0.0220269,False,0
5,10099,2018-08-26,0,0.0208105,False,0
5,10100,2018-08-27,0,0.0208105,False,0
5,10101,2018-08-28,0,0.0214315,False,0.224705
5,10102,2018-08-29,0,0.0214372,False,0
5,10103,2018-08-30,0,0.0137516,False,0
5,10104,2018-08-31,0,0.0144632,False,0
11,10013,2018-06-01,0.00222014,0.0303123,True,1.12146
11,10014,2018-06-02,0.00246138,0.133851,True,44.6007
11,10015,2018-06-03,0.00250523,0.105001,True,13.3135
11,10016,2018-06-04,0.00264565,0.201954,True,32.5356
11,10017,2018-06-05,0.00268065,0.0694539,True,13.0166
11,10018,2018-06-06,0.00268885,0.032259,True,7.56673
11,10019,2018-06-07,0.00278547,0.0774031,True,26.9932
11,10020,2018-06-08,0.00286783,0.0873239,True,25.1322
11,10021,2018-06-09,0.00292629,0.0917819,True,20.4254
11,10022,2018-06-10,0.0029814,0.0659204,True,20.2509
11,10023,2018-06-11,0.00297091,0.0238553,True,3.7128
11,10024,2018-06-12,0.00297489,0.0287749,True,7.2968
11,10025,2018-06-13,0.00297226,0.0286245,True,5.43225
11,10026,2018-06-14,0.00303505,0.070192,True,23.2491
11,10027,2018-06-15,0.00302798,0.0298925,True,4.15883
11,10028,2018-06-16,0.00301615,0.029976,True,2.64051
11,10029,2018-06-17,0.00309761,0.0990722,True,29.6561
11,10030,2018-06-18,0.00309222,0.0442679,True,4.45858
11,10031,2018-06-19,0.00308315,0.0366492,True,3.20045
11,10032,2018-06-20,0.00309759,0.0525219,True,10.2605
11,10033,2018-06-21,0.00311728,0.0460668,True,11.9509
11,10034,2018-06-22,0.00313508,0.0473123,True,11.4512
11,10035,2018-06-23,0.00314156,0.0363096,True,7.85065
11,10036,2018-06-24,0.00312534,0.0291579,True,0.38001
11,10037,2018-06-25,0.00313001,0.0384857,True,7.09244
11,10038,2018-06-26,0.00312505,0.037325,True,3.83235
11,10039,2018-06-27,0.00312842,0.0384307,True,6.53411
11,10040,2018-06-28,0.00315098,0.0413096,True,13.065
11,10041,2018-06-29,0.00315621,0.0302143,True,7.16397
11,10042,2018-06-30,0.00314247,0.0222866,True,0.484096
11,10043,2018-07-01,0.0031354,0.0257466,True,2.68942
11,10044,2018-07-02,0.00312725,0.0192151,True,2.20533
11,10045,2018-07-03,0.00314296,0.0313994,True,10.6501
11,10046,2018-07-04,0.00312914,0.0197355,True,0
11,10047,2018-07-05,0,0.0125884,False,0
11,10048,2018-07-06,0.000918209,0.0180729,True,5.00233
11,10049,2018-07-07,0.00116473,0.0256906,True,6.0796
11,10050,2018-07-08,0.00120614,0.0169105,True,3.15788
11,10051,2018-07-09,0.0016328,0.0313908,True,15.9318
11,10052,2018-07-10,0.00189575,0.0309271,True,15.1159
11,10053,2018-07-11,0.00208225,0.0318444,True,14.265
11,10054,2018-07-12,0.00221776,0.0337357,True,13.0371
11,10055,2018-07-13,0.00222542,0.0187329,True,4.95153
11,10056,2018-07-14,0.00224522,0.0274901,True,5.63803
11,10057,2018-07-15,0.00241993,0.0537996,True,18.5171
11,10058,2018-07-16,0.00285785,0.153437,True,47.7777
11,10059,2018-07-17,0.00297667,0.158002,True,19.4656
11,10060,2018-07-18,0.00301189,0.0766149,True,10.3683
11,10061,2018-07-19,0.00303304,0.0276702,True,8.65025
11,10062,2018-07-20,0.00305475,0.0292107,True,8.67859
11,10063,2018-07-21,0.00302321,0.0222877,True,1.38835
11,10064,2018-07-22,0.00298666,0.0245266,True,0.322731
11,10065,2018-07-23,0.00296013,0.0195049,True,1.35223
11,10066,2018-07-24,0.00295808,0.027355,True,4.5245
11,10067,2018-07-25,0.00298349,0.0353414,True,8.39143
11,10068,2018-07-26,0.00297422,0.0227501,True,3.2327
11,10069,2018-07-27,0.00295801,0.0244275,True,2.00305
11,10070,2018-07-28,0.00293005,0.0252032,True,0
11,10071,2018-07-29,0,0.0143011,False,0.968192
11,10072,2018-07-30,0.000887885,0.0242404,True,5.22824
11,10073,2018-07-31,0.00280696,0.193807,True,70.8492
11,10074,2018-08-01,0.00298057,0.264386,True,26.8839
11,10075,2018-08-02,0.00283516,0.0681671,True,2.46245
11,10076,2018-08-03,0.00276587,0.029176,True,5.1099
11,10077,2018-08-04,0.00267563,0.0290588,True,1.32974
11,10078,2018-08-05,0.00258891,0.0260973,True,0
11,10079,2018-08-06,0.00253582,0.0250855,True,1.8191
11,10080,2018-08-07,0.0025469,0.0458226,True,7.14141
11,10081,2018-08-08,0.00285699,0.134327,True,39.5979
11,10082,2018-08-09,0.0031792,0.259064,True,48.1641
11,10083,2018-08-10,0.00339159,0.292862,True,39.1115
11,10084,2018-08-11,0.00338549,0.076448,True,7.94564
11,10085,2018-08-12,0.00334547,0.0335497,True,2.08576
11,10086,2018-08-13,0.00336638,0.0561252,True,11.3997
11,10087,2018-08-14,0.00339652,0.0451745,True,12.9104
11,10088,2018-08-15,0.00381192,0.304169,True,85.5703
11,10089,2018-08-16,0.00402361,0.333941,True,53.9041
11,10090,2018-08-17,0.0041673,0.300292,True,42.6247
11,10091,2018-08-18,0.00423626,0.23155,True,26.991
11,10092,2018-08-19,0.00420373,0.0354884,True,2.74961
11,10093,2018-08-20,0.00418084,0.0277357,True,4.57906
11,10094,2018-08-21,0.00414709,0.0262933,True,1.42436
11,10095,2018-08-22,0.00410959,0.0277813,True,0
11,10096,2018-08-23,0,0.0112677,False,0
11,10097,2018-08-24,0,0.0107546,False,0
11,10098,2018-08-25,0,0.010177,False,0
11,10099,2018-08-26,0,0.00975841,False,0
11,10100,2018-08-27,0,0.009473,False,0.268942
11,10101,2018-08-28,0.000724331,0.00939574,False,2.03049
11,10102,2018-08-29,0.000754598,0.0111413,False,0.968192
11,10103,2018-08-30,0,0.0104426,False,0
11,10104,2018-08-31,0,0.00609531,False,0
12,10013,2018-06-01,0,0.0301914,False,0.510869
12,10014,2018-06-02,0.00157757,0.130402,True,36.5489
12,10015,2018-06-03,0.00141886,0.0380543,True,3.32738
12,10016,2018-06-04,0.00163712,0.152651,True,24.1562
12,10017,2018-06-05,0.00164519,0.0468051,True,9.39959
12,10018,2018-06-06,0.00160717,0.032158,True,3.78003
12,10019,2018-06-07,0.00168691,0.0762972,True,15.2448
12,10020,2018-06-08,0.00176486,0.0696027,True,16.1575
12,10021,2018-06-09,0.00191926,0.126645,True,28.3257
12,10022,2018-06-10,0.00207946,0.212433,True,33.2223
12,10023,2018-06-11,0.00213395,0.133749,True,17.8541
12,10024,2018-06-12,0.00218888,0.0983665,True,18.6201
12,10025,2018-06-13,0.00217278,0.0304606,True,4.83776
12,10026,2018-06-14,0.00220223,0.0573487,True,13.7621
12,10027,2018-06-15,0.00218875,0.0397632,True,4.55257
12,10028,2018-06-16,0.00216521,0.0399111,True,1.87472
12,10029,2018-06-17,0.00229545,0.145781,True,37.1947
12,10030,2018-06-18,0.0022879,0.0512059,True,5.41521
12,10031,2018-06-19,0.0022844,0.0460351,True,6.11367
12,10032,2018-06-20,0.00231172,0.0585364,True,13.8889
12,10033,2018-06-21,0.00232225,0.055209,True,9.56705
12,10034,2018-06-22,0.00234229,0.0543267,True,12.1548
12,10035,2018-06-23,0.00234006,0.0405764,True,5.91657
12,10036,2018-06-24,0.00231991,0.0351111,True,0.569083
12,10037,2018-06-25,0.00230781,0.0493806,True,2.58325
12,10038,2018-06-26,0.00229293,0.0439162,True,1.51756
12,10039,2018-06-27,0.00228229,0.0423906,True,2.52415
12,10040,2018-06-28,0.00229646,0.0674013,True,9.82174
12,10041,2018-06-29,0.00229304,0.0336921,True,4.42238
12,10042,2018-06-30,0.00227651,0.0364595,True,0.189694
12,10043,2018-07-01,0,0.0223097,False,0.379389
12,10044,2018-07-02,0,0.0109688,False,0.569083
12,10045,2018-07-03,0.000580031,0.0175894,True,3.77166
12,10046,2018-07-04,0.000500007,0.0172113,False,0
12,10047,2018-07-05,0,0.0140426,False,0
12,10048,2018-07-06,0,0.0123422,False,0
12,10049,2018-07-07,0.000631282,0.0243088,True,4.88969
12,10050,2018-07-08,0.00065068,0.034737,True,2.17456
12,10051,2018-07-09,0.000924539,0.048709,True,10.3468
12,10052,2018-07-10,0.00112031,0.0385017,True,11.9453
12,10053,2018-07-11,0.00121763,0.0307639,True,9.09805
12,10054,2018-07-12,0.00146128,0.0538227,True,22.2274
12,10055,2018-07-13,0.0015448,0.0414664,True,12.1488
12,10056,2018-07-14,0.00157794,0.0295934,True,7.87023
12,10057,2018-07-15,0.00169627,0.0656433,True,17.9611
12,10058,2018-07-16,0.00194825,0.159217,True,38.8385
12,10059,2018-07-17,0.00201083,0.100704,True,15.5579
12,10060,2018-07-18,0.00202308,0.0504056,True,7.99106
12,10061,2018-07-19,0.00201471,0.0313503,True,4.36377
12,10062,2018-07-20,0.00202842,0.047609,True,7.90103
12,10063,2018-07-21,0.00200295,0.0360373,True,0.758778
12,10064,2018-07-22,0,0.0290295,False,0.569083
12,10065,2018-07-23,0.000286162,0.0206926,False,1.13817
12,10066,2018-07-24,0.000583293,0.0354519,True,5.55297
12,10067,2018-07-25,0.00069973,0.0342114,True,4.94661
12,10068,2018-07-26,0.000747423,0.0294109,True,3.49484
12,10069,2018-07-27,0.000745772,0.0346136,True,1.48865
12,10070,2018-07-28,0.00072904,0.0323088,False,0.569083
12,10071,2018-07-29,0,0.0175757,False,0.569083
12,10072,2018-07-30,0,0.0118133,False,0.569083
12,10073,2018-07-31,0.00196572,0.206363,True,61.8717
12,10074,2018-08-01,0.0018747,0.116855,True,14.2964
12,10075,2018-08-02,0.00172103,0.042917,True,0.189694
12,10076,2018-08-03,0,0.0192849,False,0
12,10077,2018-08-04,0.000368367,0.0169723,False,1.62013
12,10078,2018-08-05,0.000317536,0.0157749,False,0
12,10079,2018-08-06,0,0.0182487,False,0.919564
12,10080,2018-08-07,0.000531527,0.0264126,True,3.46594
12,10081,2018-08-08,0.00136112,0.130706,True,29.1533
12,10082,2018-08-09,0.00174467,0.189077,True,32.4358
12,10083,2018-08-10,0.00207168,0.325434,True,40.1802
12,10084,2018-08-11,0.00203574,0.0662756,True,6.76479
12,10085,2018-08-12,0.00195788,0.0345117,True,0
12,10086,2018-08-13,0.00200051,0.0624442,True,13.3194
12,10087,2018-08-14,0.0020779,0.0763352,True,18.4186
12,10088,2018-08-15,0.00277447,0.449865,True,131.093
12,10089,2018-08-16,0.00299808,0.468891,True,63.0008
12,10090,2018-08-17,0.0031009,0.40025,True,39.892
12,10091,2018-08-18,0.00313201,0.213548,True,22.9424
12,10092,2018-08-19,0.00308936,0.0379555,True,2.81115
12,10093,2018-08-20,0.00305107,0.0324057,True,2.80893
12,10094,2018-08-21,0.00300915,0.0369672,True,0.758778
12,10095,2018-08-22,0,0.0213505,False,0
12,10096,2018-08-23,0,0.0167661,False,0.395908
12,10097,2018-08-24,0,0.0154439,False,0
12,10098,2018-08-25,0,0.013832,False,0
12,10099,2018-08-26,0,0.0131968,False,0
12,10100,2018-08-27,0,0.0128861,False,0
12,10101,2018-08-28,0.000508587,0.015089,False,2.07238
12,10102,2018-08-29,0.000438415,0.0143787,False,0
12,10103,2018-08-30,0,0.0130234,False,0
12,10104,2018-08-31,0,0.00691493,False,0
17,10013,2018-06-01,0.00354871,0.0227845,True,0.310551
17,10014,2018-06-02,0.00359749,0.0392915,True,15.7127
17,10015,2018-06-03,0.00375083,0.0832502,True,36.0745
17,10016,2018-06-04,0.00400229,0.316325,True,59.0418
17,10017,2018-06-05,0.00407889,0.174694,True,24.9553
17,10018,2018-06-06,0.00408546,0.110712,True,9.76708
17,10019,2018-06-07,0.00408828,0.0307464,True,8.76869
17,10020,2018-06-08,0.00418753,0.0820094,True,31.5134
17,10021,2018-06-09,0.00428875,0.170647,True,33.2447
17,10022,2018-06-10,0.00428842,0.0589124,True,8.32866
17,10023,2018-06-11,0.00428039,0.0372278,True,6.17059
17,10024,2018-06-12,0.00427374,0.0326992,True,6.31751
17,10025,2018-06-13,0.00426968,0.0326086,True,6.8065
17,10026,2018-06-14,0.00434731,0.0862368,True,28.8156
17,10027,2018-06-15,0.00436879,0.0699605,True,13.87
17,10028,2018-06-16,0.00436807,0.0431252,True,7.62366
17,10029,2018-06-17,0.00440421,0.0576159,True,18.1114
17,10030,2018-06-18,0.00439269,0.0325587,True,4.33567
17,10031,2018-06-19,0.00437955,0.0303482,True,3.66609
17,10032,2018-06-20,0.00444322,0.0595684,True,26.5259
17,10033,2018-06-21,0.00448862,0.066463,True,21.4831
17,10034,2018-06-22,0.00451932,0.0590889,True,17.1997
17,10035,2018-06-23,0.00457709,0.0658439,True,26.1016
17,10036,2018-06-24,0.00456325,0.0311974,True,3.13368
17,10037,2018-06-25,0.00460451,0.0430837,True,21.1439
17,10038,2018-06-26,0.00462663,0.0320563,True,14.9844
17,10039,2018-06-27,0.00461966,0.0212858,True,5.14598
17,10040,2018-06-28,0.00465319,0.0326153,True,18.9673
17,10041,2018-06-29,0.00464873,0.019619,True,5.86567
17,10042,2018-06-30,0.00463817,0.0175815,True,3.60711
17,10043,2018-07-01,0.00462202,0.0218484,True,1.48407
17,10044,2018-07-02,0.00463036,0.0331171,True,10.0482
17,10045,2018-07-03,0.00462876,0.0237008,True,6.44068
17,10046,2018-07-04,0.00460962,0.0214175,True,0
17,10047,2018-07-05,0,0.0107629,False,0
17,10048,2018-07-06,0.00103273,0.00989745,True,2.90153
17,10049,2018-07-07,0.000975997,0.0149398,False,0.604466
17,10050,2018-07-08,0.00147205,0.0159398,True,6.26837
17,10051,2018-07-09,0.00251846,0.0293431,True,23.7935
17,10052,2018-07-10,0.00324528,0.0595624,True,28.9293
17,10053,2018-07-11,0.0036224,0.0612265,True,22.4875
17,10054,2018-07-12,0.00394358,0.0574838,True,23.4206
17,10055,2018-07-13,0.00398018,0.0243332,True,8.78943
17,10056,2018-07-14,0.00409725,0.0259462,True,13.8649
17,10057,2018-07-15,0.00471217,0.0909121,True,52.2302
17,10058,2018-07-16,0.00546658,0.216438,True,76.581
17,10059,2018-07-17,0.00581256,0.181257,True,46.7226
17,10060,2018-07-18,0.00600669,0.16914,True,33.3604
17,10061,2018-07-19,0.00604588,0.0701836,True,16.0502
17,10062,2018-07-20,0.00612985,0.0426665,True,21.6254
17,10063,2018-07-21,0.00605123,0.0134006,True,0.656308
17,10064,2018-07-22,0,0.0075374,False,0.919092
17,10065,2018-07-23,0.00100848,0.00981048,False,2.2285
17,10066,2018-07-24,0.00162348,0.0134075,True,5.83862
17,10067,2018-07-25,0.00212163,0.0155259,True,8.67932
17,10068,2018-07-26,0.0022291,0.0129906,True,4.3038
17,10069,2018-07-27,0.00235167,0.0127795,True,4.8869
17,10070,2018-07-28,0.00226772,0.0117047,True,0.14116
17,10071,2018-07-29,0.00223617,0.0120426,True,1.03923
17,10072,2018-07-30,0.00241946,0.0147664,True,6.71816
17,10073,2018-07-31,0.00410988,0.143841,True,72.548
17,10074,2018-08-01,0.005092,0.199859,True,67.1535
17,10075,2018-08-02,0.00501257,0.0348921,True,1.65861
17,10076,2018-08-03,0.00497822,0.0221044,True,4.28138
17,10077,2018-08-04,0.0049262,0.0149396,True,2.45235
17,10078,2018-08-05,0.00485468,0.0143891,True,0.443826
17,10079,2018-08-06,0.00489178,0.0246347,True,8.61572
17,10080,2018-08-07,0.00488146,0.0209784,True,4.65588
17,10081,2018-08-08,0.00525261,0.0611989,True,38.1796
17,10082,2018-08-09,0.00584845,0.235211,True,65.6635
17,10083,2018-08-10,0.00616965,0.185345,True,43.1174
17,10084,2018-08-11,0.006421,0.180668,True,38.0404
17,10085,2018-08-12,0.0063746,0.031509,True,2.48012
17,10086,2018-08-13,0.00636967,0.0226494,True,7.31338
17,10087,2018-08-14,0.00635202,0.0230446,True,5.4467
17,10088,2018-08-15,0.00708258,0.206634,True,109.532
17,10089,2018-08-16,0.00745801,0.283449,True,67.3202
17,10090,2018-08-17,0.00776762,0.299025,True,61.2621
17,10091,2018-08-18,0.00800094,0.257513,True,51.4403
17,10092,2018-08-19,0.00798501,0.0705198,True,8.20601
17,10093,2018-08-20,0.00796099,0.0314114,True,6.42833
17,10094,2018-08-21,0.00791981,0.0165666,True,2.94023
17,10095,2018-08-22,0.00787993,0.0190155,True,2.80874
17,10096,2018-08-23,0.00782691,0.0179686,True,0
17,10097,2018-08-24,0,0.00781701,False,0
17,10098,2018-08-25,0,0.00770346,False,0
17,10099,2018-08-26,0,0.00810254,False,0
17,10100,2018-08-27,0,0.00767236,False,0.148407
17,10101,2018-08-28,0.00182641,0.0153226,True,5.9483
17,10102,2018-08-29,0.00215986,0.0230164,True,5.46088
17,10103,2018-08-30,0.00198047,0.0157705,True,0
17,10104,2018-08-31,0.00201353,0.0165081,True,1.99263
18,10013,2018-06-01,0.00118291,0.0176175,True,0
18,10014,2018-06-02,0.00133361,0.0760105,True,27.4
18,10015,2018-06-03,0.00135204,0.0354583,True,7
18,10016,2018-06-04,0.00147288,0.104884,True,27.2
18,10017,2018-06-05,0.00148143,0.0324798,True,6
18,10018,2018-06-06,0.00147027,0.0238089,True,1.7
18,10019,2018-06-07,0.00149941,0.0490996,True,10.4
18,10020,2018-06-08,0.00160748,0.0935286,True,29.8
18,10021,2018-06-09,0.00171618,0.147476,True,33
18,10022,2018-06-10,0.00181015,0.17504,True,31.8
18,10023,2018-06-11,0.00181297,0.0441747,True,6.2
18,10024,2018-06-12,0.00187498,0.0664875,True,24.6
18,10025,2018-06-13,0.00188522,0.028977,True,8.8
18,10026,2018-06-14,0.00200591,0.158444,True,46.8
18,10027,2018-06-15,0.00201556,0.0627786,True,9.5
18,10028,2018-06-16,0.00201191,0.0416297,True,4.6
18,10029,2018-06-17,0.00205322,0.0549714,True,21.4
18,10030,2018-06-18,0.00204046,0.0236774,True,1
18,10031,2018-06-19,0.00203601,0.0246204,True,4
18,10032,2018-06-20,0.00205058,0.0413232,True,11.4
18,10033,2018-06-21,0.00206588,0.0405828,True,11.8
18,10034,2018-06-22,0.00207077,0.0291109,True,7.6
18,10035,2018-06-23,0.00207859,0.0323659,True,8.8
18,10036,2018-06-24,0.0020681,0.0237832,True,1
18,10037,2018-06-25,0.00208588,0.0459894,True,13
18,10038,2018-06-26,0.00209331,0.0333907,True,8.6
18,10039,2018-06-27,0.00211763,0.0433052,True,16.2
18,10040,2018-06-28,0.00216793,0.0724005,True,28.6
18,10041,2018-06-29,0.0021761,0.0455548,True,9.4
18,10042,2018-06-30,0.00216841,0.0234382,True,1.8
18,10043,2018-07-01,0.00217794,0.0346302,True,10
18,10044,2018-07-02,0.00218373,0.0260918,True,8.2
18,10045,2018-07-03,0.00225152,0.0759608,True,39.6
18,10046,2018-07-04,0.00224073,0.0253568,True,0
18,10047,2018-07-05,0,0.013786,False,0
18,10048,2018-07-06,0.00141656,0.0369889,True,18.6
18,10049,2018-07-07,0.00127118,0.0194461,True,1.6
18,10050,2018-07-08,0.00131252,0.0240027,True,5.6
18,10051,2018-07-09,0.00172769,0.0406088,True,25.8
18,10052,2018-07-10,0.0020302,0.0708867,True,27.8
18,10053,2018-07-11,0.00221524,0.0586697,True,23.6
18,10054,2018-07-12,0.00237258,0.054966,True,24
18,10055,2018-07-13,0.00244236,0.0303283,True,16
18,10056,2018-07-14,0.00253165,0.0322826,True,19.2
18,10057,2018-07-15,0.00271918,0.0692754,True,34.7
18,10058,2018-07-16,0.00309204,0.229512,True,70.8
18,10059,2018-07-17,0.00323055,0.15839,True,36.8
18,10060,2018-07-18,0.00326735,0.0863902,True,18.4
18,10061,2018-07-19,0.00329321,0.0422193,True,16.2
18,10062,2018-07-20,0.00332557,0.0318776,True,17.6
18,10063,2018-07-21,0.00328004,0.0128694,True,0
18,10064,2018-07-22,0.00324311,0.0136159,True,1.2
18,10065,2018-07-23,0.00322536,0.0197746,True,5
18,10066,2018-07-24,0.00319853,0.0248683,True,2.4
18,10067,2018-07-25,0.0032399,0.0360297,True,18.4
18,10068,2018-07-26,0.00322085,0.0149402,True,3.6
18,10069,2018-07-27,0.00319935,0.01434,True,2.6
18,10070,2018-07-28,0.00316912,0.0146513,True,0
18,10071,2018-07-29,0.00315445,0.0144929,True,3.6
18,10072,2018-07-30,0.00313014,0.0163005,True,0.8
18,10073,2018-07-31,0.00332239,0.129697,True,59.4
18,10074,2018-08-01,0.00335082,0.0838758,True,15.8
18,10075,2018-08-02,0.00332901,0.028072,True,1.2
18,10076,2018-08-03,0.0033681,0.0412499,True,19
18,10077,2018-08-04,0.00334645,0.0167063,True,0.8
18,10078,2018-08-05,0,0.0087708,False,0
18,10079,2018-08-06,0.000633826,0.0117953,True,3.2
18,10080,2018-08-07,0.00115702,0.0298623,True,11.8
18,10081,2018-08-08,0.00243035,0.139343,True,67.8
18,10082,2018-08-09,0.00303644,0.224213,True,66
18,10083,2018-08-10,0.00331833,0.215899,True,48.4
18,10084,2018-08-11,0.00339922,0.16229,True,27.4
18,10085,2018-08-12,0.0032948,0.0257082,True,0.8
18,10086,2018-08-13,0.00331298,0.0346342,True,16.4
18,10087,2018-08-14,0.00325132,0.0175987,True,3.2
18,10088,2018-08-15,0.00378784,0.31769,True,106.8
18,10089,2018-08-16,0.00403842,0.290802,True,67
18,10090,2018-08-17,0.00438837,0.340307,True,97.9
18,10091,2018-08-18,0.00452818,0.303078,True,54.4
18,10092,2018-08-19,0.00448575,0.0635761,True,7.6
18,10093,2018-08-20,0.004446,0.030104,True,7
18,10094,2018-08-21,0.00439425,0.0176477,True,2.5
18,10095,2018-08-22,0.00433778,0.0168797,True,0
18,10096,2018-08-23,0,0.00698702,False,0
18,10097,2018-08-24,0,0.00773437,False,0
18,10098,2018-08-25,0,0.00773169,False,0
18,10099,2018-08-26,0,0.00713602,False,0
18,10100,2018-08-27,0.000414595,0.00714293,False,1
18,10101,2018-08-28,0.000810811,0.0132172,False,4.4
18,10102,2018-08-29,0.000952688,0.0144132,True,3.6
18,10103,2018-08-30,0.00089578,0.013025,False,0
18,10104,2018-08-31,0,0.0102308,False,0
19,10013,2018-06-01,0,0.0166681,False,0
19,10014,2018-06-02,0.000311417,0.0134981,False,1.91322
19,10015,2018-06-03,0.000641072,0.0467754,True,9.56609
19,10016,2018-06-04,0.000806176,0.0390846,True,10.5227
19,10017,2018-06-05,0.000862418,0.0218364,True,6.69626
19,10018,2018-06-06,0.000910329,0.0226921,True,6.69626
19,10019,2018-06-07,0.000983591,0.0303205,True,9.59118
19,10020,2018-06-08,0.00114828,0.0388928,True,21.2461
19,10021,2018-06-09,0.0014122,0.111202,True,41.346
19,10022,2018-06-10,0.00166443,0.256326,True,51.402
19,10023,2018-06-11,0.00179083,0.230262,True,34.6752
19,10024,2018-06-12,0.0018682,0.162499,True,26.7097
19,10025,2018-06-13,0.00186826,0.0466289,True,8.63457
19,10026,2018-06-14,0.00195977,0.111842,True,32.8005
19,10027,2018-06-15,0.0019697,0.0647288,True,11.5295
19,10028,2018-06-16,0.00197036,0.0399342,True,8.63457
19,10029,2018-06-17,0.00212173,0.193273,True,55.9617
19,10030,2018-06-18,0.0020944,0.0449395,True,0
19,10031,2018-06-19,0.00211178,0.0710763,True,14.58
19,10032,2018-06-20,0.00216115,0.0597153,True,26.124
19,10033,2018-06-21,0.0021559,0.0330074,True,6.72136
19,10034,2018-06-22,0.00220211,0.0671333,True,25.979
19,10035,2018-06-23,0.00219025,0.0249884,True,3.87359
19,10036,2018-06-24,0.00217679,0.0247615,True,2.86983
19,10037,2018-06-25,0.002169,0.0307752,True,4.78304
19,10038,2018-06-26,0.00216894,0.0313659,True,7.65287
19,10039,2018-06-27,0.00216019,0.0238867,True,3.87663
19,10040,2018-06-28,0.0022037,0.0531233,True,25.8284
19,10041,2018-06-29,0.00219763,0.0240333,True,4.78304
19,10042,2018-06-30,0.00218337,0.021757,True,0.956609
19,10043,2018-07-01,0.00217191,0.021971,True,1.91322
19,10044,2018-07-02,0.00216314,0.02207,True,2.86983
19,10045,2018-07-03,0.0021884,0.0383585,True,18.2007
19,10046,2018-07-04,0.00217405,0.0182121,True,0
19,10047,2018-07-05,0,0.010476,False,0
19,10048,2018-07-06,0,0.00757837,False,0
19,10049,2018-07-07,0,0.00753805,False,0.956609
19,10050,2018-07-08,0.000647165,0.0124417,True,4.78304
19,10051,2018-07-09,0.0012436,0.0318557,True,20.139
19,10052,2018-07-10,0.00172726,0.0725641,True,33.7187
19,10053,2018-07-11,0.00187615,0.0534521,True,20.2994
19,10054,2018-07-12,0.00222554,0.132261,True,44.9202
19,10055,2018-07-13,0.00241583,0.15867,True,35.1119
19,10056,2018-07-14,0.00241013,0.0583333,True,10.3539
19,10057,2018-07-15,0.00262921,0.112345,True,45.5682
19,10058,2018-07-16,0.00278408,0.163048,True,39.8219
19,10059,2018-07-17,0.0028962,0.154241,True,34.759
19,10060,2018-07-18,0.00291889,0.0664191,True,17.3243
19,10061,2018-07-19,0.00290381,0.0256699,True,8.60948
19,10062,2018-07-20,0.00291699,0.0269972,True,14.3963
19,10063,2018-07-21,0.00288726,0.01415,True,3.82644
19,10064,2018-07-22,0.00285684,0.0149965,True,2.86983
19,10065,2018-07-23,0.0028409,0.0209262,True,5.73965
19,10066,2018-07-24,0.0028384,0.0199428,True,8.63457
19,10067,2018-07-25,0.00285187,0.0298453,True,12.4861
19,10068,2018-07-26,0.00285497,0.0285129,True,9.60111
19,10069,2018-07-27,0.00283436,0.0149707,True,2.86983
19,10070,2018-07-28,0.00281532,0.014541,True,2.86983
19,10071,2018-07-29,0.00279769,0.0147831,True,2.86983
19,10072,2018-07-30,0.00278132,0.0160239,True,2.86983
19,10073,2018-07-31,0.00289204,0.0799955,True,40.1373
19,10074,2018-08-01,0.00288261,0.0228966,True,4.80814
19,10075,2018-08-02,0.00286164,0.0192567,True,0.956609
19,10076,2018-08-03,0,0.0101637,False,0
19,10077,2018-08-04,0,0.006249,False,0.956609
19,10078,2018-08-05,0,0.00539854,False,0
19,10079,2018-08-06,0,0.00542591,False,0
19,10080,2018-08-07,0.000641679,0.0103476,True,4.80814
19,10081,2018-08-08,0.00181769,0.104834,True,50.9261
19,10082,2018-08-09,0.0022586,0.226779,True,48.5471
19,10083,2018-08-10,0.0027185,0.225662,True,69.2217
19,10084,2018-08-11,0.00267157,0.069471,True,11.1826
19,10085,2018-08-12,0.00256947,0.022596,True,0
19,10086,2018-08-13,0.00269086,0.0679361,True,32.7385
19,10087,2018-08-14,0.00274819,0.0695695,True,23.4359
19,10088,2018-08-15,0.00349529,0.382429,True,175.869
19,10089,2018-08-16,0.0037423,0.484497,True,85.9185
19,10090,2018-08-17,0.0039395,0.451932,True,80.2308
19,10091,2018-08-18,0.00408046,0.314731,True,68.4161
19,10092,2018-08-19,0.00402349,0.0521562,True,4.08133
19,10093,2018-08-20,0.00398275,0.0371121,True,7.67797
19,10094,2018-08-21,0.00393547,0.0185878,True,3.82644
19,10095,2018-08-22,0.00388163,0.0199168,True,0
19,10096,2018-08-23,0,0.0106951,False,0
19,10097,2018-08-24,0,0.00756787,False,0
19,10098,2018-08-25,0,0.00726265,False,0
19,10099,2018-08-26,0,0.00734252,False,0
19,10100,2018-08-27,0,0.0064762,False,0
19,10101,2018-08-28,0.000773533,0.0121205,True,4.78304
19,10102,2018-08-29,0.000666829,0.0118321,False,0
19,10103,2018-08-30,0,0.00973376,False,0
19,10104,2018-08-31,0,0.00704238,False,0
25,10013,2018-06-01,0.00397138,0.0241205,True,0.255964
25,10014,2018-06-02,0.00394937,0.0352576,True,6.47401
25,10015,2018-06-03,0.00414962,0.0824361,True,29.2171
25,10016,2018-06-04,0.00422825,0.0812713,True,17.4503
25,10017,2018-06-05,0.00424139,0.0459222,True,10.0088
25,10018,2018-06-06,0.00425966,0.0349711,True,10.3964
25,10019,2018-06-07,0.00439127,0.0627432,True,24.9788
25,10020,2018-06-08,0.00453589,0.0998533,True,28.0748
25,10021,2018-06-09,0.00453329,0.0421062,True,7.98117
25,10022,2018-06-10,0.0045778,0.049733,True,14.6979
25,10023,2018-06-11,0.00463281,0.0466305,True,16.4663
25,10024,2018-06-12,0.00464452,0.0353557,True,9.81191
25,10025,2018-06-13,0.00461528,0.0242275,True,3.03595
25,10026,2018-06-14,0.00482275,0.133566,True,42.4826
25,10027,2018-06-15,0.00485103,0.100827,True,12.9745
25,10028,2018-06-16,0.00486883,0.0615706,True,11.0985
25,10029,2018-06-17,0.00493526,0.0786452,True,20.1102
25,10030,2018-06-18,0.00490014,0.0239267,True,1.13252
25,10031,2018-06-19,0.00495074,0.0523122,True,17.3061
25,10032,2018-06-20,0.00511072,0.118399,True,39.6851
25,10033,2018-06-21,0.00528364,0.224764,True,44.4366
25,10034,2018-06-22,0.00534916,0.195099,True,22.6844
25,10035,2018-06-23,0.00533247,0.040124,True,4.59387
25,10036,2018-06-24,0.00530695,0.0283763,True,2.35653
25,10037,2018-06-25,0.00530351,0.0327188,True,7.12521
25,10038,2018-06-26,0.0053328,0.0383182,True,14.5779
25,10039,2018-06-27,0.00537329,0.041793,True,17.3314
25,10040,2018-06-28,0.00541497,0.0363858,True,17.8177
25,10041,2018-06-29,0.00543992,0.0293013,True,13.8845
25,10042,2018-06-30,0.00542668,0.0152104,True,4.37965
25,10043,2018-07-01,0.00540051,0.0164646,True,0.953065
25,10044,2018-07-02,0.00537747,0.0167297,True,1.52071
25,10045,2018-07-03,0.00536502,0.0174735,True,4.01448
25,10046,2018-07-04,0.00533753,0.017317,True,0
25,10047,2018-07-05,0,0.0075508,False,0
25,10048,2018-07-06,0,0.00913729,False,0.474218
25,10049,2018-07-07,0,0.00824182,False,0.880354
25,10050,2018-07-08,0.001972,0.0290398,True,10.163
25,10051,2018-07-09,0.00310701,0.0388554,True,25.0718
25,10052,2018-07-10,0.00455238,0.149917,True,57.4959
25,10053,2018-07-11,0.0047138,0.154887,True,20.4022
25,10054,2018-07-12,0.00526654,0.12708,True,43.8621
25,10055,2018-07-13,0.00536365,0.0806587,True,19.694
25,10056,2018-07-14,0.0054776,0.0688131,True,20.8319
25,10057,2018-07-15,0.00594551,0.117436,True,50.7027
25,10058,2018-07-16,0.00695271,0.212983,True,113.299
25,10059,2018-07-17,0.00707983,0.211677,True,31.6772
25,10060,2018-07-18,0.00719699,0.177105,True,31.0615
25,10061,2018-07-19,0.00716366,0.0474383,True,12.373
25,10062,2018-07-20,0.00725628,0.0612979,True,27.8876
25,10063,2018-07-21,0.00714738,0.0176203,True,0.621564
25,10064,2018-07-22,0,0.00726496,False,0.491719
25,10065,2018-07-23,0.00285687,0.0186952,True,16.5477
25,10066,2018-07-24,0.00394655,0.0299356,True,27.2197
25,10067,2018-07-25,0.00438901,0.0412365,True,21.4158
25,10068,2018-07-26,0.00436437,0.0145574,True,7.9591
25,10069,2018-07-27,0.00431268,0.0114259,True,5.59902
25,10070,2018-07-28,0.00417017,0.0104985,True,0.867482
25,10071,2018-07-29,0.00408466,0.0117408,True,2.02881
25,10072,2018-07-30,0.00410372,0.0161171,True,5.78739
25,10073,2018-07-31,0.00559879,0.170521,True,87.6042
25,10074,2018-08-01,0.00648378,0.199571,True,73.4028
25,10075,2018-08-02,0.00646142,0.0429866,True,8.8157
25,10076,2018-08-03,0.00643437,0.0253627,True,7.74784
25,10077,2018-08-04,0.00642897,0.0143478,True,9.04251
25,10078,2018-08-05,0.00635075,0.00980315,True,2.01485
25,10079,2018-08-06,0.00633345,0.0160367,True,6.92411
25,10080,2018-08-07,0.00631725,0.0189064,True,6.62772
25,10081,2018-08-08,0.00693686,0.140213,True,71.4511
25,10082,2018-08-09,0.00740868,0.181428,True,63.3096
25,10083,2018-08-10,0.00764169,0.168645,True,39.0512
25,10084,2018-08-11,0.00777327,0.134705,True,27.6791
25,10085,2018-08-12,0.00771436,0.017405,True,2.8263
25,10086,2018-08-13,0.00772791,0.0240902,True,12.0725
25,10087,2018-08-14,0.00770497,0.016738,True,6.84399
25,10088,2018-08-15,0.0084106,0.17828,True,113.866
25,10089,2018-08-16,0.00893746,0.357788,True,97.1368
25,10090,2018-08-17,0.00929536,0.298417,True,75.1828
25,10091,2018-08-18,0.00955066,0.256994,True,60.4385
25,10092,2018-08-19,0.00957847,0.1392,True,19.1817
25,10093,2018-08-20,0.00957927,0.0722618,True,13.856
25,10094,2018-08-21,0.00953939,0.0169921,True,5.62207
25,10095,2018-08-22,0.00948258,0.0163272,True,1.84344
25,10096,2018-08-23,0.00941889,0.0157006,True,0
25,10097,2018-08-24,0,0.00625017,False,0
25,10098,2018-08-25,0,0.00592086,False,0
25,10099,2018-08-26,0,0.00621136,False,0
25,10100,2018-08-27,0,0.00629869,False,0.157955
25,10101,2018-08-28,0.00228337,0.0134372,True,7.67943
25,10102,2018-08-29,0.00307613,0.0176895,True,11.5981
25,10103,2018-08-30,0.0028465,0.0106592,True,0.363493
25,10104,2018-08-31,0,0.00974478,False,0
26,10013,2018-06-01,0.00195712,0.0326813,True,4.7804
26,10014,2018-06-02,0.00197948,0.0627588,True,10.606
26,10015,2018-06-03,0.0022574,0.18017,True,57.7347
26,10016,2018-06-04,0.00228157,0.124406,True,13.3616
26,10017,2018-06-05,0.00227241,0.0477991,True,6.24712
26,10018,2018-06-06,0.0022505,0.0254969,True,2.9955
26,10019,2018-06-07,0.00228335,0.0523959,True,14.761
26,10020,2018-06-08,0.00243731,0.141128,True,44.6663
26,10021,2018-06-09,0.00245812,0.0830674,True,13.4374
26,10022,2018-06-10,0.00247653,0.0683708,True,12.8575
26,10023,2018-06-11,0.00256756,0.127403,True,33.3815
26,10024,2018-06-12,0.00263986,0.15806,True,29.6622
26,10025,2018-06-13,0.0026355,0.0591196,True,7.05492
26,10026,2018-06-14,0.00278312,0.250945,True,55.9217
26,10027,2018-06-15,0.00278528,0.106391,True,9.6279
26,10028,2018-06-16,0.00276936,0.0462152,True,3.19262
26,10029,2018-06-17,0.00283209,0.124138,True,30.6446
26,10030,2018-06-18,0.00281327,0.056836,True,1.74317
26,10031,2018-06-19,0.00283235,0.0716054,True,15.3578
26,10032,2018-06-20,0.00298265,0.194248,True,66.5669
26,10033,2018-06-21,0.00302558,0.260362,True,26.5044
26,10034,2018-06-22,0.00301775,0.0688245,True,5.81442
26,10035,2018-06-23,0.00300964,0.0269195,True,5.44572
26,10036,2018-06-24,0.00299012,0.0240458,True,0.350736
26,10037,2018-06-25,0.00297956,0.0283555,True,3.86093
26,10038,2018-06-26,0.0030323,0.0815581,True,31.2934
26,10039,2018-06-27,0.00305609,0.0670048,True,19.0536
26,10040,2018-06-28,0.00308044,0.0551535,True,19.5401
26,10041,2018-06-29,0.00307558,0.0192111,True,6.09513
26,10042,2018-06-30,0.00305855,0.0134287,True,0.210663
26,10043,2018-07-01,0.00309821,0.0419419,True,26.9303
26,10044,2018-07-02,0.00311924,0.0336538,True,18.3563
26,10045,2018-07-03,0.00311605,0.0190351,True,6.51662
26,10046,2018-07-04,0.00310005,0.0147325,True,0
26,10047,2018-07-05,0,0.00897079,False,0
26,10048,2018-07-06,0.000745992,0.0148768,True,5.34265
26,10049,2018-07-07,0.000810016,0.0138981,True,3.24966
26,10050,2018-07-08,0.00113123,0.0244731,True,11.8477
26,10051,2018-07-09,0.00150758,0.0286776,True,21.4899
26,10052,2018-07-10,0.00220138,0.124443,True,59.0276
26,10053,2018-07-11,0.00237823,0.164859,True,27.3507
26,10054,2018-07-12,0.00259659,0.14539,True,36.301
26,10055,2018-07-13,0.00280374,0.114368,True,39.9369
26,10056,2018-07-14,0.0028696,0.0833683,True,21.4756
26,10057,2018-07-15,0.00308753,0.144723,True,49.3523
26,10058,2018-07-16,0.003508,0.244554,True,98.4194
26,10059,2018-07-17,0.00358451,0.158371,True,32.3121
26,10060,2018-07-18,0.00363953,0.150369,True,28.0312
26,10061,2018-07-19,0.00364446,0.0487796,True,15.6744
26,10062,2018-07-20,0.00370355,0.0661086,True,29.5542
26,10063,2018-07-21,0.00365406,0.0218497,True,0.321359
26,10064,2018-07-22,0,0.00875832,False,0.333258
26,10065,2018-07-23,0.00101302,0.013881,True,8.69031
26,10066,2018-07-24,0.00148435,0.02405,True,17.2242
26,10067,2018-07-25,0.00211934,0.053849,True,38.6447
26,10068,2018-07-26,0.00236564,0.109034,True,27.3809
26,10069,2018-07-27,0.00230107,0.018097,True,3.87793
26,10070,2018-07-28,0.00221506,0.0118589,True,0.175498
26,10071,2018-07-29,0,0.00871285,False,0.614142
26,10072,2018-07-30,0.000465743,0.00767957,False,1.73101
26,10073,2018-07-31,0.00206402,0.0668921,True,48.7016
26,10074,2018-08-01,0.00241319,0.138783,True,32.8038
26,10075,2018-08-02,0.00231324,0.0217794,True,3.36279
26,10076,2018-08-03,0.00237814,0.0232908,True,14.5643
26,10077,2018-08-04,0.00230263,0.0108689,True,1.40977
26,10078,2018-08-05,0.00226053,0.0107839,True,3.11542
26,10079,2018-08-06,0.00222849,0.0128457,True,3.15684
26,10080,2018-08-07,0.0022244,0.0205482,True,5.36843
26,10081,2018-08-08,0.00277091,0.189995,True,74.013
26,10082,2018-08-09,0.00321303,0.283988,True,78.2155
26,10083,2018-08-10,0.00343766,0.226248,True,51.8647
26,10084,2018-08-11,0.00349418,0.12502,True,22.7259
26,10085,2018-08-12,0.00345637,0.0229663,True,3.49998
26,10086,2018-08-13,0.00346164,0.0282075,True,11.7596
26,10087,2018-08-14,0.00346776,0.0297523,True,11.6239
26,10088,2018-08-15,0.00378293,0.247105,True,84.3219
26,10089,2018-08-16,0.00419319,0.354254,True,121.456
26,10090,2018-08-17,0.00451883,0.504779,True,112.037
26,10091,2018-08-18,0.00463636,0.350448,True,53.9143
26,10092,2018-08-19,0.00465028,0.14944,True,20.78
26,10093,2018-08-20,0.00462669,0.0445261,True,7.63972
26,10094,2018-08-21,0.00461604,0.0302704,True,11.4819
26,10095,2018-08-22,0.00458245,0.0181047,True,2.86404
26,10096,2018-08-23,0.00454302,0.0175943,True,0.108891
26,10097,2018-08-24,0,0.00697301,False,0
26,10098,2018-08-25,0,0.00628618,False,0
26,10099,2018-08-26,0,0.00638613,False,0
26,10100,2018-08-27,0.000774647,0.010811,True,4.14897
26,10101,2018-08-28,0.00114228,0.0198782,True,8.3829
26,10102,2018-08-29,0.0013728,0.0182369,True,9.35132
26,10103,2018-08-30,0.00129477,0.0104465,True,0.137847
26,10104,2018-08-31,0.00153703,0.0215101,True,12.5763
27,10013,2018-06-01,0.000933289,0.0123963,True,0
27,10014,2018-06-02,0,0.00885907,False,0.634908
27,10015,2018-06-03,0.000393285,0.01359,True,3.17454
27,10016,2018-06-04,0.00048615,0.0154835,True,3.49199
27,10017,2018-06-05,0.000512565,0.0185875,True,2.22218
27,10018,2018-06-06,0.000537114,0.0173659,False,2.22218
27,10019,2018-06-07,0.000581771,0.0149391,False,3.33945
27,10020,2018-06-08,0.000692609,0.019371,True,7.97344
27,10021,2018-06-09,0.00091352,0.0368922,True,20.0173
27,10022,2018-06-10,0.00112227,0.0711439,True,26.3344
27,10023,2018-06-11,0.00123754,0.0722402,True,19.8276
27,10024,2018-06-12,0.00133683,0.0695303,True,20.2075
27,10025,2018-06-13,0.00132737,0.0260094,True,3.02199
27,10026,2018-06-14,0.00137062,0.0437294,True,12.3082
27,10027,2018-06-15,0.00136896,0.0348785,True,4.13926
27,10028,2018-06-16,0.00136274,0.0335199,True,3.02199
27,10029,2018-06-17,0.00146849,0.137773,True,26.5895
27,10030,2018-06-18,0.00144835,0.0324585,True,0
27,10031,2018-06-19,0.00145615,0.0429527,True,6.08108
27,10032,2018-06-20,0.00148266,0.0646958,True,10.5538
27,10033,2018-06-21,0.00147669,0.0384245,True,2.73219
27,10034,2018-06-22,0.00149829,0.067181,True,9.56071
27,10035,2018-06-23,0.00148824,0.0395095,True,1.43472
27,10036,2018-06-24,0.00147712,0.042273,True,0.952361
27,10037,2018-06-25,0.00146908,0.0504175,True,1.58727
27,10038,2018-06-26,0.00146513,0.0457678,True,2.53963
27,10039,2018-06-27,0.00145821,0.0329189,True,1.59963
27,10040,2018-06-28,0.00147654,0.0357072,True,8.57125
27,10041,2018-06-29,0.00147019,0.0267305,True,1.58727
27,10042,2018-06-30,0.00145989,0.0226818,True,0.317454
27,10043,2018-07-01,0,0.0115985,False,0.634908
27,10044,2018-07-02,0,0.0114885,False,0.952361
27,10045,2018-07-03,0.000639662,0.0228783,True,6.19653
27,10046,2018-07-04,0.000551414,0.0156866,True,0
27,10047,2018-07-05,0,0.0147836,False,0
27,10048,2018-07-06,0,0.0112572,False,0
27,10049,2018-07-07,0,0.0131291,False,0.317454
27,10050,2018-07-08,0.000326298,0.0142746,False,1.58727
27,10051,2018-07-09,0.000638632,0.0307562,True,6.99635
27,10052,2018-07-10,0.000906063,0.0382071,True,12.5068
27,10053,2018-07-11,0.00100496,0.0270635,True,8.54558
27,10054,2018-07-12,0.00123375,0.0485105,True,20.2556
27,10055,2018-07-13,0.00135091,0.0466273,True,15.2862
27,10056,2018-07-14,0.0013792,0.0274085,True,7.62709
27,10057,2018-07-15,0.00150133,0.0776558,True,19.1674
27,10058,2018-07-16,0.00159641,0.0789803,True,17.9683
27,10059,2018-07-17,0.00165279,0.0709462,True,13.7676
27,10060,2018-07-18,0.00166051,0.045543,True,6.554
27,10061,2018-07-19,0.00164713,0.0398502,True,2.85708
27,10062,2018-07-20,0.00165396,0.0508069,True,5.96204
27,10063,2018-07-21,0.00163514,0.0398347,True,1.26982
27,10064,2018-07-22,0.00161648,0.0413576,True,0.952361
27,10065,2018-07-23,0.0016047,0.0434472,True,1.90472
27,10066,2018-07-24,0.00160199,0.0377673,True,3.3671
27,10067,2018-07-25,0.00160924,0.0448782,True,5.14693
27,10068,2018-07-26,0.0016104,0.0408341,True,3.89159
27,10069,2018-07-27,0.00159755,0.0405447,True,0.952361
27,10070,2018-07-28,0,0.0191297,False,0.952361
27,10071,2018-07-29,0,0.0132354,False,0.952361
27,10072,2018-07-30,0,0.0121238,False,0.952361
27,10073,2018-07-31,0.00101415,0.0530139,True,18.1162
27,10074,2018-08-01,0.00091437,0.0187225,True,1.75218
27,10075,2018-08-02,0.000844815,0.0207176,True,0.317454
27,10076,2018-08-03,0,0.00967182,False,0
27,10077,2018-08-04,0,0.0113396,False,0.317454
27,10078,2018-08-05,0,0.0101499,False,0
27,10079,2018-08-06,0,0.0111933,False,0
27,10080,2018-08-07,0.000332595,0.0127881,False,1.75218
27,10081,2018-08-08,0.000929536,0.0559707,True,17.9794
27,10082,2018-08-09,0.00127465,0.0854503,True,25.4785
27,10083,2018-08-10,0.00154506,0.213634,True,31.0796
27,10084,2018-08-11,0.00156642,0.125537,True,10.3025
27,10085,2018-08-12,0.00150649,0.0429063,True,0
27,10086,2018-08-13,0.00155498,0.0945463,True,12.3427
27,10087,2018-08-14,0.00158906,0.0905468,True,10.7939
27,10088,2018-08-15,0.00215882,0.446074,True,107.629
27,10089,2018-08-16,0.00231647,0.389002,True,45.9532
27,10090,2018-08-17,0.00242086,0.418479,True,37.4329
27,10091,2018-08-18,0.00247632,0.367835,True,26.7078
27,10092,2018-08-19,0.00244857,0.0677325,True,3.96952
27,10093,2018-08-20,0.0024196,0.0566105,True,2.70454
27,10094,2018-08-21,0.00238857,0.060925,True,1.26982
27,10095,2018-08-22,0.00235583,0.0632113,True,0
27,10096,2018-08-23,0,0.0314254,False,0
27,10097,2018-08-24,0,0.0283402,False,0
27,10098,2018-08-25,0,0.027723,False,0
27,10099,2018-08-26,0,0.024884,False,0
27,10100,2018-08-27,0,0.0228794,False,0
27,10101,2018-08-28,0.000393075,0.0274999,False,1.58727
27,10102,2018-08-29,0.000359633,0.0267622,False,0.207036
27,10103,2018-08-30,0,0.0253699,False,0
27,10104,2018-08-31,0,0.0122914,False,0
28,10013,2018-06-01,0,0.0091415,False,0
28,10014,2018-06-02,0,0.0083112,False,0
28,10015,2018-06-03,0,0.00727263,False,0
28,10016,2018-06-04,0,0.0079334,False,0
28,10017,2018-06-05,0,0.00761613,False,0
28,10018,2018-06-06,0,0.00745925,False,0
28,10019,2018-06-07,0,0.00743401,False,0
28,10020,2018-06-08,0,0.00711438,False,0
28,10021,2018-06-09,0,0.00860409,False,0.220769
28,10022,2018-06-10,0.000244218,0.00917485,False,1.1061
28,10023,2018-06-11,0.000411971,0.0146641,False,3.29829
28,10024,2018-06-12,0.000385533,0.0142336,False,0.190107
28,10025,2018-06-13,0,0.0102849,False,0
28,10026,2018-06-14,0.00025738,0.00963123,False,1.2678
28,10027,2018-06-15,0.00022186,0.00886355,False,0
28,10028,2018-06-16,0,0.0079294,False,0
28,10029,2018-06-17,0,0.00757899,False,0
28,10030,2018-06-18,0,0.00702965,False,0
28,10031,2018-06-19,0,0.00700985,False,0
28,10032,2018-06-20,0,0.00761102,False,0.14718
28,10033,2018-06-21,0,0.0100008,False,0.633901
28,10034,2018-06-22,0,0.00818829,False,0
28,10035,2018-06-23,0,0.00776224,False,0
28,10036,2018-06-24,0,0.00761368,False,0
28,10037,2018-06-25,0,0.0106686,False,0
28,10038,2018-06-26,0,0.0111826,False,0
28,10039,2018-06-27,0,0.0114705,False,0
28,10040,2018-06-28,0,0.0101129,False,0
28,10041,2018-06-29,0,0.0100154,False,0
28,10042,2018-06-30,0,0.00809492,False,0
28,10043,2018-07-01,0,0.0109464,False,0.296001
28,10044,2018-07-02,0,0.00882472,False,0
28,10045,2018-07-03,0,0.00860103,False,0
28,10046,2018-07-04,0,0.00858122,False,0
28,10047,2018-07-05,0,0.00929782,False,0
28,10048,2018-07-06,0,0.011489,False,0
28,10049,2018-07-07,0,0.0113039,False,0
28,10050,2018-07-08,0,0.0108946,False,0
28,10051,2018-07-09,0,0.0103649,False,0
28,10052,2018-07-10,0,0.00737805,False,0
28,10053,2018-07-11,0,0.00972731,False,0.815874
28,10054,2018-07-12,0,0.0109374,False,0.756551
28,10055,2018-07-13,0,0.00874639,False,0.128782
28,10056,2018-07-14,0,0.00822251,False,0
28,10057,2018-07-15,0,0.0095216,False,0.168643
28,10058,2018-07-16,0.000388075,0.0200106,True,3.4618
28,10059,2018-07-17,0.000427542,0.0226793,True,2.27411
28,10060,2018-07-18,0.000412454,0.0298749,False,0.633901
28,10061,2018-07-19,0,0.00880273,False,0
28,10062,2018-07-20,0.000324996,0.0108398,False,2.27658
28,10063,2018-07-21,0.000280148,0.00941767,False,0
28,10064,2018-07-22,0,0.00821807,False,0
28,10065,2018-07-23,0,0.0078665,False,0
28,10066,2018-07-24,0,0.00933505,False,0.633901
28,10067,2018-07-25,0.000246609,0.0112653,False,1.2678
28,10068,2018-07-26,0.000261292,0.011729,False,0.670696
28,10069,2018-07-27,0,0.00779042,False,0
28,10070,2018-07-28,0,0.00738796,False,0
28,10071,2018-07-29,0,0.00720247,False,0
28,10072,2018-07-30,0,0.00705913,False,0
28,10073,2018-07-31,0,0.00704109,False,0
28,10074,2018-08-01,0,0.00709503,False,0
28,10075,2018-08-02,0,0.00709503,False,0
28,10076,2018-08-03,0,0.00709503,False,0
28,10077,2018-08-04,0,0.00695557,False,0
28,10078,2018-08-05,0,0.00743283,False,0
28,10079,2018-08-06,0,0.00911481,False,0
28,10080,2018-08-07,0,0.00706965,False,0
28,10081,2018-08-08,0,0.00618714,False,0
28,10082,2018-08-09,0.000626825,0.0245277,True,8.53507
28,10083,2018-08-10,0.000565269,0.0178416,True,0.83014
28,10084,2018-08-11,0.00062933,0.0143125,True,4.60288
28,10085,2018-08-12,0.000591726,0.0130396,True,0
28,10086,2018-08-13,0,0.0125449,False,0.701358
28,10087,2018-08-14,0,0.00947887,False,0.300492
28,10088,2018-08-15,0.000796826,0.0345056,True,12.6747
28,10089,2018-08-16,0.000893317,0.0240786,True,9.09651
28,10090,2018-08-17,0.000855546,0.0171583,True,2.04575
28,10091,2018-08-18,0.000846748,0.0165132,True,2.65145
28,10092,2018-08-19,0.000843915,0.0190347,True,2.5356
28,10093,2018-08-20,0.000811604,0.015878,True,0
28,10094,2018-08-21,0,0.0079994,False,0
28,10095,2018-08-22,0,0.00767439,False,0
28,10096,2018-08-23,0,0.00721887,False,0
28,10097,2018-08-24,0,0.00720559,False,0
28,10098,2018-08-25,0,0.00669793,False,0
28,10099,2018-08-26,0,0.00669793,False,0
28,10100,2018-08-27,0,0.00666416,False,0
28,10101,2018-08-28,0,0.00643567,False,0
28,10102,2018-08-29,0,0.00640719,False,0
28,10103,2018-08-30,0,0.00616893,False,0
28,10104,2018-08-31,0,0.00616965,False,0
36,10013,2018-06-01,0.00346855,0.0355695,True,8.71999
36,10014,2018-06-02,0.00344713,0.0303364,True,4.12894
36,10015,2018-06-03,0.00377385,0.141831,True,45.588
36,10016,2018-06-04,0.00409326,0.308938,True,50.683
36,10017,2018-06-05,0.00412748,0.131046,True,13.1669
36,10018,2018-06-06,0.00415261,0.0666248,True,11.8157
36,10019,2018-06-07,0.00418971,0.0431933,True,13.6668
36,10020,2018-06-08,0.00426591,0.0481804,True,20.1865
36,10021,2018-06-09,0.00430781,0.0384349,True,14.9019
36,10022,2018-06-10,0.00432663,0.0352889,True,11.0198
36,10023,2018-06-11,0.00441316,0.0637087,True,23.2266
36,10024,2018-06-12,0.00441854,0.0295212,True,8.7187
36,10025,2018-06-13,0.00438111,0.0209795,True,0.472643
36,10026,2018-06-14,0.00456831,0.10546,True,43.9413
36,10027,2018-06-15,0.0046555,0.184517,True,25.6871
36,10028,2018-06-16,0.00462018,0.0556858,True,0.419981
36,10029,2018-06-17,0.00461633,0.0352173,True,6.76237
36,10030,2018-06-18,0.00458372,0.0298708,True,0.389689
36,10031,2018-06-19,0.00456316,0.032154,True,2.70088
36,10032,2018-06-20,0.0048747,0.192127,True,78.0534
36,10033,2018-06-21,0.00506774,0.260147,True,55.0789
36,10034,2018-06-22,0.00516852,0.218569,True,34.148
36,10035,2018-06-23,0.00516477,0.057908,True,7.57947
36,10036,2018-06-24,0.00514294,0.0223552,True,2.63237
36,10037,2018-06-25,0.00512052,0.0254552,True,2.22666
36,10038,2018-06-26,0.0051714,0.0472061,True,21.7781
36,10039,2018-06-27,0.00522166,0.0519912,True,21.9581
36,10040,2018-06-28,0.00524505,0.0371,True,14.6879
36,10041,2018-06-29,0.00524594,0.020273,True,8.30227
36,10042,2018-06-30,0.00526702,0.0239861,True,14.0494
36,10043,2018-07-01,0.00524213,0.0139784,True,0.61326
36,10044,2018-07-02,0.00530727,0.037234,True,27.0623
36,10045,2018-07-03,0.00528969,0.0184547,True,2.51547
36,10046,2018-07-04,0.00526683,0.0175635,True,0.729917
36,10047,2018-07-05,0,0.00644558,False,0.13995
36,10048,2018-07-06,0.00067877,0.00889255,False,1.22407
36,10049,2018-07-07,0.000890577,0.00950136,False,1.68256
36,10050,2018-07-08,0.00219839,0.0264876,True,19.4598
36,10051,2018-07-09,0.0034245,0.0542273,True,40.9938
36,10052,2018-07-10,0.0045408,0.158391,True,61.8533
36,10053,2018-07-11,0.00491985,0.109893,True,34.9413
36,10054,2018-07-12,0.00554052,0.142458,True,59.0114
36,10055,2018-07-13,0.0054908,0.0369505,True,8.99592
36,10056,2018-07-14,0.00544797,0.0224115,True,8.29954
36,10057,2018-07-15,0.00576031,0.0560058,True,41.528
36,10058,2018-07-16,0.00679636,0.175085,True,130.325
36,10059,2018-07-17,0.00685502,0.172638,True,23.5898
36,10060,2018-07-18,0.00711092,0.140048,True,50.8136
36,10061,2018-07-19,0.00720403,0.134316,True,29.6605
36,10062,2018-07-20,0.00729307,0.155307,True,29.4446
36,10063,2018-07-21,0.00721572,0.0191908,True,3.45585
36,10064,2018-07-22,0.00715901,0.0140582,True,5.68952
36,10065,2018-07-23,0.00716835,0.0224973,True,15.5903
36,10066,2018-07-24,0.00727115,0.0371305,True,31.0436
36,10067,2018-07-25,0.00724677,0.0330989,True,9.42964
36,10068,2018-07-26,0.00719298,0.0123845,True,3.69682
36,10069,2018-07-27,0.00714588,0.0125616,True,4.22591
36,10070,2018-07-28,0.00708135,0.0120943,True,0.493971
36,10071,2018-07-29,0,0.00680114,False,0.631529
36,10072,2018-07-30,0.00146932,0.00857981,True,4.66909
36,10073,2018-07-31,0.00581411,0.172813,True,103.694
36,10074,2018-08-01,0.00590345,0.129245,True,25.3663
36,10075,2018-08-02,0.00591344,0.0757387,True,18.6172
36,10076,2018-08-03,0.00580313,0.0121817,True,9.32578
36,10077,2018-08-04,0.00569307,0.01046,True,6.72672
36,10078,2018-08-05,0.00557477,0.00965316,True,4.17952
36,10079,2018-08-06,0.0055015,0.0127265,True,5.52323
36,10080,2018-08-07,0.00538573,0.0137067,True,1.41908
36,10081,2018-08-08,0.00566692,0.0426792,True,29.4165
36,10082,2018-08-09,0.00632593,0.209069,True,64.6874
36,10083,2018-08-10,0.00641997,0.10076,True,19.5227
36,10084,2018-08-11,0.00650942,0.0731354,True,19.3578
36,10085,2018-08-12,0.00646809,0.0159017,True,6.14834
36,10086,2018-08-13,0.00650073,0.0251277,True,13.2839
36,10087,2018-08-14,0.00642011,0.0133301,True,0.868797
36,10088,2018-08-15,0.00716012,0.203082,True,95.6853
36,10089,2018-08-16,0.00782912,0.267281,True,100.32
36,10090,2018-08-17,0.0080626,0.230953,True,46.7887
36,10091,2018-08-18,0.00830798,0.230152,True,50.9452
36,10092,2018-08-19,0.0083999,0.164215,True,28.4059
36,10093,2018-08-20,0.00838832,0.0666898,True,11.6623
36,10094,2018-08-21,0.00835829,0.0177305,True,8.15332
36,10095,2018-08-22,0.00832589,0.0175544,True,7.26291
36,10096,2018-08-23,0.00825586,0.0152919,True,0.325417
36,10097,2018-08-24,0,0.00900379,False,0
36,10098,2018-08-25,0,0.0075031,False,0
36,10099,2018-08-26,0,0.00667418,False,0
36,10100,2018-08-27,0.00104246,0.00768163,False,2.24334
36,10101,2018-08-28,0.00314582,0.0358737,True,27.4319
36,10102,2018-08-29,0.00347348,0.023667,True,13.8617
36,10103,2018-08-30,0.00328029,0.0126705,True,0.380563
36,10104,2018-08-31,0,0.00999816,False,0.830603
37,10013,2018-06-01,0.00242882,0.0229185,True,0.695284
37,10014,2018-06-02,0.0024192,0.0310072,True,4.94029
37,10015,2018-06-03,0.00259025,0.085336,True,32.0212
37,10016,2018-06-04,0.00272374,0.113267,True,28.9521
37,10017,2018-06-05,0.00279703,0.125041,True,20.2017
37,10018,2018-06-06,0.00278529,0.0228704,True,4.94199
37,10019,2018-06-07,0.00290037,0.0782504,True,29.4106
37,10020,2018-06-08,0.00301006,0.137162,True,30.1904
37,10021,2018-06-09,0.00302421,0.0680597,True,10.6318
37,10022,2018-06-10,0.00307845,0.0594857,True,19.7042
37,10023,2018-06-11,0.00321854,0.100731,True,41.0809
37,10024,2018-06-12,0.00325975,0.102922,True,18.3553
37,10025,2018-06-13,0.00323597,0.0265253,True,1.80529
37,10026,2018-06-14,0.00337464,0.0971592,True,44.8413
37,10027,2018-06-15,0.0033924,0.0896998,True,13.1129
37,10028,2018-06-16,0.00337372,0.0394969,True,2.72843
37,10029,2018-06-17,0.0034007,0.0517145,True,15.6125
37,10030,2018-06-18,0.00337881,0.0240618,True,1.30032
37,10031,2018-06-19,0.00338838,0.0364218,True,10.3614
37,10032,2018-06-20,0.00353381,0.100942,True,52.6133
37,10033,2018-06-21,0.00369245,0.257604,True,60.3126
37,10034,2018-06-22,0.00372454,0.123503,True,19.57
37,10035,2018-06-23,0.00373672,0.0527261,True,12.8045
37,10036,2018-06-24,0.00371786,0.0177131,True,1.72957
37,10037,2018-06-25,0.00371015,0.0201109,True,5.44436
37,10038,2018-06-26,0.00375139,0.0430542,True,23.1006
37,10039,2018-06-27,0.00378691,0.0398734,True,21.3761
37,10040,2018-06-28,0.00381956,0.0411927,True,20.6019
37,10041,2018-06-29,0.00383276,0.0243193,True,13.2949
37,10042,2018-06-30,0.00381627,0.012589,True,1.63237
37,10043,2018-07-01,0.00381035,0.0145381,True,5.58046
37,10044,2018-07-02,0.00380078,0.016207,True,3.97568
37,10045,2018-07-03,0.00382364,0.0223579,True,16.8817
37,10046,2018-07-04,0.00380492,0.0131699,True,0
37,10047,2018-07-05,0,0.00529728,False,0
37,10048,2018-07-06,0.00085457,0.00985409,True,3.84307
37,10049,2018-07-07,0.000806547,0.0102157,False,0.788002
37,10050,2018-07-08,0.0014398,0.0181172,True,13.6365
37,10051,2018-07-09,0.00202987,0.0298389,True,23.8237
37,10052,2018-07-10,0.00316199,0.113787,True,73.7785
37,10053,2018-07-11,0.00346422,0.124729,True,35.7369
37,10054,2018-07-12,0.00377733,0.110906,True,42.4065
37,10055,2018-07-13,0.00381515,0.0449752,True,16.0434
37,10056,2018-07-14,0.00388974,0.0335575,True,20.2233
37,10057,2018-07-15,0.00423976,0.0995504,True,57.947
37,10058,2018-07-16,0.004964,0.145364,True,128.21
37,10059,2018-07-17,0.00499398,0.134306,True,21.706
37,10060,2018-07-18,0.00517022,0.110661,True,49.4865
37,10061,2018-07-19,0.00516632,0.0524624,True,15.4114
37,10062,2018-07-20,0.0052619,0.0702603,True,35.576
37,10063,2018-07-21,0.00519611,0.0117303,True,1.31053
37,10064,2018-07-22,0.00514671,0.00981964,True,3.77959
37,10065,2018-07-23,0.00513752,0.0160657,True,11.8182
37,10066,2018-07-24,0.00519075,0.0304948,True,25.6606
37,10067,2018-07-25,0.00522409,0.0332923,True,21.218
37,10068,2018-07-26,0.00522192,0.0187387,True,12.5697
37,10069,2018-07-27,0.0051809,0.00851307,True,2.5903
37,10070,2018-07-28,0.00513689,0.00984475,True,1.20824
37,10071,2018-07-29,0.00510328,0.0102868,True,3.21882
37,10072,2018-07-30,0.00507463,0.0121579,True,3.96712
37,10073,2018-07-31,0.00531538,0.124962,True,74.9916
37,10074,2018-08-01,0.00540962,0.183178,True,38.1471
37,10075,2018-08-02,0.00540194,0.0528762,True,9.74095
37,10076,2018-08-03,0.00538567,0.0146579,True,6.9463
37,10077,2018-08-04,0.00536608,0.012871,True,5.62117
37,10078,2018-08-05,0.0053322,0.0102591,True,1.0344
37,10079,2018-08-06,0.00532896,0.0223881,True,9.77494
37,10080,2018-08-07,0.00530479,0.0136823,True,3.22188
37,10081,2018-08-08,0.00543884,0.0726552,True,51.8977
37,10082,2018-08-09,0.00558987,0.204903,True,59.4985
37,10083,2018-08-10,0.00566332,0.146939,True,35.6671
37,10084,2018-08-11,0.00571353,0.123891,True,28.4213
37,10085,2018-08-12,0.00568777,0.0155536,True,2.29265
37,10086,2018-08-13,0.00568944,0.0209023,True,11.5654
37,10087,2018-08-14,0.00567847,0.0165196,True,6.94208
37,10088,2018-08-15,0.00592208,0.152462,True,99.8513
37,10089,2018-08-16,0.00616958,0.246896,True,107.234
37,10090,2018-08-17,0.00634912,0.265728,True,85.1712
37,10091,2018-08-18,0.0064502,0.248931,True,55.3291
37,10092,2018-08-19,0.00646465,0.0999243,True,19.327
37,10093,2018-08-20,0.00645333,0.029551,True,8.13688
37,10094,2018-08-21,0.00644209,0.0173292,True,7.93526
37,10095,2018-08-22,0.00643392,0.0247645,True,9.04337
37,10096,2018-08-23,0.00640633,0.0148687,True,0.262171
37,10097,2018-08-24,0,0.00761524,False,0
37,10098,2018-08-25,0,0.00581457,False,0
37,10099,2018-08-26,0,0.00543448,False,0
37,10100,2018-08-27,0.000563416,0.00653741,False,1.20127
37,10101,2018-08-28,0.0016992,0.0168726,True,14.6381
37,10102,2018-08-29,0.00195027,0.0125071,True,9.32207
37,10103,2018-08-30,0.00185242,0.00937114,True,0.527169
37,10104,2018-08-31,0,0.00702135,False,0.102194
38,10013,2018-06-01,0.00153338,0.0339002,True,0.633337
38,10014,2018-06-02,0.0015145,0.0363124,True,4.31103
38,10015,2018-06-03,0.00160095,0.152795,True,35.2538
38,10016,2018-06-04,0.00161669,0.0844117,True,14.6726
38,10017,2018-06-05,0.00162422,0.0795637,True,11.8457
38,10018,2018-06-06,0.00160018,0.0330962,True,0.526171
38,10019,2018-06-07,0.00165098,0.0937998,True,26.9095
38,10020,2018-06-08,0.00175752,0.225014,True,50.6739
38,10021,2018-06-09,0.00183023,0.236021,True,40.5864
38,10022,2018-06-10,0.00201923,0.374259,True,99.43
38,10023,2018-06-11,0.00243915,0.547076,True,249.905
38,10024,2018-06-12,0.00257196,0.589958,True,104.113
38,10025,2018-06-13,0.00263854,0.517024,True,64.8888
38,10026,2018-06-14,0.00268481,0.38628,True,52.6029
38,10027,2018-06-15,0.00266978,0.107175,True,7.72311
38,10028,2018-06-16,0.00265583,0.060829,True,7.73158
38,10029,2018-06-17,0.00269276,0.17012,True,46.393
38,10030,2018-06-18,0.00267062,0.0543319,True,0.271969
38,10031,2018-06-19,0.00266455,0.0837942,True,12.2761
38,10032,2018-06-20,0.00270367,0.13626,True,48.7883
38,10033,2018-06-21,0.00273704,0.249287,True,45.0662
38,10034,2018-06-22,0.0027348,0.104608,True,15.0541
38,10035,2018-06-23,0.0027242,0.036236,True,7.38938
38,10036,2018-06-24,0.00272807,0.0445641,True,19.6405
38,10037,2018-06-25,0.0027126,0.0292899,True,2.14644
38,10038,2018-06-26,0.00273852,0.0913342,True,39.0607
38,10039,2018-06-27,0.00274265,0.0522856,True,19.3943
38,10040,2018-06-28,0.00274981,0.0730487,True,22.1024
38,10041,2018-06-29,0.00275831,0.0531059,True,23.3184
38,10042,2018-06-30,0.00274428,0.0180473,True,1.58636
38,10043,2018-07-01,0.00276479,0.0596551,True,34.719
38,10044,2018-07-02,0.0027681,0.0355048,True,18.0122
38,10045,2018-07-03,0.00277987,0.0611142,True,26.388
38,10046,2018-07-04,0.0027656,0.0175748,True,0
38,10047,2018-07-05,0,0.00516776,False,0
38,10048,2018-07-06,0,0.00450714,False,0.700648
38,10049,2018-07-07,0,0.00499582,False,0.537599
38,10050,2018-07-08,0.000966362,0.0181404,True,9.5883
38,10051,2018-07-09,0.00186174,0.0402406,True,40.6664
38,10052,2018-07-10,0.00265769,0.155431,True,74.9361
38,10053,2018-07-11,0.0032945,0.152866,True,96.197
38,10054,2018-07-12,0.00352244,0.183289,True,59.067
38,10055,2018-07-13,0.00379487,0.150746,True,74.0188
38,10056,2018-07-14,0.00387306,0.109296,True,41.251
38,10057,2018-07-15,0.00396952,0.104364,True,45.8763
38,10058,2018-07-16,0.00452597,0.182892,True,168.356
38,10059,2018-07-17,0.00466431,0.275077,True,70.0298
38,10060,2018-07-18,0.00479907,0.207158,True,72.1925
38,10061,2018-07-19,0.00478962,0.0735006,True,26.2386
38,10062,2018-07-20,0.00489999,0.166125,True,66.85
38,10063,2018-07-21,0.00484406,0.0361025,True,7.59213
38,10064,2018-07-22,0.0048068,0.0375468,True,12.4176
38,10065,2018-07-23,0.00477596,0.0199145,True,13.207
38,10066,2018-07-24,0.00478608,0.0324156,True,27.7549
38,10067,2018-07-25,0.00490123,0.162142,True,69.9492
38,10068,2018-07-26,0.00500487,0.168454,True,67.7548
38,10069,2018-07-27,0.00497209,0.0426625,True,9.467
38,10070,2018-07-28,0.00492359,0.0146219,True,1.31123
38,10071,2018-07-29,0.00494803,0.0396455,True,32.9361
38,10072,2018-07-30,0.00497918,0.0685502,True,36.0161
38,10073,2018-07-31,0.0049904,0.0555494,True,26.624
38,10074,2018-08-01,0.00497582,0.0305578,True,13.8293
38,10075,2018-08-02,0.00494314,0.0108784,True,4.27454
38,10076,2018-08-03,0.00491101,0.0110711,True,3.69554
38,10077,2018-08-04,0.00488529,0.0149896,True,6.08293
38,10078,2018-08-05,0.00485876,0.011598,True,4.97842
38,10079,2018-08-06,0.00483519,0.0218555,True,5.79994
38,10080,2018-08-07,0.00483472,0.0320266,True,17.0751
38,10081,2018-08-08,0.00500765,0.207072,True,109.176
38,10082,2018-08-09,0.00534906,0.305186,True,212.795
38,10083,2018-08-10,0.00552774,0.40806,True,129.142
38,10084,2018-08-11,0.00554551,0.207414,True,32.5005
38,10085,2018-08-12,0.00552036,0.0246024,True,5.10486
38,10086,2018-08-13,0.00556162,0.0942956,True,47.2276
38,10087,2018-08-14,0.00564394,0.199502,True,75.0104
38,10088,2018-08-15,0.00594735,0.304792,True,231.276
38,10089,2018-08-16,0.00631222,0.511595,True,294.691
38,10090,2018-08-17,0.00649475,0.511967,True,169.671
38,10091,2018-08-18,0.00657567,0.399353,True,92.7976
38,10092,2018-08-19,0.00658969,0.204776,True,38.8061
38,10093,2018-08-20,0.00663602,0.167234,True,65.9839
38,10094,2018-08-21,0.00662186,0.0523622,True,14.9007
38,10095,2018-08-22,0.00659503,0.0157297,True,3.49959
38,10096,2018-08-23,0.00657016,0.0127892,True,4.52764
38,10097,2018-08-24,0.00654078,0.0110349,True,0
38,10098,2018-08-25,0,0.00514335,False,0
38,10099,2018-08-26,0,0.00381138,False,0
38,10100,2018-08-27,0.00058222,0.00432279,False,2.29893
38,10101,2018-08-28,0.00101358,0.0114741,True,7.47351
38,10102,2018-08-29,0.00156193,0.018764,True,18.7063
38,10103,2018-08-30,0.00147357,0.00714341,True,0.195536
38,10104,2018-08-31,0.00143926,0.00798614,True,1.46543
39,10013,2018-06-01,0.00116402,0.0350002,True,0
39,10014,2018-06-02,0,0.0247825,False,0
39,10015,2018-06-03,0.000816244,0.0746477,True,19.4544
39,10016,2018-06-04,0.000820194,0.0383686,True,7.21787
39,10017,2018-06-05,0.000892518,0.0482193,True,11.2829
39,10018,2018-06-06,0.000839201,0.0230923,True,0
39,10019,2018-06-07,0.000960632,0.0511687,True,17.3618
39,10020,2018-06-08,0.00118377,0.0983152,True,36.8557
39,10021,2018-06-09,0.00135976,0.219056,True,39.0825
39,10022,2018-06-10,0.00172668,0.35097,True,96.5019
39,10023,2018-06-11,0.00225059,0.488867,True,186.501
39,10024,2018-06-12,0.00242833,0.537753,True,93.3443
39,10025,2018-06-13,0.00247693,0.437569,True,43.8673
39,10026,2018-06-14,0.00251356,0.264058,True,39.1857
39,10027,2018-06-15,0.00248228,0.0625427,True,5.61434
39,10028,2018-06-16,0.00245248,0.0283891,True,4.64866
39,10029,2018-06-17,0.00247219,0.106695,True,28.8715
39,10030,2018-06-18,0.00243832,0.0381877,True,0
39,10031,2018-06-19,0.00243214,0.0494631,True,13.6873
39,10032,2018-06-20,0.00244829,0.0645324,True,25.4918
39,10033,2018-06-21,0.00246985,0.128894,True,28.6376
39,10034,2018-06-22,0.00246202,0.0650293,True,11.2987
39,10035,2018-06-23,0.00244615,0.0302403,True,5.81651
39,10036,2018-06-24,0.00244533,0.0351238,True,14.3074
39,10037,2018-06-25,0.00242297,0.0203233,True,0.474353
39,10038,2018-06-26,0.00243804,0.0431813,True,23.3893
39,10039,2018-06-27,0.00243322,0.0342279,True,10.5492
39,10040,2018-06-28,0.00243777,0.0346058,True,16.3174
39,10041,2018-06-29,0.00244237,0.0340497,True,16.1714
39,10042,2018-06-30,0.00242522,0.0164316,True,1.19131
39,10043,2018-07-01,0.00243594,0.0288826,True,19.828
39,10044,2018-07-02,0.00243445,0.0262933,True,11.2553
39,10045,2018-07-03,0.00244683,0.0301261,True,20.8992
39,10046,2018-07-04,0.00243028,0.0166549,True,0
39,10047,2018-07-05,0,0.00684114,False,0
39,10048,2018-07-06,0,0.0060564,False,0
39,10049,2018-07-07,0,0.00659907,False,0.808674
39,10050,2018-07-08,0.00108267,0.020931,True,16.5502
39,10051,2018-07-09,0.00169812,0.0476918,True,40.2363
39,10052,2018-07-10,0.00220813,0.140722,True,59.8959
39,10053,2018-07-11,0.00263048,0.16554,True,73.3608
39,10054,2018-07-12,0.00281809,0.158908,True,51.6729
39,10055,2018-07-13,0.00304173,0.17208,True,64.9412
39,10056,2018-07-14,0.00312225,0.139607,True,39.7511
39,10057,2018-07-15,0.00316205,0.134143,True,30.7374
39,10058,2018-07-16,0.00355279,0.242189,True,128.12
39,10059,2018-07-17,0.00365386,0.273885,True,55.5874
39,10060,2018-07-18,0.00375861,0.248088,True,59.23
39,10061,2018-07-19,0.00375338,0.113515,True,22.3982
39,10062,2018-07-20,0.00385629,0.197096,True,61.3168
39,10063,2018-07-21,0.00382704,0.0718958,True,12.0325
39,10064,2018-07-22,0.003799,0.0496581,True,10.9861
39,10065,2018-07-23,0.00377656,0.0276907,True,11.8865
39,10066,2018-07-24,0.00379122,0.0519047,True,26.1051
39,10067,2018-07-25,0.00390514,0.180258,True,68.9754
39,10068,2018-07-26,0.00397589,0.196158,True,52.378
39,10069,2018-07-27,0.00395434,0.0593021,True,10.1508
39,10070,2018-07-28,0.00391488,0.0181242,True,0.71153
39,10071,2018-07-29,0.00393647,0.0521273,True,29.05
39,10072,2018-07-30,0.00394786,0.0714587,True,23.982
39,10073,2018-07-31,0.0039381,0.0317426,True,13.0561
39,10074,2018-08-01,0.00392048,0.016949,True,8.45486
39,10075,2018-08-02,0.00389382,0.0139685,True,3.11042
39,10076,2018-08-03,0.00386517,0.0157988,True,1.35304
39,10077,2018-08-04,0.00384069,0.0152055,True,2.84612
39,10078,2018-08-05,0.00381739,0.0153618,True,2.84612
39,10079,2018-08-06,0.00379518,0.0167013,True,2.84612
39,10080,2018-08-07,0.00379455,0.0433568,True,13.9994
39,10081,2018-08-08,0.00390796,0.232945,True,77.5811
39,10082,2018-08-09,0.00422788,0.391824,True,207.238
39,10083,2018-08-10,0.00434975,0.452308,True,95.6477
39,10084,2018-08-11,0.00437488,0.333491,True,34.464
39,10085,2018-08-12,0.00435797,0.0466679,True,6.26198
39,10086,2018-08-13,0.00440361,0.130684,True,48.525
39,10087,2018-08-14,0.00449717,0.243965,True,83.3356
39,10088,2018-08-15,0.00472618,0.431218,True,187.561
39,10089,2018-08-16,0.00500566,0.564787,True,241.341
39,10090,2018-08-17,0.0051325,0.534308,True,128.011
39,10091,2018-08-18,0.00518846,0.452468,True,70.8565
39,10092,2018-08-19,0.00520155,0.200908,True,34.2327
39,10093,2018-08-20,0.00522591,0.151724,True,44.2608
39,10094,2018-08-21,0.0052135,0.0446275,True,11.2987
39,10095,2018-08-22,0.00519159,0.0135113,True,2.22631
39,10096,2018-08-23,0.00517213,0.0141688,True,3.8974
39,10097,2018-08-24,0.00514896,0.0156463,True,0
39,10098,2018-08-25,0,0.00912098,False,0
39,10099,2018-08-26,0,0.00736051,False,0
39,10100,2018-08-27,0.000367527,0.00713402,False,1.13845
39,10101,2018-08-28,0.000856792,0.0145817,True,7.68731
39,10102,2018-08-29,0.00118851,0.0198828,True,11.8805
39,10103,2018-08-30,0.00111753,0.00887159,True,0
39,10104,2018-08-31,0,0.00771353,False,0
40,10013,2018-06-01,0,0.00747992,False,0
40,10014,2018-06-02,0,0.0075964,False,0
40,10015,2018-06-03,0,0.00626678,False,0
40,10016,2018-06-04,0,0.00640657,False,0
40,10017,2018-06-05,0,0.00613993,False,0
40,10018,2018-06-06,0,0.00610498,False,0
40,10019,2018-06-07,0,0.0060756,False,0
40,10020,2018-06-08,0,0.00543646,False,0
40,10021,2018-06-09,0,0.00544475,False,0
40,10022,2018-06-10,0,0.00677832,False,0.358297
40,10023,2018-06-11,0.000238395,0.00789435,False,1.79149
40,10024,2018-06-12,0.000205495,0.00624398,False,0
40,10025,2018-06-13,0,0.00561433,False,0
40,10026,2018-06-14,0,0.00713552,False,0.716594
40,10027,2018-06-15,0,0.00640546,False,0
40,10028,2018-06-16,0,0.0060142,False,0
40,10029,2018-06-17,0.000268554,0.010059,True,2.52603
40,10030,2018-06-18,0.000231493,0.00810504,False,0
40,10031,2018-06-19,0,0.00638298,False,0
40,10032,2018-06-20,0,0.00629731,False,0
40,10033,2018-06-21,0,0.00884456,False,0.358297
40,10034,2018-06-22,0,0.00779465,False,0
40,10035,2018-06-23,0,0.00696506,False,0
40,10036,2018-06-24,0,0.00690717,False,0
40,10037,2018-06-25,0,0.00968797,False,0
40,10038,2018-06-26,0,0.0100188,False,0
40,10039,2018-06-27,0,0.0102728,False,0
40,10040,2018-06-28,0,0.00891712,False,0
40,10041,2018-06-29,0,0.00903174,False,0
40,10042,2018-06-30,0,0.00722869,False,0
40,10043,2018-07-01,0,0.00722869,False,0
40,10044,2018-07-02,0.000215586,0.0112263,False,1.88534
40,10045,2018-07-03,0.000212752,0.013605,False,0.60517
40,10046,2018-07-04,0,0.00856775,False,0
40,10047,2018-07-05,0,0.00836751,False,0
40,10048,2018-07-06,0,0.0100125,False,0
40,10049,2018-07-07,0,0.00985217,False,0
40,10050,2018-07-08,0,0.00949053,False,0
40,10051,2018-07-09,0,0.00941385,False,0
40,10052,2018-07-10,0,0.00666745,False,0
40,10053,2018-07-11,0,0.0089112,False,0.429957
40,10054,2018-07-12,0,0.0101967,False,0.358297
40,10055,2018-07-13,0,0.00750413,False,0
40,10056,2018-07-14,0,0.00615955,False,0
40,10057,2018-07-15,0,0.00829151,False,0.505206
40,10058,2018-07-16,0.00029702,0.0160616,True,3.61749
40,10059,2018-07-17,0.000339389,0.0203087,True,2.84379
40,10060,2018-07-18,0.000319421,0.0219771,False,0.358297
40,10061,2018-07-19,0,0.0082414,False,0
40,10062,2018-07-20,0.000232531,0.00958146,False,2.10966
40,10063,2018-07-21,0.00020044,0.00823029,False,0
40,10064,2018-07-22,0,0.00704709,False,0
40,10065,2018-07-23,0,0.00664682,False,0
40,10066,2018-07-24,0,0.00812382,False,0.358297
40,10067,2018-07-25,0,0.00919714,False,0.716594
40,10068,2018-07-26,0,0.00903014,False,0.358297
40,10069,2018-07-27,0,0.0070183,False,0
40,10070,2018-07-28,0,0.0062128,False,0
40,10071,2018-07-29,0,0.00614208,False,0
40,10072,2018-07-30,0,0.00601625,False,0
40,10073,2018-07-31,0,0.00603281,False,0
40,10074,2018-08-01,0,0.00594611,False,0
40,10075,2018-08-02,0,0.00594611,False,0
40,10076,2018-08-03,0,0.00594611,False,0
40,10077,2018-08-04,0,0.00582391,False,0
40,10078,2018-08-05,0,0.00619855,False,0
40,10079,2018-08-06,0,0.00752439,False,0
40,10080,2018-08-07,0,0.0058722,False,0
40,10081,2018-08-08,0,0.00515762,False,0
40,10082,2018-08-09,0.000369776,0.0150671,True,5.44978
40,10083,2018-08-10,0.000328766,0.0149558,True,0.358297
40,10084,2018-08-11,0.000358846,0.017028,False,2.50808
40,10085,2018-08-12,0.000337398,0.00857477,False,0
40,10086,2018-08-13,0,0.00746555,False,0.358297
40,10087,2018-08-14,0,0.00648914,False,0
40,10088,2018-08-15,0.000589468,0.0267363,True,13.4346
40,10089,2018-08-16,0.00070665,0.0298657,True,13.0543
40,10090,2018-08-17,0.000680526,0.0131463,True,2.82145
40,10091,2018-08-18,0.000669598,0.0134944,True,2.87306
40,10092,2018-08-19,0.000652005,0.0155476,True,1.43319
40,10093,2018-08-20,0.000627037,0.0123784,True,0
40,10094,2018-08-21,0,0.00665928,False,0
40,10095,2018-08-22,0,0.00622896,False,0
40,10096,2018-08-23,0,0.00583324,False,0
40,10097,2018-08-24,0,0.00558438,False,0
40,10098,2018-08-25,0,0.00530192,False,0
40,10099,2018-08-26,0,0.00530192,False,0
40,10100,2018-08-27,0,0.00527548,False,0
40,10101,2018-08-28,0,0.00505163,False,0
40,10102,2018-08-29,0,0.00514431,False,0
40,10103,2018-08-30,0,0.00508041,False,0
40,10104,2018-08-31,0,0.00512004,False,0
49,10013,2018-06-01,0.00558872,0.0926398,True,15
49,10014,2018-06-02,0.00549783,0.0184477,True,4
49,10015,2018-06-03,0.00602882,0.270079,True,84.2
49,10016,2018-06-04,0.00673838,0.336536,True,125
49,10017,2018-06-05,0.00700474,0.398533,True,65
49,10018,2018-06-06,0.00689513,0.0540774,True,0
49,10019,2018-06-07,0.00724664,0.278829,True,85
49,10020,2018-06-08,0.00746952,0.334232,True,65
49,10021,2018-06-09,0.00748037,0.192998,True,22.5
49,10022,2018-06-10,0.00778701,0.335036,True,88
49,10023,2018-06-11,0.00805019,0.398143,True,83.2
49,10024,2018-06-12,0.00805229,0.191663,True,22
49,10025,2018-06-13,0.00802893,0.105949,True,15
49,10026,2018-06-14,0.00830274,0.292275,True,92
49,10027,2018-06-15,0.00847301,0.349435,True,68
49,10028,2018-06-16,0.00839673,0.0699969,True,0
49,10029,2018-06-17,0.00840151,0.102406,True,22
49,10030,2018-06-18,0.00833178,0.0242822,True,0
49,10031,2018-06-19,0.00849567,0.169007,True,68
49,10032,2018-06-20,0.00871661,0.192708,True,88
49,10033,2018-06-21,0.00885671,0.2192,True,65.4
49,10034,2018-06-22,0.00896996,0.219828,True,58.2
49,10035,2018-06-23,0.00897607,0.0809308,True,23
49,10036,2018-06-24,0.00891575,0.0224451,True,0
49,10037,2018-06-25,0.00888683,0.0174195,True,10
49,10038,2018-06-26,0.00900807,0.0778019,True,62
49,10039,2018-06-27,0.0090312,0.141351,True,28
49,10040,2018-06-28,0.0090276,0.0658752,True,18.2
49,10041,2018-06-29,0.00901075,0.021709,True,13
49,10042,2018-06-30,0.00895986,0.00745218,True,0
49,10043,2018-07-01,0,0.00360739,False,0
49,10044,2018-07-02,0.00357517,0.00869326,True,23
49,10045,2018-07-03,0.00308319,0.00402242,True,0
49,10046,2018-07-04,0.00294392,0.00490614,True,2
49,10047,2018-07-05,0.0027684,0.00424395,True,0
49,10048,2018-07-06,0.00350923,0.0103007,True,20
49,10049,2018-07-07,0.00337522,0.00603962,True,0
49,10050,2018-07-08,0.00423609,0.0205574,True,32
49,10051,2018-07-09,0.00614055,0.13126,True,99
49,10052,2018-07-10,0.00743349,0.103404,True,99.4
49,10053,2018-07-11,0.00875838,0.143029,True,130
49,10054,2018-07-12,0.0088635,0.144141,True,28
49,10055,2018-07-13,0.00907919,0.110825,True,40
49,10056,2018-07-14,0.00918019,0.0556367,True,28.4
49,10057,2018-07-15,0.0100582,0.146542,True,125
49,10058,2018-07-16,0.0103795,0.208201,True,63
49,10059,2018-07-17,0.0106779,0.144096,True,63
49,10060,2018-07-18,0.011131,0.132834,True,90.2
49,10061,2018-07-19,0.0112325,0.111365,True,38
49,10062,2018-07-20,0.0114793,0.121877,True,63
49,10063,2018-07-21,0.0113783,0.023407,True,4
49,10064,2018-07-22,0.0112955,0.0155799,True,6
49,10065,2018-07-23,0.0112856,0.0175284,True,18
49,10066,2018-07-24,0.0113878,0.0418197,True,38
49,10067,2018-07-25,0.0113711,0.0269372,True,16
49,10068,2018-07-26,0.0113783,0.0243532,True,20
49,10069,2018-07-27,0.0113152,0.0114698,True,6
49,10070,2018-07-28,0.0112251,0.00838381,True,0
49,10071,2018-07-29,0,0.00479881,False,0
49,10072,2018-07-30,0.00172537,0.00695759,True,6
49,10073,2018-07-31,0.00552524,0.134285,True,84
49,10074,2018-08-01,0.00553473,0.0474374,True,18
49,10075,2018-08-02,0.00529788,0.0187186,True,4
49,10076,2018-08-03,0.00526712,0.0128748,True,10.1
49,10077,2018-08-04,0.00506632,0.00671227,True,0
49,10078,2018-08-05,0.00494118,0.00788219,True,2
49,10079,2018-08-06,0.00480246,0.00683143,True,0
49,10080,2018-08-07,0.00473955,0.0088741,True,3.1
49,10081,2018-08-08,0.00522787,0.0364502,True,36
49,10082,2018-08-09,0.00535968,0.0285941,True,16
49,10083,2018-08-10,0.00561994,0.050272,True,26.2
49,10084,2018-08-11,0.00580337,0.0330549,True,22
49,10085,2018-08-12,0.00590327,0.0261147,True,16
49,10086,2018-08-13,0.00628214,0.0756556,True,42
49,10087,2018-08-14,0.00642569,0.0501281,True,22.3
49,10088,2018-08-15,0.00712723,0.178091,True,84
49,10089,2018-08-16,0.00781409,0.196315,True,94.4
49,10090,2018-08-17,0.00814467,0.189921,True,56.4
49,10091,2018-08-18,0.00843206,0.169729,True,53.8
49,10092,2018-08-19,0.00852379,0.111738,True,26.8
49,10093,2018-08-20,0.00854113,0.0544753,True,15.6
49,10094,2018-08-21,0.00846083,0.00959571,True,0
49,10095,2018-08-22,0.00846022,0.0183601,True,12
49,10096,2018-08-23,0.00842433,0.0136819,True,6
49,10097,2018-08-24,0.00835441,0.0123276,True,0
49,10098,2018-08-25,0,0.0102109,False,0
49,10099,2018-08-26,0,0.00762715,False,0
49,10100,2018-08-27,0,0.00806324,False,0
49,10101,2018-08-28,0.00360312,0.0407657,True,40
49,10102,2018-08-29,0.00325416,0.0153659,True,4
49,10103,2018-08-30,0.00298415,0.013023,True,0
49,10104,2018-08-31,0.00326134,0.0271528,True,16
50,10013,2018-06-01,0.0027623,0.031057,True,2.31429
50,10014,2018-06-02,0.00270488,0.0327858,True,0.52039
50,10015,2018-06-03,0.00277402,0.0591254,True,16.473
50,10016,2018-06-04,0.00293655,0.109481,True,30.9364
50,10017,2018-06-05,0.00305501,0.203784,True,26.5859
50,10018,2018-06-06,0.00301511,0.0417278,True,1.34022
50,10019,2018-06-07,0.00313971,0.117199,True,29.2552
50,10020,2018-06-08,0.00330401,0.179138,True,38.8577
50,10021,2018-06-09,0.00344486,0.221717,True,37.106
50,10022,2018-06-10,0.00350947,0.166311,True,22.8074
50,10023,2018-06-11,0.00386589,0.402314,True,92.7866
50,10024,2018-06-12,0.00403267,0.34097,True,53.7758
50,10025,2018-06-13,0.00415482,0.309421,True,44.8225
50,10026,2018-06-14,0.00429789,0.295687,True,53.1832
50,10027,2018-06-15,0.00432081,0.166235,True,19.0976
50,10028,2018-06-16,0.00428174,0.0392629,True,0
50,10029,2018-06-17,0.00434776,0.0897311,True,32.2486
50,10030,2018-06-18,0.00431192,0.0302353,True,0.126261
50,10031,2018-06-19,0.00435585,0.0984684,True,25.5207
50,10032,2018-06-20,0.00446213,0.142853,True,47.0967
50,10033,2018-06-21,0.00457835,0.248229,True,52.4838
50,10034,2018-06-22,0.00462445,0.207592,True,28.7297
50,10035,2018-06-23,0.00462414,0.0827657,True,11.83
50,10036,2018-06-24,0.00459586,0.0196117,True,1.09474
50,10037,2018-06-25,0.00456965,0.019476,True,1.45668
50,10038,2018-06-26,0.00461433,0.0595891,True,28.2392
50,10039,2018-06-27,0.00462824,0.0504374,True,16.5508
50,10040,2018-06-28,0.00469943,0.0881891,True,39.5338
50,10041,2018-06-29,0.00470506,0.0379481,True,13.4724
50,10042,2018-06-30,0.00470149,0.0207053,True,9.54837
50,10043,2018-07-01,0.00467746,0.0118729,True,0.809281
50,10044,2018-07-02,0.00467535,0.0202299,True,9.69468
50,10045,2018-07-03,0.00466794,0.0149317,True,7.27293
50,10046,2018-07-04,0.00464401,0.0123184,True,0
50,10047,2018-07-05,0,0.00534082,False,0
50,10048,2018-07-06,0.00124268,0.0110418,True,6.97504
50,10049,2018-07-07,0.00126378,0.0105636,True,2.82729
50,10050,2018-07-08,0.00215614,0.0298992,True,25.443
50,10051,2018-07-09,0.00269598,0.0502873,True,28.1884
50,10052,2018-07-10,0.00372908,0.224188,True,73.2868
50,10053,2018-07-11,0.00481934,0.160974,True,114.984
50,10054,2018-07-12,0.00515748,0.240566,True,58.2528
50,10055,2018-07-13,0.00540523,0.165206,True,52.2984
50,10056,2018-07-14,0.00548316,0.131625,True,30.7769
50,10057,2018-07-15,0.00568195,0.162615,True,50.1709
50,10058,2018-07-16,0.00666823,0.345979,True,200.606
50,10059,2018-07-17,0.00671692,0.30068,True,35.336
50,10060,2018-07-18,0.00691683,0.315455,True,68.464
50,10061,2018-07-19,0.00689102,0.101195,True,18.8723
50,10062,2018-07-20,0.00695783,0.134859,True,39.6252
50,10063,2018-07-21,0.00690196,0.0387971,True,9.53044
50,10064,2018-07-22,0.0068324,0.0169825,True,4.70019
50,10065,2018-07-23,0.00682511,0.02863,True,19.0764
50,10066,2018-07-24,0.00694196,0.0911115,True,51.0222
50,10067,2018-07-25,0.00696398,0.137052,True,26.3634
50,10068,2018-07-26,0.00702702,0.132211,True,37.5889
50,10069,2018-07-27,0.00697036,0.0183165,True,3.57176
50,10070,2018-07-28,0.00690955,0.0162247,True,1.38689
50,10071,2018-07-29,0.00693021,0.0417366,True,24.2359
50,10072,2018-07-30,0.00692912,0.0315648,True,17.5364
50,10073,2018-07-31,0.00723183,0.202105,True,111.827
50,10074,2018-08-01,0.00729801,0.156552,True,40.2431
50,10075,2018-08-02,0.00724717,0.0290327,True,1.78579
50,10076,2018-08-03,0.0072162,0.0149894,True,7.64151
50,10077,2018-08-04,0.00720904,0.0211514,True,15.0831
50,10078,2018-08-05,0.00716299,0.0100984,True,1.38946
50,10079,2018-08-06,0.00715047,0.0205325,True,12.2941
50,10080,2018-08-07,0.00710816,0.014864,True,1.5124
50,10081,2018-08-08,0.00722829,0.0957491,True,58.5186
50,10082,2018-08-09,0.00725703,0.179963,True,26.5631
50,10083,2018-08-10,0.00733022,0.157577,True,43.1651
50,10084,2018-08-11,0.00731842,0.0644904,True,11.5988
50,10085,2018-08-12,0.0072894,0.0205533,True,4.7043
50,10086,2018-08-13,0.00730611,0.0412143,True,21.8413
50,10087,2018-08-14,0.00730009,0.033639,True,12.9146
50,10088,2018-08-15,0.00757531,0.224681,True,125.62
50,10089,2018-08-16,0.00788016,0.508583,True,145.043
50,10090,2018-08-17,0.0080148,0.571503,True,76.4939
50,10091,2018-08-18,0.00807265,0.272653,True,43.6202
50,10092,2018-08-19,0.00809374,0.184024,True,27.2172
50,10093,2018-08-20,0.0080798,0.0627487,True,10.9808
50,10094,2018-08-21,0.00807216,0.0274078,True,13.5941
50,10095,2018-08-22,0.00806005,0.0312326,True,11.2329
50,10096,2018-08-23,0.00802744,0.0160212,True,1.2442
50,10097,2018-08-24,0.00799564,0.0172862,True,1.23423
50,10098,2018-08-25,0.00796205,0.0145501,True,0
50,10099,2018-08-26,0,0.00608432,False,0
50,10100,2018-08-27,0.000931971,0.00780186,True,3.30909
50,10101,2018-08-28,0.00243949,0.0394944,True,29.3173
50,10102,2018-08-29,0.00243983,0.0175619,True,6.39742
50,10103,2018-08-30,0.00233227,0.0101231,True,1.34394
50,10104,2018-08-31,0.00237174,0.0129681,True,5.74197
51,10013,2018-06-01,0.00169737,0.0887105,True,7.5515
51,10014,2018-06-02,0.00165562,0.043034,True,0.10818
51,10015,2018-06-03,0.00166782,0.110951,True,11.2476
51,10016,2018-06-04,0.00165958,0.06552,True,6.0876
51,10017,2018-06-05,0.00168213,0.0810024,True,13.3034
51,10018,2018-06-06,0.00165908,0.0448074,True,1.42885
51,10019,2018-06-07,0.00169086,0.0930489,True,15.5641
51,10020,2018-06-08,0.00184185,0.197099,True,51.5979
51,10021,2018-06-09,0.00197704,0.302138,True,52.6685
51,10022,2018-06-10,0.00217997,0.334,True,84.3203
51,10023,2018-06-11,0.00249959,0.383188,True,148.713
51,10024,2018-06-12,0.00265559,0.536438,True,90.1133
51,10025,2018-06-13,0.00269937,0.331854,True,37.802
51,10026,2018-06-14,0.00276192,0.279984,True,49.1184
51,10027,2018-06-15,0.00274339,0.0704792,True,4.90984
51,10028,2018-06-16,0.00272192,0.048812,True,2.52312
51,10029,2018-06-17,0.00279538,0.213585,True,57.1041
51,10030,2018-06-18,0.00277587,0.0523332,True,2.8543
51,10031,2018-06-19,0.00277103,0.095777,True,11.1198
51,10032,2018-06-20,0.00279942,0.105346,True,31.3846
51,10033,2018-06-21,0.00284276,0.246158,True,41.502
51,10034,2018-06-22,0.00284679,0.094255,True,16.5333
51,10035,2018-06-23,0.0028453,0.0625146,True,12.663
51,10036,2018-06-24,0.0028612,0.0690144,True,24.1837
51,10037,2018-06-25,0.00284646,0.0284024,True,3.15656
51,10038,2018-06-26,0.00287122,0.101819,True,30.2466
51,10039,2018-06-27,0.0028808,0.0824475,True,19.7762
51,10040,2018-06-28,0.0029107,0.144445,True,34.5646
51,10041,2018-06-29,0.00291706,0.0553156,True,17.6136
51,10042,2018-06-30,0.00290553,0.0227494,True,4.10429
51,10043,2018-07-01,0.00292654,0.0538306,True,28.4233
51,10044,2018-07-02,0.00292457,0.037032,True,10.9366
51,10045,2018-07-03,0.00294116,0.0538324,True,25.2381
51,10046,2018-07-04,0.0029387,0.0307401,True,10.2875
51,10047,2018-07-05,0.00292374,0.0181885,True,0.109442
51,10048,2018-07-06,0.00291097,0.0254909,True,1.51192
51,10049,2018-07-07,0.00290271,0.0303628,True,4.83576
51,10050,2018-07-08,0.00292249,0.0628543,True,27.4701
51,10051,2018-07-09,0.00297782,0.193495,True,57.6204
51,10052,2018-07-10,0.0030534,0.228042,True,76.987
51,10053,2018-07-11,0.00314381,0.197367,True,93.3318
51,10054,2018-07-12,0.00319687,0.245207,True,61.9958
51,10055,2018-07-13,0.00325073,0.236931,True,64.3982
51,10056,2018-07-14,0.00330397,0.239557,True,65.4655
51,10057,2018-07-15,0.00334232,0.240727,True,52.067
51,10058,2018-07-16,0.00348041,0.257128,True,157.411
51,10059,2018-07-17,0.00352743,0.379307,True,65.5719
51,10060,2018-07-18,0.00357812,0.247138,True,71.0497
51,10061,2018-07-19,0.00359849,0.212128,True,38.2909
51,10062,2018-07-20,0.00364341,0.208699,True,66.8294
51,10063,2018-07-21,0.00365764,0.18539,True,32.2057
51,10064,2018-07-22,0.00365676,0.0741277,True,14.5967
51,10065,2018-07-23,0.00367242,0.141991,True,34.0415
51,10066,2018-07-24,0.00371516,0.222806,True,66.9582
51,10067,2018-07-25,0.00376843,0.278972,True,81.2268
51,10068,2018-07-26,0.00380091,0.212637,True,56.7505
51,10069,2018-07-27,0.00380772,0.113282,True,24.8099
51,10070,2018-07-28,0.00379803,0.0317702,True,3.69514
51,10071,2018-07-29,0.00384231,0.252073,True,73.1047
51,10072,2018-07-30,0.00384932,0.127814,True,25.2992
51,10073,2018-07-31,0.00387522,0.176912,True,50.3585
51,10074,2018-08-01,0.00388535,0.151967,True,29.6994
51,10075,2018-08-02,0.00387702,0.0389227,True,4.83148
51,10076,2018-08-03,0.00387071,0.0271541,True,7.32471
51,10077,2018-08-04,0.00386536,0.0268799,True,8.41965
51,10078,2018-08-05,0.00385959,0.0260914,True,7.63739
51,10079,2018-08-06,0.00385062,0.0222635,True,3.04366
51,10080,2018-08-07,0.0038488,0.0522472,True,12.6733
51,10081,2018-08-08,0.00392343,0.261039,True,119.64
51,10082,2018-08-09,0.00399474,0.419206,True,118.088
51,10083,2018-08-10,0.00406315,0.470333,True,116.809
51,10084,2018-08-11,0.00409511,0.375901,True,64.4688
51,10085,2018-08-12,0.00409515,0.079016,True,16.6787
51,10086,2018-08-13,0.0041264,0.175152,True,64.3359
51,10087,2018-08-14,0.00415801,0.222915,True,65.6957
51,10088,2018-08-15,0.00428856,0.380488,True,224.722
51,10089,2018-08-16,0.0044452,0.577232,True,277.718
51,10090,2018-08-17,0.004526,0.56937,True,157.746
51,10091,2018-08-18,0.00456504,0.478256,True,87.9634
51,10092,2018-08-19,0.00457613,0.226609,True,39.4628
51,10093,2018-08-20,0.00458582,0.184301,True,37.1062
51,10094,2018-08-21,0.00458636,0.0855713,True,20.7357
51,10095,2018-08-22,0.00457819,0.0317728,True,4.94404
51,10096,2018-08-23,0.00456992,0.0290448,True,4.53081
51,10097,2018-08-24,0.00456124,0.0299917,True,3.55862
51,10098,2018-08-25,0.00455074,0.0375651,True,0
51,10099,2018-08-26,0,0.00806345,False,0
51,10100,2018-08-27,0.00134236,0.0175032,True,9.39012
51,10101,2018-08-28,0.00234192,0.0398122,True,30.7491
51,10102,2018-08-29,0.0025518,0.0343676,True,17.1519
51,10103,2018-08-30,0.0025087,0.0137872,True,5.50197
51,10104,2018-08-31,0.00246495,0.0100506,True,4.0232
52,10013,2018-06-01,0.0011081,0.0341898,True,0.994474
52,10014,2018-06-02,0,0.023273,False,0
52,10015,2018-06-03,0.000633789,0.0640153,True,10.6813
52,10016,2018-06-04,0.000623417,0.0284978,True,3.3338
52,10017,2018-06-05,0.000804214,0.0598277,True,14.2945
52,10018,2018-06-06,0.000757476,0.0222492,True,0.100889
52,10019,2018-06-07,0.000841078,0.0478492,True,10.4785
52,10020,2018-06-08,0.00107437,0.122026,True,30.8836
52,10021,2018-06-09,0.00129389,0.295676,True,39.7553
52,10022,2018-06-10,0.00170057,0.491224,True,94.4886
52,10023,2018-06-11,0.00202199,0.460888,True,103.018
52,10024,2018-06-12,0.00220939,0.459142,True,79.0894
52,10025,2018-06-13,0.00220388,0.204146,True,14.5035
52,10026,2018-06-14,0.00225683,0.306898,True,36.5555
52,10027,2018-06-15,0.00223,0.0577783,True,4.67507
52,10028,2018-06-16,0.00219688,0.0376492,True,0.804273
52,10029,2018-06-17,0.00220494,0.0774911,True,17.1322
52,10030,2018-06-18,0.00217597,0.0314732,True,0.542173
52,10031,2018-06-19,0.0021867,0.0729655,True,17.293
52,10032,2018-06-20,0.00219437,0.0588489,True,15.7362
52,10033,2018-06-21,0.00220413,0.0600916,True,16.5496
52,10034,2018-06-22,0.00219829,0.0343396,True,8.81824
52,10035,2018-06-23,0.00218723,0.034001,True,5.79269
52,10036,2018-06-24,0.00218253,0.036038,True,8.4993
52,10037,2018-06-25,0.00216279,0.029626,True,0.463857
52,10038,2018-06-26,0.00216575,0.0438114,True,11.6421
52,10039,2018-06-27,0.00215915,0.0383404,True,6.41701
52,10040,2018-06-28,0.00216853,0.056134,True,14.6591
52,10041,2018-06-29,0.00216448,0.0315462,True,7.2834
52,10042,2018-06-30,0.00214902,0.0218571,True,0.723824
52,10043,2018-07-01,0.00214329,0.0251818,True,5.7478
52,10044,2018-07-02,0.00213618,0.0254775,True,4.71411
52,10045,2018-07-03,0.00214705,0.0431184,True,14.7591
52,10046,2018-07-04,0.00213486,0.0223916,True,1.35479
52,10047,2018-07-05,0.00212086,0.022374,True,0
52,10048,2018-07-06,0,0.00676593,False,0
52,10049,2018-07-07,0.000394331,0.00767367,False,2.19329
52,10050,2018-07-08,0.00120841,0.0641506,True,27.6729
52,10051,2018-07-09,0.00172637,0.111184,True,44.6095
52,10052,2018-07-10,0.00216582,0.229971,True,60.4585
52,10053,2018-07-11,0.00241525,0.198833,True,51.4776
52,10054,2018-07-12,0.00261634,0.208031,True,51.831
52,10055,2018-07-13,0.0028144,0.225753,True,58.1836
52,10056,2018-07-14,0.00292683,0.205702,True,44.4424
52,10057,2018-07-15,0.00296465,0.192466,True,27.8088
52,10058,2018-07-16,0.00326986,0.309807,True,104.093
52,10059,2018-07-17,0.00334395,0.211689,True,43.6288
52,10060,2018-07-18,0.00343378,0.239146,True,50.3807
52,10061,2018-07-19,0.00343995,0.167528,True,22.5402
52,10062,2018-07-20,0.0035486,0.220903,True,59.9468
52,10063,2018-07-21,0.00354799,0.149181,True,19.8169
52,10064,2018-07-22,0.00352354,0.0561046,True,9.55403
52,10065,2018-07-23,0.00351371,0.0332445,True,14.3725
52,10066,2018-07-24,0.00354973,0.0794124,True,32.8136
52,10067,2018-07-25,0.00368405,0.354437,True,76.7594
52,10068,2018-07-26,0.00372411,0.264019,True,36.8981
52,10069,2018-07-27,0.00371455,0.102406,True,13.7167
52,10070,2018-07-28,0.00367901,0.0158861,True,0.558865
52,10071,2018-07-29,0.00370104,0.0626722,True,27.7014
52,10072,2018-07-30,0.00368246,0.0262102,True,7.40954
52,10073,2018-07-31,0.00367128,0.0292959,True,10.478
52,10074,2018-08-01,0.00366059,0.0315659,True,10.1912
52,10075,2018-08-02,0.00363742,0.0175565,True,3.21407
52,10076,2018-08-03,0.00361263,0.0174745,True,1.75052
52,10077,2018-08-04,0.00358701,0.0170365,True,0.70772
52,10078,2018-08-05,0.00356344,0.0145357,True,1.22658
52,10079,2018-08-06,0.00353985,0.0133346,True,0.678894
52,10080,2018-08-07,0.00353532,0.0490981,True,10.4707
52,10081,2018-08-08,0.00361576,0.135206,True,57.3821
52,10082,2018-08-09,0.00393482,0.481932,True,203.487
52,10083,2018-08-10,0.00401247,0.453326,True,64.8701
52,10084,2018-08-11,0.00405785,0.391326,True,45.4902
52,10085,2018-08-12,0.00404863,0.0795667,True,9.62379
52,10086,2018-08-13,0.00410467,0.192538,True,53.6105
52,10087,2018-08-14,0.00421507,0.485836,True,93.3471
52,10088,2018-08-15,0.00440051,0.6285,True,153.27
52,10089,2018-08-16,0.00463497,0.678994,True,201.782
52,10090,2018-08-17,0.00473324,0.639332,True,100.441
52,10091,2018-08-18,0.004779,0.466129,True,58.7147
52,10092,2018-08-19,0.00479369,0.311393,True,32.7262
52,10093,2018-08-20,0.00478787,0.125754,True,14.8719
52,10094,2018-08-21,0.00477658,0.0419159,True,9.72624
52,10095,2018-08-22,0.00475691,0.0219154,True,1.92364
52,10096,2018-08-23,0.00473895,0.0250413,True,2.97096
52,10097,2018-08-24,0.00471854,0.0298167,True,0.345904
52,10098,2018-08-25,0,0.0094856,False,0
52,10099,2018-08-26,0,0.00683192,False,0
52,10100,2018-08-27,0.000412148,0.0074037,False,1.34674
52,10101,2018-08-28,0.00110423,0.0220322,True,12.5596
52,10102,2018-08-29,0.0011799,0.0124958,True,5.15463
52,10103,2018-08-30,0.001126,0.0101857,True,0.590919
52,10104,2018-08-31,0,0.00848752,False,0.32348
61,10013,2018-06-01,0.00272012,0.0358697,True,1.98613
61,10014,2018-06-02,0.00265396,0.0319271,True,0.187746
61,10015,2018-06-03,0.00266868,0.0725516,True,9.84933
61,10016,2018-06-04,0.00282393,0.0973262,True,30.1258
61,10017,2018-06-05,0.00307222,0.31429,True,48.5467
61,10018,2018-06-06,0.00302679,0.0609175,True,1.15772
61,10019,2018-06-07,0.00323281,0.230277,True,46.8248
61,10020,2018-06-08,0.00337348,0.277187,True,37.9199
61,10021,2018-06-09,0.0035224,0.254087,True,42.4151
61,10022,2018-06-10,0.00359943,0.231964,True,28.2831
61,10023,2018-06-11,0.00381608,0.334974,True,64.476
61,10024,2018-06-12,0.00387484,0.261344,True,27.053
61,10025,2018-06-13,0.00394198,0.24837,True,30.0278
61,10026,2018-06-14,0.00412688,0.364523,True,65.5563
61,10027,2018-06-15,0.00417757,0.288224,True,27.9627
61,10028,2018-06-16,0.00413813,0.0772745,True,0
61,10029,2018-06-17,0.00413175,0.0514818,True,9.82042
61,10030,2018-06-18,0.00411944,0.0368486,True,7.56495
61,10031,2018-06-19,0.00416085,0.0799558,True,24.8698
61,10032,2018-06-20,0.00434559,0.236829,True,74.9705
61,10033,2018-06-21,0.00452629,0.287135,True,78.3066
61,10034,2018-06-22,0.00461007,0.248212,True,45.0165
61,10035,2018-06-23,0.00460491,0.0948597,True,11.0103
61,10036,2018-06-24,0.00458655,0.0341757,True,5.45455
61,10037,2018-06-25,0.00455676,0.0209314,True,0.469365
61,10038,2018-06-26,0.00458496,0.0441423,True,23.5455
61,10039,2018-06-27,0.00458153,0.0250745,True,10.5935
61,10040,2018-06-28,0.00463255,0.0632517,True,33.3052
61,10041,2018-06-29,0.00464698,0.0483272,True,18.0864
61,10042,2018-06-30,0.00463266,0.0186288,True,5.53541
61,10043,2018-07-01,0.00460638,0.0125598,True,0
61,10044,2018-07-02,0.00460182,0.016448,True,9.2058
61,10045,2018-07-03,0.00458704,0.0148179,True,4.44804
61,10046,2018-07-04,0.00457574,0.0164042,True,5.73229
61,10047,2018-07-05,0.00455227,0.0135287,True,0
61,10048,2018-07-06,0.00455397,0.0330543,True,11.1343
61,10049,2018-07-07,0.00453254,0.0208535,True,0.388089
61,10050,2018-07-08,0.00458556,0.0640855,True,34.7017
61,10051,2018-07-09,0.0046136,0.0984078,True,23.4328
61,10052,2018-07-10,0.00475846,0.180259,True,80.9566
61,10053,2018-07-11,0.00482828,0.183148,True,45.9726
61,10054,2018-07-12,0.00488803,0.190936,True,41.7948
61,10055,2018-07-13,0.00491424,0.154349,True,24.8426
61,10056,2018-07-14,0.00494167,0.125935,True,25.6892
61,10057,2018-07-15,0.00502135,0.193836,True,54.52
61,10058,2018-07-16,0.00520618,0.232353,True,115.921
61,10059,2018-07-17,0.00529078,0.304474,True,61.6805
61,10060,2018-07-18,0.00542346,0.292087,True,92.5635
61,10061,2018-07-19,0.00544757,0.232511,True,27.7486
61,10062,2018-07-20,0.00547401,0.200501,True,29.3969
61,10063,2018-07-21,0.00547009,0.0717886,True,10.3286
61,10064,2018-07-22,0.00545613,0.0226434,True,3.77006
61,10065,2018-07-23,0.00547991,0.0822371,True,27.7634
61,10066,2018-07-24,0.00554277,0.234603,True,53.5132
61,10067,2018-07-25,0.00557307,0.20769,True,32.7635
61,10068,2018-07-26,0.00556846,0.081184,True,9.59696
61,10069,2018-07-27,0.00555409,0.0225509,True,2.88166
61,10070,2018-07-28,0.00553727,0.0210715,True,1.01243
61,10071,2018-07-29,0.0055279,0.0285063,True,5.84131
61,10072,2018-07-30,0.00553599,0.0496869,True,17.5795
61,10073,2018-07-31,0.00559203,0.15127,True,50.7583
61,10074,2018-08-01,0.00563936,0.257272,True,45.4246
61,10075,2018-08-02,0.00563144,0.0585572,True,6.62571
61,10076,2018-08-03,0.00562451,0.0339874,True,7.17134
61,10077,2018-08-04,0.00561449,0.0213275,True,4.81243
61,10078,2018-08-05,0.00560623,0.0247473,True,5.91008
61,10079,2018-08-06,0.00559464,0.0215855,True,3.353
61,10080,2018-08-07,0.00557866,0.0243298,True,0
61,10081,2018-08-08,0.00561811,0.0900342,True,40.2925
61,10082,2018-08-09,0.0056178,0.0501251,True,11.2931
61,10083,2018-08-10,0.00561803,0.0445167,True,11.6107
61,10084,2018-08-11,0.00562021,0.0416322,True,12.987
61,10085,2018-08-12,0.00561294,0.027938,True,5.83141
61,10086,2018-08-13,0.00561779,0.057007,True,14.8376
61,10087,2018-08-14,0.005618,0.0450257,True,11.2806
61,10088,2018-08-15,0.00577739,0.480392,True,134.561
61,10089,2018-08-16,0.005957,0.665858,True,156.027
61,10090,2018-08-17,0.0060131,0.58808,True,58.6226
61,10091,2018-08-18,0.00603283,0.438281,True,28.9456
61,10092,2018-08-19,0.00604866,0.445218,True,25.8102
61,10093,2018-08-20,0.00603959,0.119371,True,4.7699
61,10094,2018-08-21,0.00603667,0.149766,True,9.85214
61,10095,2018-08-22,0.0060315,0.15321,True,7.82534
61,10096,2018-08-23,0.0060189,0.0869153,True,1.35756
61,10097,2018-08-24,0.00600491,0.0876286,True,0
61,10098,2018-08-25,0,0.00757517,False,0
61,10099,2018-08-26,0,0.00680175,False,0
61,10100,2018-08-27,0.000543905,0.00762068,False,1.06878
61,10101,2018-08-28,0.00125428,0.0149777,True,7.03758
61,10102,2018-08-29,0.00140817,0.0157015,True,4.19661
61,10103,2018-08-30,0.00132409,0.0168961,False,0
61,10104,2018-08-31,0,0.0126241,False,0.306232
62,10013,2018-06-01,0.00297417,0.0264942,True,1.24044
62,10014,2018-06-02,0.00291084,0.0228154,True,0.366778
62,10015,2018-06-03,0.00291757,0.0341626,True,8.60335
62,10016,2018-06-04,0.00297338,0.0504277,True,15.1602
62,10017,2018-06-05,0.00310798,0.0714042,True,27.4646
62,10018,2018-06-06,0.00307273,0.0234587,True,2.1178
62,10019,2018-06-07,0.00322297,0.0966285,True,32.0632
62,10020,2018-06-08,0.00344644,0.207108,True,48.1217
62,10021,2018-06-09,0.00364612,0.182657,True,48.1476
62,10022,2018-06-10,0.00374197,0.154301,True,29.6169
62,10023,2018-06-11,0.0040564,0.383977,True,82.0296
62,10024,2018-06-12,0.00428305,0.233431,True,68.3302
62,10025,2018-06-13,0.00437823,0.224293,True,37.467
62,10026,2018-06-14,0.00453222,0.21584,True,55.7379
62,10027,2018-06-15,0.00452983,0.0911611,True,11.8518
62,10028,2018-06-16,0.00448889,0.0282298,True,0
62,10029,2018-06-17,0.00458576,0.0875822,True,41.427
62,10030,2018-06-18,0.00454834,0.0230821,True,0.24697
62,10031,2018-06-19,0.0045573,0.0462253,True,14.3964
62,10032,2018-06-20,0.00466006,0.0852765,True,45.0176
62,10033,2018-06-21,0.00481788,0.185887,True,65.7566
62,10034,2018-06-22,0.00490416,0.180914,True,43.0997
62,10035,2018-06-23,0.00490946,0.0714874,True,14.4128
62,10036,2018-06-24,0.0048877,0.0209939,True,4.20155
62,10037,2018-06-25,0.00485618,0.0147869,True,0.167931
62,10038,2018-06-26,0.00487833,0.0260968,True,19.975
62,10039,2018-06-27,0.00487789,0.0195033,True,11.3441
62,10040,2018-06-28,0.00495109,0.0578111,True,40.0305
62,10041,2018-06-29,0.00496908,0.0374729,True,18.71
62,10042,2018-06-30,0.00497162,0.0197163,True,12.4505
62,10043,2018-07-01,0.00494551,0.00872347,True,0.550168
62,10044,2018-07-02,0.00494857,0.0139142,True,12.2475
62,10045,2018-07-03,0.00493676,0.0108508,True,5.90783
62,10046,2018-07-04,0.00491617,0.0104018,True,1.97576
62,10047,2018-07-05,0.00489156,0.011236,True,0
62,10048,2018-07-06,0.00488601,0.0180707,True,7.80308
62,10049,2018-07-07,0.00486943,0.0140822,True,2.90297
62,10050,2018-07-08,0.00492054,0.0554608,True,32.0589
62,10051,2018-07-09,0.00498097,0.0697268,True,36.7794
62,10052,2018-07-10,0.00510868,0.151804,True,68.5184
62,10053,2018-07-11,0.00524536,0.163066,True,75.39
62,10054,2018-07-12,0.00531821,0.168549,True,46.6014
62,10055,2018-07-13,0.00538232,0.148577,True,43.2293
62,10056,2018-07-14,0.00544058,0.131802,True,41.0697
62,10057,2018-07-15,0.00552617,0.152482,True,56.174
62,10058,2018-07-16,0.00576429,0.290617,True,141.215
62,10059,2018-07-17,0.00582228,0.325782,True,45.3004
62,10060,2018-07-18,0.00593406,0.274853,True,77.2701
62,10061,2018-07-19,0.00595617,0.199282,True,26.1312
62,10062,2018-07-20,0.00599752,0.185705,True,37.7633
62,10063,2018-07-21,0.00601375,0.116838,True,22.9467
62,10064,2018-07-22,0.00600019,0.0232039,True,4.82446
62,10065,2018-07-23,0.00601993,0.0599324,True,25.0297
62,10066,2018-07-24,0.00610686,0.175586,True,67.1582
62,10067,2018-07-25,0.00614556,0.172788,True,37.7508
62,10068,2018-07-26,0.00617894,0.139927,True,34.7056
62,10069,2018-07-27,0.00616858,0.0239111,True,6.49541
62,10070,2018-07-28,0.00615034,0.0154982,True,1.1654
62,10071,2018-07-29,0.0061957,0.0770674,True,42.7663
62,10072,2018-07-30,0.00622005,0.0890018,True,29.2105
62,10073,2018-07-31,0.00636128,0.376262,True,109.161
62,10074,2018-08-01,0.00644606,0.232537,True,72.7037
62,10075,2018-08-02,0.00643497,0.0395793,True,5.90277
62,10076,2018-08-03,0.00642782,0.0404718,True,8.49957
62,10077,2018-08-04,0.00643312,0.0334038,True,17.2364
62,10078,2018-08-05,0.00642089,0.015836,True,4.58349
62,10079,2018-08-06,0.00640565,0.0166784,True,2.22238
62,10080,2018-08-07,0.0063893,0.0201149,True,1.22247
62,10081,2018-08-08,0.0064912,0.233724,True,87.5968
62,10082,2018-08-09,0.00650217,0.154468,True,21.3878
62,10083,2018-08-10,0.0065439,0.155403,True,44.5436
62,10084,2018-08-11,0.00654518,0.0620032,True,14.2285
62,10085,2018-08-12,0.00653791,0.0267214,True,7.62561
62,10086,2018-08-13,0.00655059,0.0645987,True,22.7683
62,10087,2018-08-14,0.00655465,0.0534519,True,16.1487
62,10088,2018-08-15,0.00674111,0.333294,True,159.927
62,10089,2018-08-16,0.00695382,0.538889,True,187.649
62,10090,2018-08-17,0.00703571,0.493144,True,83.3348
62,10091,2018-08-18,0.00706891,0.234455,True,43.022
62,10092,2018-08-19,0.00708308,0.148459,True,26.9373
62,10093,2018-08-20,0.0070797,0.057934,True,11.7891
62,10094,2018-08-21,0.00708166,0.0435683,True,16.3079
62,10095,2018-08-22,0.00707008,0.0225376,True,4.40507
62,10096,2018-08-23,0.00705649,0.0214578,True,2.47371
62,10097,2018-08-24,0.00704341,0.0258284,True,2.75084
62,10098,2018-08-25,0.0070274,0.0266906,True,0
62,10099,2018-08-26,0,0.00515595,False,0
62,10100,2018-08-27,0,0.0051894,False,0.728467
62,10101,2018-08-28,0.00253447,0.0276372,True,24.4751
62,10102,2018-08-29,0.00252247,0.0109571,True,8.42501
62,10103,2018-08-30,0.00241285,0.00754399,True,2.99536
62,10104,2018-08-31,0.00242902,0.0105039,True,5.41938
63,10013,2018-06-01,0.00127357,0.113674,True,5.24511
63,10014,2018-06-02,0.00124582,0.0631176,True,0.164235
63,10015,2018-06-03,0.00124884,0.12229,True,7.49093
63,10016,2018-06-04,0.00124695,0.100379,True,5.85246
63,10017,2018-06-05,0.00127067,0.183016,True,12.9991
63,10018,2018-06-06,0.00125647,0.0565973,True,1.74171
63,10019,2018-06-07,0.00126739,0.116742,True,9.0811
63,10020,2018-06-08,0.00137147,0.27838,True,40.5862
63,10021,2018-06-09,0.00149994,0.544577,True,54.8878
63,10022,2018-06-10,0.00165284,0.596319,True,72.8182
63,10023,2018-06-11,0.00185808,0.559847,True,109.602
63,10024,2018-06-12,0.00198478,0.602316,True,80.8936
63,10025,2018-06-13,0.00201592,0.520679,True,30.3748
63,10026,2018-06-14,0.00207031,0.560532,True,45.5735
63,10027,2018-06-15,0.00205819,0.11221,True,4.71902
63,10028,2018-06-16,0.00204106,0.061798,True,0.97332
63,10029,2018-06-17,0.00209402,0.371708,True,46.4675
63,10030,2018-06-18,0.00208005,0.0749224,True,2.37477
63,10031,2018-06-19,0.00207967,0.177317,True,11.1803
63,10032,2018-06-20,0.00210309,0.182599,True,27.6633
63,10033,2018-06-21,0.00213965,0.296588,True,37.7266
63,10034,2018-06-22,0.00215247,0.235406,True,20.9627
63,10035,2018-06-23,0.00215535,0.121152,True,13.5391
63,10036,2018-06-24,0.00216378,0.103151,True,17.6836
63,10037,2018-06-25,0.00215368,0.0352277,True,3.18212
63,10038,2018-06-26,0.00216964,0.121796,True,23.4337
63,10039,2018-06-27,0.00217555,0.0985949,True,15.5465
63,10040,2018-06-28,0.00220273,0.178631,True,33.0558
63,10041,2018-06-29,0.00220622,0.0994305,True,13.7021
63,10042,2018-06-30,0.00220082,0.0389858,True,6.0502
63,10043,2018-07-01,0.00220668,0.0615633,True,15.4689
63,10044,2018-07-02,0.00220758,0.0587057,True,11.1241
63,10045,2018-07-03,0.0022247,0.0913237,True,25.3422
63,10046,2018-07-04,0.00222123,0.0387732,True,7.12272
63,10047,2018-07-05,0.00221027,0.0224189,True,0.169053
63,10048,2018-07-06,0.00220158,0.040275,True,1.94459
63,10049,2018-07-07,0.00220028,0.0648308,True,8.44165
63,10050,2018-07-08,0.00222142,0.181026,True,29.1046
63,10051,2018-07-09,0.00227605,0.465978,True,61.6737
63,10052,2018-07-10,0.0023371,0.528422,True,70.3155
63,10053,2018-07-11,0.00241597,0.447891,True,91.6242
63,10054,2018-07-12,0.00246176,0.517399,True,59.9122
63,10055,2018-07-13,0.00251437,0.560172,True,69.214
63,10056,2018-07-14,0.00256731,0.509727,True,71.7946
63,10057,2018-07-15,0.00260683,0.566617,True,58.1798
63,10058,2018-07-16,0.00273122,0.658701,True,163.666
63,10059,2018-07-17,0.00277357,0.761481,True,67.0918
63,10060,2018-07-18,0.00282001,0.643089,True,74.0582
63,10061,2018-07-19,0.00283512,0.53826,True,34.0615
63,10062,2018-07-20,0.00286809,0.527089,True,58.4836
63,10063,2018-07-21,0.00288117,0.497658,True,32.1712
63,10064,2018-07-22,0.00288511,0.2601,True,19.7081
63,10065,2018-07-23,0.00289967,0.393514,True,34.521
63,10066,2018-07-24,0.00293469,0.536384,True,63.9738
63,10067,2018-07-25,0.00297422,0.635396,True,71.7736
63,10068,2018-07-26,0.00299399,0.493128,True,43.8951
63,10069,2018-07-27,0.00299897,0.288791,True,22.1877
63,10070,2018-07-28,0.00299098,0.0499787,True,2.65481
63,10071,2018-07-29,0.00302358,0.479662,True,64.014
63,10072,2018-07-30,0.00302413,0.238515,True,15.5244
63,10073,2018-07-31,0.00304883,0.44138,True,52.9932
63,10074,2018-08-01,0.00306102,0.467517,True,33.8917
63,10075,2018-08-02,0.00305388,0.0624868,True,3.35187
63,10076,2018-08-03,0.00305164,0.123816,True,10.9386
63,10077,2018-08-04,0.00304836,0.0726092,True,9.11938
63,10078,2018-08-05,0.0030425,0.0480247,True,4.803
63,10079,2018-08-06,0.0030358,0.0445447,True,3.25375
63,10080,2018-08-07,0.00303983,0.187831,True,20.4324
63,10081,2018-08-08,0.00309163,0.554733,True,99.2772
63,10082,2018-08-09,0.0031568,0.632251,True,124.523
63,10083,2018-08-10,0.0031947,0.752721,True,80.3925
63,10084,2018-08-11,0.00322019,0.578965,True,59.8846
63,10085,2018-08-12,0.0032285,0.501513,True,29.9307
63,10086,2018-08-13,0.00326179,0.681656,True,75.1096
63,10087,2018-08-14,0.00329262,0.583617,True,71.7707
63,10088,2018-08-15,0.00339319,0.767139,True,204.591
63,10089,2018-08-16,0.00351642,0.87015,True,257.604
63,10090,2018-08-17,0.00357413,0.858974,True,134.278
63,10091,2018-08-18,0.00360654,0.856172,True,84.82
63,10092,2018-08-19,0.0036225,0.625918,True,51.5424
63,10093,2018-08-20,0.00362955,0.513844,True,33.1428
63,10094,2018-08-21,0.00363061,0.291103,True,20.5196
63,10095,2018-08-22,0.00362468,0.0949708,True,5.58406
63,10096,2018-08-23,0.00361759,0.0515653,True,2.88507
63,10097,2018-08-24,0.0036107,0.0566514,True,3.08911
63,10098,2018-08-25,0.00360246,0.0629771,True,0
63,10099,2018-08-26,0,0.0143157,False,0
63,10100,2018-08-27,0.000949726,0.045722,True,8.09201
63,10101,2018-08-28,0.0017067,0.115159,True,28.6524
63,10102,2018-08-29,0.00184786,0.0967328,True,15.0118
63,10103,2018-08-30,0.0018642,0.0407505,True,8.07514
63,10104,2018-08-31,0.00183187,0.022896,True,3.84743
64,10013,2018-06-01,0.00111317,0.0323587,True,1.54869
64,10014,2018-06-02,0.00108834,0.0312329,True,0
64,10015,2018-06-03,0.001097,0.039977,True,6.52568
64,10016,2018-06-04,0.00109516,0.0345677,True,4.08971
64,10017,2018-06-05,0.00111253,0.0415052,True,8.3512
64,10018,2018-06-06,0.00109799,0.0260432,True,0.7132
64,10019,2018-06-07,0.00109757,0.0287018,True,3.85976
64,10020,2018-06-08,0.00114408,0.0692372,True,15.9464
64,10021,2018-06-09,0.00127918,0.183148,True,43.334
64,10022,2018-06-10,0.00145008,0.316897,True,62.7591
64,10023,2018-06-11,0.00165324,0.418954,True,86.8866
64,10024,2018-06-12,0.00176606,0.36456,True,58.6461
64,10025,2018-06-13,0.00179451,0.207089,True,22.3673
64,10026,2018-06-14,0.0018383,0.246889,True,30.6944
64,10027,2018-06-15,0.00182916,0.0539443,True,4.24552
64,10028,2018-06-16,0.00181451,0.0368403,True,1.00196
64,10029,2018-06-17,0.00183553,0.0705784,True,19.5189
64,10030,2018-06-18,0.00182231,0.0277482,True,1.14872
64,10031,2018-06-19,0.0018241,0.0407228,True,9.01703
64,10032,2018-06-20,0.0018399,0.0617548,True,16.7698
64,10033,2018-06-21,0.00186432,0.0647107,True,21.9809
64,10034,2018-06-22,0.00187742,0.0530724,True,15.7003
64,10035,2018-06-23,0.00187856,0.0304832,True,8.58206
64,10036,2018-06-24,0.00188391,0.0418114,True,11.048
64,10037,2018-06-25,0.00187486,0.0292803,True,2.05183
64,10038,2018-06-26,0.00188521,0.0422495,True,13.9908
64,10039,2018-06-27,0.0018875,0.0351281,True,8.89482
64,10040,2018-06-28,0.00190221,0.0576858,True,16.9168
64,10041,2018-06-29,0.00190277,0.0299713,True,7.7057
64,10042,2018-06-30,0.00189515,0.0234069,True,2.14133
64,10043,2018-07-01,0.00189409,0.0263242,True,6.35077
64,10044,2018-07-02,0.0018972,0.0289164,True,9.08091
64,10045,2018-07-03,0.00192475,0.0640477,True,26.0598
64,10046,2018-07-04,0.00191784,0.0225167,True,2.10981
64,10047,2018-07-05,0.00190848,0.021793,True,0.189271
64,10048,2018-07-06,0,0.00916649,False,0
64,10049,2018-07-07,0.000733397,0.016982,True,8.46145
64,10050,2018-07-08,0.00114441,0.0326251,True,20.2542
64,10051,2018-07-09,0.00171082,0.114672,True,49.9041
64,10052,2018-07-10,0.00204946,0.181863,True,50.8882
64,10053,2018-07-11,0.00241319,0.210251,True,70.6286
64,10054,2018-07-12,0.0025653,0.167706,True,45.8965
64,10055,2018-07-13,0.00278438,0.186204,True,65.804
64,10056,2018-07-14,0.00293642,0.199926,True,57.2585
64,10057,2018-07-15,0.00302905,0.182517,True,45.4055
64,10058,2018-07-16,0.00339481,0.274318,True,134.898
64,10059,2018-07-17,0.00350597,0.316282,True,62.9914
64,10060,2018-07-18,0.00360159,0.27242,True,60.3048
64,10061,2018-07-19,0.00359418,0.127286,True,21.2046
64,10062,2018-07-20,0.00364775,0.154182,True,45.2867
64,10063,2018-07-21,0.00363756,0.0815424,True,18.4411
64,10064,2018-07-22,0.00363589,0.0729731,True,21.1302
64,10065,2018-07-23,0.00364087,0.0517737,True,23.3593
64,10066,2018-07-24,0.00367328,0.113053,True,35.6642
64,10067,2018-07-25,0.00374188,0.218819,True,53.6292
64,10068,2018-07-26,0.0037552,0.188559,True,27.1075
64,10069,2018-07-27,0.00374504,0.0758708,True,14.7374
64,10070,2018-07-28,0.00371001,0.0143379,True,1.02944
64,10071,2018-07-29,0.00373352,0.054837,True,31.0016
64,10072,2018-07-30,0.00370853,0.0250751,True,4.73647
64,10073,2018-07-31,0.0036938,0.0260603,True,9.53568
64,10074,2018-08-01,0.00367663,0.0196825,True,7.54246
64,10075,2018-08-02,0.00364889,0.0152788,True,0.98689
64,10076,2018-08-03,0.00363958,0.0277459,True,10.6884
64,10077,2018-08-04,0.00361623,0.015408,True,2.18348
64,10078,2018-08-05,0.00359225,0.0136915,True,1.21202
64,10079,2018-08-06,0.00357298,0.0152982,True,3.36198
64,10080,2018-08-07,0.0035943,0.0602879,True,26.7763
64,10081,2018-08-08,0.00365724,0.176418,True,52.2935
64,10082,2018-08-09,0.00390204,0.418673,True,171.711
64,10083,2018-08-10,0.00394576,0.367761,True,45.7816
64,10084,2018-08-11,0.00398925,0.281934,True,46.4656
64,10085,2018-08-12,0.00401635,0.172892,True,35.6136
64,10086,2018-08-13,0.00409665,0.301408,True,74.8333
64,10087,2018-08-14,0.00417777,0.368233,True,77.8176
64,10088,2018-08-15,0.00435438,0.474365,True,156.061
64,10089,2018-08-16,0.00458468,0.594328,True,210.872
64,10090,2018-08-17,0.00467397,0.576139,True,98.5961
64,10091,2018-08-18,0.004731,0.399676,True,72.2485
64,10092,2018-08-19,0.00476886,0.261202,True,55.9562
64,10093,2018-08-20,0.00478371,0.208314,True,35.0879
64,10094,2018-08-21,0.00477597,0.0642451,True,13.7778
64,10095,2018-08-22,0.00475909,0.0147135,True,4.71919
64,10096,2018-08-23,0.00473892,0.0173247,True,1.10141
64,10097,2018-08-24,0.00471875,0.0185212,True,0.594283
64,10098,2018-08-25,0,0.00679275,False,0
64,10099,2018-08-26,0,0.00654566,False,0
64,10100,2018-08-27,0.00080563,0.0104583,True,5.15454
64,10101,2018-08-28,0.00130333,0.0179246,True,13.6903
64,10102,2018-08-29,0.00150737,0.0179885,True,11.5619
64,10103,2018-08-30,0.00157257,0.0123922,True,7.25962
64,10104,2018-08-31,0.00151096,0.00933767,True,0.608327
73,10013,2018-06-01,0.00237617,0.0154086,True,0
73,10014,2018-06-02,0,0.0130298,False,0
73,10015,2018-06-03,0.00134296,0.0320105,True,10.6574
73,10016,2018-06-04,0.00260836,0.100955,True,46.1845
73,10017,2018-06-05,0.00292351,0.144718,True,29.16
73,10018,2018-06-06,0.00280408,0.0277915,True,3.57976
73,10019,2018-06-07,0.00283605,0.0332788,True,11.6008
73,10020,2018-06-08,0.0033149,0.101289,True,50.1213
73,10021,2018-06-09,0.00337977,0.0808131,True,17.251
73,10022,2018-06-10,0.0034101,0.0516749,True,13.5496
73,10023,2018-06-11,0.00379142,0.154627,True,56.6359
73,10024,2018-06-12,0.00375344,0.0460586,True,6.2066
73,10025,2018-06-13,0.00375867,0.0464269,True,11.2479
73,10026,2018-06-14,0.0039345,0.0655804,True,36.3825
73,10027,2018-06-15,0.00400623,0.072099,True,22.0334
73,10028,2018-06-16,0.00394336,0.0256499,True,0
73,10029,2018-06-17,0.00398576,0.0366246,True,16.9633
73,10030,2018-06-18,0.00409617,0.0691511,True,29.3798
73,10031,2018-06-19,0.00418766,0.138609,True,27.0885
73,10032,2018-06-20,0.00449674,0.183261,True,72.9885
73,10033,2018-06-21,0.00463354,0.231779,True,41.292
73,10034,2018-06-22,0.00467295,0.104583,True,20.5648
73,10035,2018-06-23,0.00467318,0.0363148,True,11.4228
73,10036,2018-06-24,0.00466853,0.0226001,True,9.95103
73,10037,2018-06-25,0.00463634,0.0162414,True,2.89067
73,10038,2018-06-26,0.00468107,0.0272421,True,21.54
73,10039,2018-06-27,0.00465513,0.0152578,True,3.71656
73,10040,2018-06-28,0.00468309,0.0243135,True,17.2385
73,10041,2018-06-29,0.00473717,0.0271343,True,24.293
73,10042,2018-06-30,0.00473024,0.0144673,True,8.03896
73,10043,2018-07-01,0.00469497,0.010529,True,0
73,10044,2018-07-02,0.00467434,0.011911,True,3.64486
73,10045,2018-07-03,0.00464791,0.0120327,True,1.71538
73,10046,2018-07-04,0.00462797,0.0114028,True,3.21527
73,10047,2018-07-05,0.0045977,0.0127547,True,0
73,10048,2018-07-06,0.00460295,0.0245272,True,9.86524
73,10049,2018-07-07,0.00457458,0.0171535,True,0
73,10050,2018-07-08,0.00468888,0.0700189,True,41.9394
73,10051,2018-07-09,0.00470018,0.0456626,True,11.7384
73,10052,2018-07-10,0.00490744,0.113665,True,73.7416
73,10053,2018-07-11,0.00500335,0.169979,True,40.5579
73,10054,2018-07-12,0.00510623,0.151768,True,44.2134
73,10055,2018-07-13,0.0051422,0.0757806,True,21.9382
73,10056,2018-07-14,0.00518622,0.0650534,True,25.0603
73,10057,2018-07-15,0.00521802,0.0333636,True,20.9482
73,10058,2018-07-16,0.00546203,0.127054,True,101.577
73,10059,2018-07-17,0.00559316,0.192198,True,62.11
73,10060,2018-07-18,0.00580881,0.201488,True,99.7011
73,10061,2018-07-19,0.00590632,0.245177,True,53.1766
73,10062,2018-07-20,0.00592429,0.0882005,True,19.4137
73,10063,2018-07-21,0.00591622,0.0312274,True,7.90282
73,10064,2018-07-22,0.00590454,0.0157695,True,6.10426
73,10065,2018-07-23,0.00590025,0.0207839,True,9.21575
73,10066,2018-07-24,0.00597129,0.0680729,True,43.3756
73,10067,2018-07-25,0.00601467,0.160362,True,31.2982
73,10068,2018-07-26,0.0060092,0.0566201,True,8.64229
73,10069,2018-07-27,0.00599411,0.0153322,True,3.93848
73,10070,2018-07-28,0.00597344,0.0145924,True,1.0856
73,10071,2018-07-29,0.00595594,0.0143563,True,2.36929
73,10072,2018-07-30,0.00597877,0.0331772,True,21.5295
73,10073,2018-07-31,0.00602531,0.0850469,True,33.224
73,10074,2018-08-01,0.00604266,0.0681208,True,19.1731
73,10075,2018-08-02,0.00602834,0.0184057,True,3.43758
73,10076,2018-08-03,0.00604214,0.0288688,True,17.3309
73,10077,2018-08-04,0.00602207,0.0131703,True,0.249223
73,10078,2018-08-05,0.00600834,0.0121225,True,3.25569
73,10079,2018-08-06,0.00599109,0.0151206,True,1.29874
73,10080,2018-08-07,0.00597526,0.0158353,True,1.84564
73,10081,2018-08-08,0.00602602,0.0690078,True,35.9581
73,10082,2018-08-09,0.00601983,0.0294162,True,6.66034
73,10083,2018-08-10,0.00601406,0.0226637,True,6.75454
73,10084,2018-08-11,0.00600709,0.0241042,True,6.01333
73,10085,2018-08-12,0.00600411,0.0306279,True,8.00194
73,10086,2018-08-13,0.00599981,0.029341,True,7.2051
73,10087,2018-08-14,0.00599134,0.0240457,True,4.87714
73,10088,2018-08-15,0.0062112,0.247072,True,129.878
73,10089,2018-08-16,0.00651313,0.608586,True,184.189
73,10090,2018-08-17,0.00664469,0.584881,True,90.0755
73,10091,2018-08-18,0.00664346,0.152776,True,10.5255
73,10092,2018-08-19,0.00663135,0.0337282,True,3.75462
73,10093,2018-08-20,0.00662726,0.0319077,True,8.54407
73,10094,2018-08-21,0.00662284,0.0294595,True,8.23946
73,10095,2018-08-22,0.00661554,0.027234,True,6.34168
73,10096,2018-08-23,0.00660131,0.0236589,True,1.88833
73,10097,2018-08-24,0.00658447,0.0599784,True,0.108523
73,10098,2018-08-25,0,0.00619887,False,0.108523
73,10099,2018-08-26,0,0.00606269,False,0
73,10100,2018-08-27,0.000731281,0.00708443,False,1.73337
73,10101,2018-08-28,0.00112509,0.00992333,True,3.98029
73,10102,2018-08-29,0.00137151,0.0125208,True,4.56033
73,10103,2018-08-30,0.00152089,0.012085,True,4.15825
73,10104,2018-08-31,0.00145777,0.0118643,False,0.160173
74,10013,2018-06-01,0.00243454,0.0304854,True,0
74,10014,2018-06-02,0,0.0200836,False,0
74,10015,2018-06-03,0.00128108,0.045306,True,10.7353
74,10016,2018-06-04,0.00190343,0.0514645,True,22.2172
74,10017,2018-06-05,0.00241816,0.0955144,True,31.5911
74,10018,2018-06-06,0.00228959,0.0302815,True,0.920603
74,10019,2018-06-07,0.0025766,0.0789896,True,26.6895
74,10020,2018-06-08,0.00304486,0.18979,True,48.7905
74,10021,2018-06-09,0.00325564,0.19665,True,32.2613
74,10022,2018-06-10,0.0034432,0.192896,True,33.0222
74,10023,2018-06-11,0.00364886,0.175828,True,38.6335
74,10024,2018-06-12,0.00371425,0.119507,True,21.2255
74,10025,2018-06-13,0.00384011,0.155498,True,31.192
74,10026,2018-06-14,0.00412283,0.329457,True,60.4483
74,10027,2018-06-15,0.00417011,0.169308,True,21.6848
74,10028,2018-06-16,0.00410468,0.0517057,True,0
74,10029,2018-06-17,0.0040602,0.0293988,True,3.01367
74,10030,2018-06-18,0.0040586,0.05297,True,10.7175
74,10031,2018-06-19,0.00412817,0.0793819,True,25.0804
74,10032,2018-06-20,0.00432691,0.209157,True,54.4314
74,10033,2018-06-21,0.00448194,0.239769,True,47.928
74,10034,2018-06-22,0.00453956,0.175482,True,26.1529
74,10035,2018-06-23,0.00454575,0.0842758,True,13.4654
74,10036,2018-06-24,0.00455782,0.0334278,True,14.7497
74,10037,2018-06-25,0.00455009,0.0273305,True,9.3275
74,10038,2018-06-26,0.00455817,0.0277843,True,13.2528
74,10039,2018-06-27,0.00454007,0.0224967,True,5.87022
74,10040,2018-06-28,0.00457548,0.0323493,True,20.4637
74,10041,2018-06-29,0.00460705,0.0313671,True,19.5456
74,10042,2018-06-30,0.00458951,0.0159841,True,5.26641
74,10043,2018-07-01,0.00455528,0.0143741,True,0
74,10044,2018-07-02,0.00453145,0.014543,True,2.66753
74,10045,2018-07-03,0.00452557,0.018582,True,7.71376
74,10046,2018-07-04,0.00450346,0.0159969,True,2.56127
74,10047,2018-07-05,0.00447399,0.0180803,True,0
74,10048,2018-07-06,0.00451752,0.0398157,True,22.3149
74,10049,2018-07-07,0.00448967,0.0217845,True,0
74,10050,2018-07-08,0.00457372,0.0795952,True,35.6074
74,10051,2018-07-09,0.00456953,0.0316705,True,7.36683
74,10052,2018-07-10,0.00473753,0.150173,True,65.5909
74,10053,2018-07-11,0.00482742,0.149387,True,40.8908
74,10054,2018-07-12,0.00493147,0.169871,True,47.3408
74,10055,2018-07-13,0.00497706,0.126802,True,26.7449
74,10056,2018-07-14,0.00502497,0.131162,True,28.0428
74,10057,2018-07-15,0.00508761,0.142722,True,34.2865
74,10058,2018-07-16,0.00531414,0.205823,True,102.245
74,10059,2018-07-17,0.00540426,0.171978,True,48.997
74,10060,2018-07-18,0.00555369,0.201886,True,76.6237
74,10061,2018-07-19,0.00557473,0.100616,True,20.9067
74,10062,2018-07-20,0.00560692,0.12564,True,26.1042
74,10063,2018-07-21,0.00560429,0.0408179,True,10.1476
74,10064,2018-07-22,0.00558999,0.0171406,True,4.55364
74,10065,2018-07-23,0.00560424,0.0339143,True,17.7531
74,10066,2018-07-24,0.00568365,0.119192,True,49.0347
74,10067,2018-07-25,0.00575795,0.212435,True,47.6127
74,10068,2018-07-26,0.00575746,0.0781764,True,11.1248
74,10069,2018-07-27,0.00573733,0.0241756,True,1.16452
74,10070,2018-07-28,0.00571619,0.0195192,True,0.427486
74,10071,2018-07-29,0.00571022,0.0279457,True,7.83976
74,10072,2018-07-30,0.00573735,0.0494807,True,24.5829
74,10073,2018-07-31,0.00576826,0.0846066,True,26.7226
74,10074,2018-08-01,0.00580686,0.160033,True,30.9925
74,10075,2018-08-02,0.00580033,0.0544733,True,7.33668
74,10076,2018-08-03,0.00583613,0.0956241,True,29.8317
74,10077,2018-08-04,0.00581739,0.0303832,True,0.604843
74,10078,2018-08-05,0.00580363,0.0198084,True,3.09845
74,10079,2018-08-06,0.00580123,0.0365105,True,9.09884
74,10080,2018-08-07,0.00578239,0.0253278,True,0
74,10081,2018-08-08,0.00587448,0.134687,True,61.2361
74,10082,2018-08-09,0.00586964,0.0449069,True,7.68184
74,10083,2018-08-10,0.0058708,0.0646383,True,10.96
74,10084,2018-08-11,0.00587078,0.0459393,True,10.2124
74,10085,2018-08-12,0.00587652,0.0438583,True,13.4397
74,10086,2018-08-13,0.00588068,0.0451792,True,12.4855
74,10087,2018-08-14,0.00588435,0.0462344,True,12.1584
74,10088,2018-08-15,0.00607484,0.267228,True,123.427
74,10089,2018-08-16,0.00638307,0.562842,True,203.569
74,10090,2018-08-17,0.00655206,0.557601,True,122.438
74,10091,2018-08-18,0.00657587,0.456285,True,28.1267
74,10092,2018-08-19,0.00657929,0.116985,True,14.4734
74,10093,2018-08-20,0.00657008,0.0310574,True,5.83405
74,10094,2018-08-21,0.00656377,0.0360108,True,7.67467
74,10095,2018-08-22,0.00655719,0.039431,True,7.35509
74,10096,2018-08-23,0.00654607,0.0287666,True,4.11345
74,10097,2018-08-24,0.0065292,0.0860546,True,0
74,10098,2018-08-25,0,0.00893004,False,0
74,10099,2018-08-26,0,0.00696407,False,0
74,10100,2018-08-27,0,0.00818735,False,0.815678
74,10101,2018-08-28,0.00159391,0.0150827,True,7.30208
74,10102,2018-08-29,0.00201176,0.0161263,True,8.71472
74,10103,2018-08-30,0.00186861,0.011718,True,0.431914
74,10104,2018-08-31,0,0.00996948,False,0.144859
75,10013,2018-06-01,0.00165863,0.032343,True,0.13604
75,10014,2018-06-02,0,0.0202382,False,0
75,10015,2018-06-03,0.000580717,0.0270234,True,5.2845
75,10016,2018-06-04,0.000927448,0.0414623,True,13.5243
75,10017,2018-06-05,0.00132626,0.0709806,True,28.1756
75,10018,2018-06-06,0.00125237,0.0225995,True,0.412777
75,10019,2018-06-07,0.00150507,0.0855035,True,28.9748
75,10020,2018-06-08,0.00164627,0.0745577,True,23.191
75,10021,2018-06-09,0.00189957,0.209444,True,43.5635
75,10022,2018-06-10,0.00236194,0.357129,True,94.7563
75,10023,2018-06-11,0.00253833,0.281398,True,52.805
75,10024,2018-06-12,0.00267712,0.273338,True,49.1674
75,10025,2018-06-13,0.00275378,0.232743,True,35.8408
75,10026,2018-06-14,0.0029941,0.364994,True,88.2582
75,10027,2018-06-15,0.00296992,0.0877998,True,8.68945
75,10028,2018-06-16,0.00292476,0.0509466,True,0.498814
75,10029,2018-06-17,0.00291702,0.0431687,True,11.9557
75,10030,2018-06-18,0.00288798,0.0273937,True,3.80184
75,10031,2018-06-19,0.00288627,0.0411626,True,12.6331
75,10032,2018-06-20,0.00295422,0.079603,True,38.0963
75,10033,2018-06-21,0.00303855,0.192017,True,46.0709
75,10034,2018-06-22,0.00308331,0.186816,True,31.749
75,10035,2018-06-23,0.00307585,0.0759025,True,10.2828
75,10036,2018-06-24,0.00306554,0.0269064,True,8.58268
75,10037,2018-06-25,0.00304644,0.0234215,True,4.27896
75,10038,2018-06-26,0.00307616,0.0436392,True,25.3401
75,10039,2018-06-27,0.00306044,0.0205972,True,4.96352
75,10040,2018-06-28,0.00307504,0.0406303,True,18.4422
75,10041,2018-06-29,0.00308457,0.028793,True,16.0549
75,10042,2018-06-30,0.00308209,0.0195033,True,10.212
75,10043,2018-07-01,0.00306352,0.0136418,True,2.15397
75,10044,2018-07-02,0.00304841,0.0142982,True,3.41154
75,10045,2018-07-03,0.00304945,0.0227342,True,11.0172
75,10046,2018-07-04,0.00303421,0.0134697,True,2.68195
75,10047,2018-07-05,0.00301433,0.0165334,True,0
75,10048,2018-07-06,0.00300453,0.0201372,True,4.75047
75,10049,2018-07-07,0.00299632,0.0238249,True,5.29624
75,10050,2018-07-08,0.00302849,0.0556156,True,26.1146
75,10051,2018-07-09,0.00308816,0.110927,True,41.4349
75,10052,2018-07-10,0.00317509,0.180796,True,58.0867
75,10053,2018-07-11,0.00327105,0.193748,True,65.8422
75,10054,2018-07-12,0.00332496,0.176808,True,43.0127
75,10055,2018-07-13,0.00335983,0.153504,True,32.2723
75,10056,2018-07-14,0.00343389,0.191523,True,57.884
75,10057,2018-07-15,0.00347797,0.168778,True,39.9902
75,10058,2018-07-16,0.00357647,0.21762,True,77.8326
75,10059,2018-07-17,0.00362695,0.176844,True,47.035
75,10060,2018-07-18,0.00369108,0.195843,True,57.9604
75,10061,2018-07-19,0.00370797,0.125318,True,24.6751
75,10062,2018-07-20,0.00373595,0.17855,True,33.0795
75,10063,2018-07-21,0.00373811,0.0547095,True,13.9589
75,10064,2018-07-22,0.0037341,0.0326452,True,9.15406
75,10065,2018-07-23,0.0037407,0.0420077,True,17.1068
75,10066,2018-07-24,0.00377469,0.0930734,True,38.3938
75,10067,2018-07-25,0.00378661,0.0712874,True,21.4646
75,10068,2018-07-26,0.00379209,0.0640056,True,16.3702
75,10069,2018-07-27,0.00378195,0.0190262,True,3.75902
75,10070,2018-07-28,0.00376902,0.0193389,True,1.28834
75,10071,2018-07-29,0.00377309,0.0347383,True,14.8364
75,10072,2018-07-30,0.0037745,0.0338476,True,12.5959
75,10073,2018-07-31,0.00379926,0.0832652,True,31.881
75,10074,2018-08-01,0.00384791,0.227838,True,52.4478
75,10075,2018-08-02,0.00384041,0.0515368,True,5.16899
75,10076,2018-08-03,0.00383932,0.0487103,True,10.4916
75,10077,2018-08-04,0.00382636,0.0183763,True,0.113367
75,10078,2018-08-05,0.00381835,0.0200555,True,4.19297
75,10079,2018-08-06,0.00380848,0.0213858,True,2.3904
75,10080,2018-08-07,0.00380665,0.0323212,True,9.23841
75,10081,2018-08-08,0.00385708,0.149577,True,55.5415
75,10082,2018-08-09,0.00389903,0.264347,True,48.9403
75,10083,2018-08-10,0.00389906,0.0982397,True,11.1273
75,10084,2018-08-11,0.00389929,0.061277,True,11.2252
75,10085,2018-08-12,0.00390365,0.0533942,True,14.9797
75,10086,2018-08-13,0.00392133,0.0907423,True,27.4473
75,10087,2018-08-14,0.003955,0.193898,True,42.8669
75,10088,2018-08-15,0.00407919,0.375136,True,132.22
75,10089,2018-08-16,0.00424501,0.630908,True,180.743
75,10090,2018-08-17,0.00435616,0.593933,True,130.628
75,10091,2018-08-18,0.00438069,0.438846,True,39.7808
75,10092,2018-08-19,0.00439073,0.178931,True,24.1995
75,10093,2018-08-20,0.00438811,0.0697352,True,10.2567
75,10094,2018-08-21,0.00438527,0.0469944,True,9.88803
75,10095,2018-08-22,0.0043784,0.0391222,True,5.27526
75,10096,2018-08-23,0.00436889,0.0335093,True,2.15837
75,10097,2018-08-24,0.0043578,0.0406173,True,0.226734
75,10098,2018-08-25,0,0.00731745,False,0.13604
75,10099,2018-08-26,0,0.00722819,False,0
75,10100,2018-08-27,0,0.00718732,False,0.226734
75,10101,2018-08-28,0.000985816,0.0173346,True,7.84964
75,10102,2018-08-29,0.00134495,0.0228538,True,12.3555
75,10103,2018-08-30,0.00125115,0.0123808,True,0.612181
75,10104,2018-08-31,0,0.00921839,False,0.54416
76,10013,2018-06-01,0.00114518,0.0338612,True,0.385211
76,10014,2018-06-02,0,0.0200387,False,0
76,10015,2018-06-03,0.000630821,0.0351004,True,9.12975
76,10016,2018-06-04,0.00082206,0.0548314,True,12.2475
76,10017,2018-06-05,0.000953385,0.0497488,True,13.3071
76,10018,2018-06-06,0.000906801,0.0239282,True,0.830911
76,10019,2018-06-07,0.000906515,0.0246141,True,3.6464
76,10020,2018-06-08,0.00105826,0.0523708,True,19.2097
76,10021,2018-06-09,0.0013219,0.110558,True,40.4184
76,10022,2018-06-10,0.00177886,0.403767,True,94.3974
76,10023,2018-06-11,0.0020004,0.336426,True,65.9962
76,10024,2018-06-12,0.00217728,0.334159,True,64.1476
76,10025,2018-06-13,0.00224007,0.229479,True,34.2366
76,10026,2018-06-14,0.00239624,0.365716,True,69.382
76,10027,2018-06-15,0.00236259,0.0867055,True,2.62168
76,10028,2018-06-16,0.00232949,0.0476196,True,1.54194
76,10029,2018-06-17,0.00235447,0.072821,True,23.2001
76,10030,2018-06-18,0.00232981,0.0311812,True,3.07361
76,10031,2018-06-19,0.00233408,0.0542946,True,14.1658
76,10032,2018-06-20,0.00235559,0.0479852,True,21.2694
76,10033,2018-06-21,0.00237341,0.0522311,True,19.7945
76,10034,2018-06-22,0.00237602,0.0397165,True,12.915
76,10035,2018-06-23,0.00237071,0.0261985,True,8.95993
76,10036,2018-06-24,0.00236395,0.0272732,True,7.86826
76,10037,2018-06-25,0.00235428,0.0268026,True,6.07906
76,10038,2018-06-26,0.00237825,0.0415161,True,22.1876
76,10039,2018-06-27,0.00236419,0.0209959,True,3.30046
76,10040,2018-06-28,0.00237443,0.0358089,True,15.2396
76,10041,2018-06-29,0.00237646,0.0366338,True,10.9451
76,10042,2018-06-30,0.0023796,0.0327754,True,11.3625
76,10043,2018-07-01,0.00237378,0.0228232,True,6.40285
76,10044,2018-07-02,0.00236672,0.0228072,True,5.46742
76,10045,2018-07-03,0.00239195,0.0387483,True,23.0604
76,10046,2018-07-04,0.00237612,0.0193795,True,0.192605
76,10047,2018-07-05,0,0.00909531,False,0
76,10048,2018-07-06,0,0.00665139,False,0
76,10049,2018-07-07,0.000772919,0.0227193,True,9.74543
76,10050,2018-07-08,0.00109574,0.0288456,True,17.3979
76,10051,2018-07-09,0.00169796,0.134919,True,52.8776
76,10052,2018-07-10,0.00197657,0.151787,True,44.2291
76,10053,2018-07-11,0.00240771,0.207358,True,81.6769
76,10054,2018-07-12,0.00255554,0.174116,True,46.4209
76,10055,2018-07-13,0.0026564,0.174458,True,40.1965
76,10056,2018-07-14,0.00284595,0.201839,True,65.154
76,10057,2018-07-15,0.00289685,0.115191,True,33.1025
76,10058,2018-07-16,0.00309771,0.265905,True,79.3235
76,10059,2018-07-17,0.00316383,0.182441,True,42.0213
76,10060,2018-07-18,0.00322424,0.175111,True,41.2134
76,10061,2018-07-19,0.00322233,0.0712328,True,19.1767
76,10062,2018-07-20,0.00325669,0.0880357,True,32.1123
76,10063,2018-07-21,0.00325434,0.0472075,True,17.7472
76,10064,2018-07-22,0.00325924,0.0456771,True,19.9557
76,10065,2018-07-23,0.00325191,0.0320047,True,14.341
76,10066,2018-07-24,0.0032661,0.0388257,True,22.8385
76,10067,2018-07-25,0.00329234,0.0567539,True,27.9861
76,10068,2018-07-26,0.0033028,0.0574693,True,20.9368
76,10069,2018-07-27,0.00328355,0.0242604,True,6.91086
76,10070,2018-07-28,0.00325503,0.0137788,True,1.84621
76,10071,2018-07-29,0.00327284,0.0388539,True,23.1059
76,10072,2018-07-30,0.00324766,0.0165791,True,2.14982
76,10073,2018-07-31,0.00323692,0.0222357,True,8.55632
76,10074,2018-08-01,0.00327708,0.0610709,True,33.6712
76,10075,2018-08-02,0.00325219,0.0197104,True,0.729085
76,10076,2018-08-03,0.00323845,0.0218253,True,5.89665
76,10077,2018-08-04,0.00321605,0.0130126,True,0.925936
76,10078,2018-08-05,0,0.00765121,False,0.804605
76,10079,2018-08-06,0.000570606,0.00884093,True,4.16623
76,10080,2018-08-07,0.00114082,0.0319191,True,19.385
76,10081,2018-08-08,0.00183371,0.0927283,True,51.3236
76,10082,2018-08-09,0.00253265,0.284296,True,90.5446
76,10083,2018-08-10,0.00253982,0.073407,True,18.1693
76,10084,2018-08-11,0.00254804,0.0769433,True,16.6975
76,10085,2018-08-12,0.00257237,0.0361673,True,18.3289
76,10086,2018-08-13,0.00272177,0.114611,True,41.8971
76,10087,2018-08-14,0.00299965,0.27184,True,74.8325
76,10088,2018-08-15,0.00335928,0.239204,True,108.432
76,10089,2018-08-16,0.00382364,0.520823,True,160.895
76,10090,2018-08-17,0.00409768,0.593157,True,120.225
76,10091,2018-08-18,0.00414708,0.516595,True,44.862
76,10092,2018-08-19,0.00415487,0.168727,True,28.6565
76,10093,2018-08-20,0.00413645,0.104473,True,17.1364
76,10094,2018-08-21,0.00410994,0.04567,True,12.4691
76,10095,2018-08-22,0.00407139,0.0265716,True,6.03554
76,10096,2018-08-23,0.00402604,0.0204608,True,1.72121
76,10097,2018-08-24,0.00398149,0.0193908,True,0.711641
76,10098,2018-08-25,0,0.00886107,False,0.385211
76,10099,2018-08-26,0,0.00799745,False,0.256807
76,10100,2018-08-27,0.000317077,0.00807427,False,1.13037
76,10101,2018-08-28,0.000832969,0.0303297,True,10.0748
76,10102,2018-08-29,0.00105229,0.0310311,True,10.4766
76,10103,2018-08-30,0.00104794,0.0143894,True,2.72313
76,10104,2018-08-31,0.00103126,0.0153375,True,1.64749
77,10013,2018-06-01,0.00119146,0.0508084,True,0.355855
77,10014,2018-06-02,0,0.0290553,False,0
77,10015,2018-06-03,0.0006369,0.080848,True,9.80313
77,10016,2018-06-04,0.00072744,0.0573776,True,7.69279
77,10017,2018-06-05,0.000814401,0.0586519,True,8.9009
77,10018,2018-06-06,0.000777938,0.0357497,True,0.872584
77,10019,2018-06-07,0.000787578,0.0369303,True,3.59203
77,10020,2018-06-08,0.000916057,0.0812026,True,14.7914
77,10021,2018-06-09,0.00122122,0.139445,True,42.6891
77,10022,2018-06-10,0.00157774,0.451921,True,70.4863
77,10023,2018-06-11,0.00186373,0.462091,True,76.9939
77,10024,2018-06-12,0.00203861,0.416734,True,61.3817
77,10025,2018-06-13,0.00208564,0.33002,True,27.6788
77,10026,2018-06-14,0.00216398,0.338614,True,39.3717
77,10027,2018-06-15,0.00213867,0.0616051,True,4.04081
77,10028,2018-06-16,0.00210941,0.0451275,True,1.57859
77,10029,2018-06-17,0.00213474,0.091787,True,20.9236
77,10030,2018-06-18,0.00210895,0.0382892,True,1.32874
77,10031,2018-06-19,0.00211374,0.0726784,True,12.5112
77,10032,2018-06-20,0.00212956,0.0774947,True,16.753
77,10033,2018-06-21,0.00215637,0.0855204,True,21.4464
77,10034,2018-06-22,0.00216928,0.0859217,True,15.7386
77,10035,2018-06-23,0.00216636,0.0475835,True,8.67085
77,10036,2018-06-24,0.00216381,0.05184,True,8.52339
77,10037,2018-06-25,0.00215248,0.0422349,True,4.19285
77,10038,2018-06-26,0.00215933,0.0734933,True,12.3066
77,10039,2018-06-27,0.00215298,0.0481353,True,5.90704
77,10040,2018-06-28,0.00216647,0.0672441,True,15.2573
77,10041,2018-06-29,0.00216602,0.0541328,True,8.39514
77,10042,2018-06-30,0.0021632,0.0433264,True,7.01058
77,10043,2018-07-01,0.00215838,0.0418472,True,5.7827
77,10044,2018-07-02,0.00216093,0.0461921,True,9.37331
77,10045,2018-07-03,0.00220427,0.120697,True,30.9871
77,10046,2018-07-04,0.0021898,0.0566668,True,0.241181
77,10047,2018-07-05,0,0.0171972,False,0.12493
77,10048,2018-07-06,0,0.013673,False,0
77,10049,2018-07-07,0.00076247,0.0442687,True,9.85178
77,10050,2018-07-08,0.00110136,0.0513594,True,18.6667
77,10051,2018-07-09,0.0016388,0.172527,True,48.8111
77,10052,2018-07-10,0.00192578,0.250982,True,45.0971
77,10053,2018-07-11,0.00230936,0.315708,True,74.02
77,10054,2018-07-12,0.00245837,0.300537,True,45.745
77,10055,2018-07-13,0.00262873,0.331745,True,55.4513
77,10056,2018-07-14,0.00277255,0.313894,True,54.7185
77,10057,2018-07-15,0.00284961,0.26101,True,40.3799
77,10058,2018-07-16,0.00313827,0.291081,True,109.319
77,10059,2018-07-17,0.00323675,0.341115,True,56.0285
77,10060,2018-07-18,0.00332467,0.376371,True,54.8111
77,10061,2018-07-19,0.00331252,0.175402,True,17.2346
77,10062,2018-07-20,0.00334981,0.218286,True,36.1512
77,10063,2018-07-21,0.00334341,0.0997551,True,17.8716
77,10064,2018-07-22,0.00335372,0.0989092,True,24.2348
77,10065,2018-07-23,0.00335488,0.0854581,True,19.7112
77,10066,2018-07-24,0.00337689,0.129679,True,28.7326
77,10067,2018-07-25,0.00342557,0.250406,True,41.5017
77,10068,2018-07-26,0.00343686,0.183437,True,23.8267
77,10069,2018-07-27,0.00342242,0.0758459,True,10.6059
77,10070,2018-07-28,0.00339137,0.0226428,True,1.41097
77,10071,2018-07-29,0.00340564,0.0647622,True,23.9163
77,10072,2018-07-30,0.00338031,0.0309414,True,2.88628
77,10073,2018-07-31,0.00336585,0.0349038,True,7.91145
77,10074,2018-08-01,0.00335885,0.0494811,True,11.3664
77,10075,2018-08-02,0.00333295,0.0249105,True,0.581256
77,10076,2018-08-03,0.00332429,0.0386258,True,9.44304
77,10077,2018-08-04,0.00330328,0.0283915,True,2.1238
77,10078,2018-08-05,0.00328033,0.0266412,True,0.49762
77,10079,2018-08-06,0.00326565,0.0311824,True,4.6539
77,10080,2018-08-07,0.00328969,0.0959096,True,26.5348
77,10081,2018-08-08,0.00334665,0.214568,True,46.4145
77,10082,2018-08-09,0.00355319,0.465214,True,142.271
77,10083,2018-08-10,0.00357426,0.424588,True,28.159
77,10084,2018-08-11,0.00359949,0.406916,True,31.161
77,10085,2018-08-12,0.00362244,0.297474,True,29.9175
77,10086,2018-08-13,0.00369153,0.399336,True,62.6012
77,10087,2018-08-14,0.0037879,0.462145,True,84.4902
77,10088,2018-08-15,0.00393147,0.461461,True,124.096
77,10089,2018-08-16,0.0041442,0.672426,True,187.412
77,10090,2018-08-17,0.00423761,0.641706,True,96.8345
77,10091,2018-08-18,0.00428364,0.559569,True,58.4121
77,10092,2018-08-19,0.00431686,0.391247,True,48.0198
77,10093,2018-08-20,0.00432931,0.306983,True,29.7899
77,10094,2018-08-21,0.00432486,0.146312,True,14.3816
77,10095,2018-08-22,0.00431077,0.0357618,True,5.23725
77,10096,2018-08-23,0.00429258,0.032802,True,1.03811
77,10097,2018-08-24,0.00427451,0.0428553,True,0.719072
77,10098,2018-08-25,0,0.0126248,False,0.988391
77,10099,2018-08-26,0,0.0117444,False,0.195067
77,10100,2018-08-27,0.000548948,0.0146844,True,2.91328
77,10101,2018-08-28,0.000995678,0.0447688,True,10.5616
77,10102,2018-08-29,0.00119825,0.0346088,True,10.1202
77,10103,2018-08-30,0.00125494,0.0235016,True,5.86697
77,10104,2018-08-31,0.0012168,0.018251,True,1.04333
87,10013,2018-06-01,0.00233861,0.022314,True,0
87,10014,2018-06-02,0,0.0166375,False,0.146105
87,10015,2018-06-03,0.000499768,0.0134832,False,1.3279
87,10016,2018-06-04,0.0021661,0.0934734,True,35.635
87,10017,2018-06-05,0.00226575,0.0496686,True,11.5306
87,10018,2018-06-06,0.00213918,0.0221354,True,0.405047
87,10019,2018-06-07,0.00234538,0.0392975,True,16.3294
87,10020,2018-06-08,0.00274523,0.0752089,True,32.5762
87,10021,2018-06-09,0.00331614,0.3012,True,56.7947
87,10022,2018-06-10,0.00360667,0.249362,True,40.4202
87,10023,2018-06-11,0.00368514,0.15339,True,19.73
87,10024,2018-06-12,0.00376327,0.092311,True,20.1723
87,10025,2018-06-13,0.00382405,0.045958,True,18.3251
87,10026,2018-06-14,0.00431951,0.390473,True,85.214
87,10027,2018-06-15,0.00432202,0.161181,True,12.5792
87,10028,2018-06-16,0.00425822,0.0655927,True,0.683064
87,10029,2018-06-17,0.00420906,0.0320164,True,2.26747
87,10030,2018-06-18,0.00416997,0.0297496,True,3.26358
87,10031,2018-06-19,0.00426706,0.072646,True,27.5491
87,10032,2018-06-20,0.004573,0.299066,True,70.5309
87,10033,2018-06-21,0.00467393,0.255675,True,32.5079
87,10034,2018-06-22,0.00466259,0.0819475,True,8.65984
87,10035,2018-06-23,0.00467564,0.0408345,True,13.7346
87,10036,2018-06-24,0.00464402,0.0191369,True,3.31875
87,10037,2018-06-25,0.00460499,0.0218412,True,1.10784
87,10038,2018-06-26,0.00466852,0.0367723,True,24.8141
87,10039,2018-06-27,0.00464409,0.0200525,True,3.87144
87,10040,2018-06-28,0.00476236,0.0764091,True,38.9754
87,10041,2018-06-29,0.00484162,0.0814623,True,30.3258
87,10042,2018-06-30,0.00484984,0.0543639,True,12.0878
87,10043,2018-07-01,0.00481368,0.0148236,True,0
87,10044,2018-07-02,0,0.00678501,False,0.178684
87,10045,2018-07-03,0.000522974,0.00492071,False,1.01415
87,10046,2018-07-04,0.000450818,0.00465964,False,0
87,10047,2018-07-05,0,0.00529933,False,0
87,10048,2018-07-06,0.00193377,0.0189309,True,15.9329
87,10049,2018-07-07,0.00166729,0.0105135,True,0
87,10050,2018-07-08,0.0027673,0.0474323,True,38.223
87,10051,2018-07-09,0.00321969,0.0520269,True,29.8727
87,10052,2018-07-10,0.00368085,0.139498,True,38.2004
87,10053,2018-07-11,0.00441392,0.202282,True,70.5346
87,10054,2018-07-12,0.00469488,0.142478,True,41.6222
87,10055,2018-07-13,0.00481062,0.100596,True,27.0503
87,10056,2018-07-14,0.0049109,0.0682016,True,25.9353
87,10057,2018-07-15,0.00508815,0.102197,True,36.5636
87,10058,2018-07-16,0.00549821,0.259464,True,72.6454
87,10059,2018-07-17,0.00566528,0.152444,True,41.8381
87,10060,2018-07-18,0.00596791,0.209605,True,67.3918
87,10061,2018-07-19,0.00597956,0.0680097,True,18.9145
87,10062,2018-07-20,0.00603533,0.0797632,True,26.701
87,10063,2018-07-21,0.00603972,0.033501,True,16.7716
87,10064,2018-07-22,0.00597649,0.0109891,True,2.81721
87,10065,2018-07-23,0.00595957,0.0200593,True,11.1459
87,10066,2018-07-24,0.00603224,0.0337623,True,29.1902
87,10067,2018-07-25,0.0060342,0.0444924,True,14.4032
87,10068,2018-07-26,0.00603494,0.0277379,True,13.7702
87,10069,2018-07-27,0.00598811,0.0121682,True,2.81139
87,10070,2018-07-28,0.00594506,0.0129152,True,3.00367
87,10071,2018-07-29,0.00591249,0.0136443,True,4.79015
87,10072,2018-07-30,0.00590014,0.0200036,True,8.94746
87,10073,2018-07-31,0.0059587,0.0347248,True,25.3446
87,10074,2018-08-01,0.00600581,0.0491241,True,22.9204
87,10075,2018-08-02,0.00597569,0.0151996,True,3.99278
87,10076,2018-08-03,0.0059812,0.0235534,True,12.4689
87,10077,2018-08-04,0.00594377,0.0136043,True,1.41766
87,10078,2018-08-05,0.0059304,0.0180518,True,7.1381
87,10079,2018-08-06,0.00589414,0.0171408,True,0.957007
87,10080,2018-08-07,0.00596381,0.0537518,True,28.317
87,10081,2018-08-08,0.00624553,0.446933,True,87.4631
87,10082,2018-08-09,0.00627201,0.0955116,True,18.4884
87,10083,2018-08-10,0.00625225,0.0388468,True,5.12251
87,10084,2018-08-11,0.00624373,0.0236651,True,8.11668
87,10085,2018-08-12,0.00626053,0.0336029,True,15.3887
87,10086,2018-08-13,0.00628028,0.0332524,True,16.255
87,10087,2018-08-14,0.00627298,0.0247183,True,8.02323
87,10088,2018-08-15,0.00660647,0.259294,True,115.44
87,10089,2018-08-16,0.00727269,0.658315,True,241.657
87,10090,2018-08-17,0.00756342,0.649123,True,122.587
87,10091,2018-08-18,0.00758716,0.361977,True,23.4825
87,10092,2018-08-19,0.00761572,0.123899,True,25.4199
87,10093,2018-08-20,0.00759176,0.0251954,True,4.5816
87,10094,2018-08-21,0.00756341,0.0163646,True,2.51019
87,10095,2018-08-22,0.00753916,0.0170519,True,3.82784
87,10096,2018-08-23,0.00750795,0.0190454,True,0.718406
87,10097,2018-08-24,0,0.00874479,False,0
87,10098,2018-08-25,0,0.00644226,False,0
87,10099,2018-08-26,0,0.00650105,False,0
87,10100,2018-08-27,0,0.00619423,False,0
87,10101,2018-08-28,0.00167834,0.0151231,True,9.07464
87,10102,2018-08-29,0.00233038,0.0210818,True,15.1588
87,10103,2018-08-30,0.00213685,0.00961728,True,0
87,10104,2018-08-31,0,0.00750223,False,0.109579
88,10013,2018-06-01,0.00215256,0.0276217,True,0
88,10014,2018-06-02,0,0.018024,False,0
88,10015,2018-06-03,0.000719154,0.0197816,True,4.6666
88,10016,2018-06-04,0.00172431,0.089896,True,33.7057
88,10017,2018-06-05,0.00181604,0.0406732,True,12.6842
88,10018,2018-06-06,0.00170765,0.0189314,True,0
88,10019,2018-06-07,0.00175687,0.0267342,True,8.67626
88,10020,2018-06-08,0.00212247,0.0771034,True,35.8476
88,10021,2018-06-09,0.00266011,0.238566,True,67.3913
88,10022,2018-06-10,0.00278361,0.135126,True,26.8476
88,10023,2018-06-11,0.00285109,0.129154,True,20.247
88,10024,2018-06-12,0.00291602,0.0606343,True,20.4539
88,10025,2018-06-13,0.00300247,0.0646549,True,24.8346
88,10026,2018-06-14,0.00329451,0.250983,True,66.0148
88,10027,2018-06-15,0.00328908,0.112663,True,10.4117
88,10028,2018-06-16,0.00324744,0.0509518,True,2.12201
88,10029,2018-06-17,0.00320084,0.032499,True,0.196612
88,10030,2018-06-18,0.00317981,0.0362503,True,4.9982
88,10031,2018-06-19,0.0032287,0.0788794,True,20.3284
88,10032,2018-06-20,0.00339413,0.138682,True,49.2231
88,10033,2018-06-21,0.00349492,0.215431,True,35.921
88,10034,2018-06-22,0.00349318,0.0772873,True,9.70251
88,10035,2018-06-23,0.00355981,0.0848875,True,28.3405
88,10036,2018-06-24,0.00355724,0.0377062,True,9.269
88,10037,2018-06-25,0.00353009,0.0278685,True,1.86085
88,10038,2018-06-26,0.00353661,0.0353596,True,11.2738
88,10039,2018-06-27,0.00353787,0.0319434,True,9.5496
88,10040,2018-06-28,0.003627,0.0735376,True,36.5767
88,10041,2018-06-29,0.00369535,0.0868727,True,31.272
88,10042,2018-06-30,0.00368771,0.0261855,True,6.89161
88,10043,2018-07-01,0.00366019,0.0155626,True,0
88,10044,2018-07-02,0,0.00748689,False,0.269095
88,10045,2018-07-03,0.000418049,0.00549118,False,1.03706
88,10046,2018-07-04,0.000360364,0.00540102,False,0
88,10047,2018-07-05,0,0.00610322,False,0
88,10048,2018-07-06,0.00151151,0.0201815,True,15.654
88,10049,2018-07-07,0.00134014,0.0119707,True,0.929438
88,10050,2018-07-08,0.00216802,0.0521508,True,36.8579
88,10051,2018-07-09,0.00247327,0.0539498,True,26.1633
88,10052,2018-07-10,0.00289341,0.114528,True,41.7986
88,10053,2018-07-11,0.00356554,0.16138,True,81.0775
88,10054,2018-07-12,0.00377516,0.127205,True,41.3752
88,10055,2018-07-13,0.00383735,0.087476,True,23.6644
88,10056,2018-07-14,0.00394556,0.0924856,True,30.918
88,10057,2018-07-15,0.00408189,0.126016,True,36.917
88,10058,2018-07-16,0.00454011,0.209028,True,100.385
88,10059,2018-07-17,0.00474796,0.180019,True,60.9364
88,10060,2018-07-18,0.0050078,0.19251,True,77.76
88,10061,2018-07-19,0.00502429,0.098257,True,23.1285
88,10062,2018-07-20,0.00505251,0.10368,True,25.6313
88,10063,2018-07-21,0.00503437,0.0296359,True,13.2366
88,10064,2018-07-22,0.00499217,0.0155395,True,5.96195
88,10065,2018-07-23,0.00497775,0.0219283,True,12.4658
88,10066,2018-07-24,0.00500664,0.0319444,True,23.8732
88,10067,2018-07-25,0.00503891,0.0425292,True,24.8094
88,10068,2018-07-26,0.00502985,0.0293903,True,12.627
88,10069,2018-07-27,0.00499673,0.0135135,True,4.92365
88,10070,2018-07-28,0.00496007,0.017076,True,3.15843
88,10071,2018-07-29,0.00492747,0.0151362,True,3.72525
88,10072,2018-07-30,0.00490648,0.0192862,True,6.71006
88,10073,2018-07-31,0.00491328,0.0291915,True,14.9569
88,10074,2018-08-01,0.0049193,0.0266442,True,14.5118
88,10075,2018-08-02,0.00490674,0.0208376,True,8.25855
88,10076,2018-08-03,0.00489708,0.022701,True,8.8543
88,10077,2018-08-04,0.00487484,0.0177438,True,4.33415
88,10078,2018-08-05,0.00486577,0.0228346,True,8.37752
88,10079,2018-08-06,0.00483508,0.0176355,True,0.729268
88,10080,2018-08-07,0.00484396,0.035818,True,13.9185
88,10081,2018-08-08,0.00493611,0.0858094,True,43.2676
88,10082,2018-08-09,0.00497197,0.10312,True,23.9694
88,10083,2018-08-10,0.0049704,0.0545518,True,10.3651
88,10084,2018-08-11,0.0049625,0.0260138,True,7.82638
88,10085,2018-08-12,0.00495586,0.0320146,True,8.07377
88,10086,2018-08-13,0.00495767,0.0457147,True,11.0813
88,10087,2018-08-14,0.00495772,0.0418354,True,10.2691
88,10088,2018-08-15,0.00520404,0.282748,True,108.574
88,10089,2018-08-16,0.00573947,0.533974,True,245.273
88,10090,2018-08-17,0.00599969,0.586154,True,137.365
88,10091,2018-08-18,0.00601543,0.287294,True,22.1812
88,10092,2018-08-19,0.00602768,0.110416,True,20.4343
88,10093,2018-08-20,0.00601207,0.0302526,True,6.31252
88,10094,2018-08-21,0.00598982,0.0178353,True,2.64955
88,10095,2018-08-22,0.00596842,0.0211175,True,2.75107
88,10096,2018-08-23,0.00594377,0.0216308,True,0.771216
88,10097,2018-08-24,0,0.00984204,False,0
88,10098,2018-08-25,0,0.00746224,False,0
88,10099,2018-08-26,0,0.00762529,False,0
88,10100,2018-08-27,0,0.00687102,False,0
88,10101,2018-08-28,0.00152385,0.0270395,True,12.3817
88,10102,2018-08-29,0.00195137,0.0248721,True,15.5984
88,10103,2018-08-30,0.00178927,0.0110769,True,0
88,10104,2018-08-31,0,0.00792574,False,0
89,10013,2018-06-01,0.0013669,0.0358072,True,0
89,10014,2018-06-02,0,0.0231873,False,0
89,10015,2018-06-03,0,0.0150477,False,0
89,10016,2018-06-04,0.000680371,0.0386516,True,8.84797
89,10017,2018-06-05,0.000849332,0.056523,True,10.1153
89,10018,2018-06-06,0.000778703,0.024088,True,0
89,10019,2018-06-07,0,0.0225329,False,0.639594
89,10020,2018-06-08,0.00102345,0.0718858,True,19.7711
89,10021,2018-06-09,0.00178808,0.241683,True,64.9507
89,10022,2018-06-10,0.0021786,0.245506,True,67.5056
89,10023,2018-06-11,0.00232103,0.222309,True,44.6925
89,10024,2018-06-12,0.00240368,0.223815,True,36.617
89,10025,2018-06-13,0.00243657,0.155996,True,26.7422
89,10026,2018-06-14,0.00274762,0.30182,True,96.6544
89,10027,2018-06-15,0.00272922,0.114596,True,16.4319
89,10028,2018-06-16,0.00266137,0.0561827,True,0
89,10029,2018-06-17,0.00261333,0.02884,True,3.3275
89,10030,2018-06-18,0.00257795,0.039089,True,5.27563
89,10031,2018-06-19,0.00257345,0.052282,True,13.5096
89,10032,2018-06-20,0.00264382,0.10334,True,37.6528
89,10033,2018-06-21,0.00262797,0.0399615,True,8.86859
89,10034,2018-06-22,0.00260211,0.0281694,True,4.45197
89,10035,2018-06-23,0.00258583,0.0308044,True,6.9774
89,10036,2018-06-24,0.00256123,0.0256859,True,3.18882
89,10037,2018-06-25,0.00254145,0.0289474,True,4.22565
89,10038,2018-06-26,0.00262564,0.120402,True,43.9357
89,10039,2018-06-27,0.00260787,0.0297734,True,4.36593
89,10040,2018-06-28,0.00267526,0.146058,True,39.1818
89,10041,2018-06-29,0.00268155,0.0436457,True,14.0806
89,10042,2018-06-30,0.00267716,0.0297486,True,9.19759
89,10043,2018-07-01,0.00265419,0.0183368,True,0.564154
89,10044,2018-07-02,0,0.0106975,False,0.670129
89,10045,2018-07-03,0.000560276,0.00946875,True,3.20707
89,10046,2018-07-04,0.000482975,0.0108565,False,0
89,10047,2018-07-05,0,0.00715957,False,0
89,10048,2018-07-06,0,0.00854153,False,0
89,10049,2018-07-07,0.0010401,0.0313585,True,11.7033
89,10050,2018-07-08,0.00162841,0.0496888,True,28.3016
89,10051,2018-07-09,0.00226002,0.145133,True,54.0074
89,10052,2018-07-10,0.00245162,0.136503,True,32.2147
89,10053,2018-07-11,0.00306606,0.158478,True,94.7076
89,10054,2018-07-12,0.00320933,0.144006,True,42.1575
89,10055,2018-07-13,0.00330202,0.146519,True,35.548
89,10056,2018-07-14,0.00355043,0.163483,True,69.2789
89,10057,2018-07-15,0.00360942,0.13096,True,33.022
89,10058,2018-07-16,0.0038062,0.175661,True,67.7273
89,10059,2018-07-17,0.00386827,0.134886,True,36.7198
89,10060,2018-07-18,0.00391204,0.138283,True,32.1107
89,10061,2018-07-19,0.0038972,0.054462,True,14.9541
89,10062,2018-07-20,0.0039063,0.0395426,True,21.1051
89,10063,2018-07-21,0.00390321,0.0296377,True,16.7516
89,10064,2018-07-22,0.0038844,0.024586,True,11.007
89,10065,2018-07-23,0.00387953,0.0279632,True,14.6922
89,10066,2018-07-24,0.00388358,0.029087,True,17.0845
89,10067,2018-07-25,0.00390174,0.0336288,True,21.5512
89,10068,2018-07-26,0.00391903,0.0455446,True,21.1169
89,10069,2018-07-27,0.00389149,0.0180919,True,4.70797
89,10070,2018-07-28,0.00385809,0.0159843,True,1.84443
89,10071,2018-07-29,0.00391214,0.0754622,True,33.7885
89,10072,2018-07-30,0.00388173,0.019853,True,1.89975
89,10073,2018-07-31,0.00386872,0.0261403,True,7.98947
89,10074,2018-08-01,0.00399794,0.121736,True,64.5291
89,10075,2018-08-02,0.00397774,0.0316692,True,4.8969
89,10076,2018-08-03,0.00396606,0.0407397,True,7.96226
89,10077,2018-08-04,0.00398068,0.0357528,True,18.7514
89,10078,2018-08-05,0.00396854,0.0199762,True,7.13583
89,10079,2018-08-06,0.00394659,0.01806,True,2.48947
89,10080,2018-08-07,0.00398042,0.0517911,True,26.7282
89,10081,2018-08-08,0.00406658,0.169935,True,51.0875
89,10082,2018-08-09,0.00420332,0.275226,True,77.2238
89,10083,2018-08-10,0.00422882,0.120923,True,25.2625
89,10084,2018-08-11,0.00422125,0.0518384,True,8.85847
89,10085,2018-08-12,0.0042255,0.0365164,True,14.5616
89,10086,2018-08-13,0.00427332,0.0818686,True,36.8929
89,10087,2018-08-14,0.00432281,0.143019,True,38.4717
89,10088,2018-08-15,0.00456742,0.273142,True,147.799
89,10089,2018-08-16,0.00485427,0.517392,True,184.51
89,10090,2018-08-17,0.00502439,0.562046,True,123.083
89,10091,2018-08-18,0.00503888,0.373643,True,25.7844
89,10092,2018-08-19,0.00503596,0.121831,True,14.292
89,10093,2018-08-20,0.00502884,0.0553657,True,11.255
89,10094,2018-08-21,0.00501327,0.0347467,True,5.31463
89,10095,2018-08-22,0.00499964,0.0373198,True,6.26116
89,10096,2018-08-23,0.00497988,0.0321734,True,1.78511
89,10097,2018-08-24,0.00495803,0.0345908,True,0
89,10098,2018-08-25,0,0.00868098,False,0
89,10099,2018-08-26,0,0.00806675,False,0
89,10100,2018-08-27,0,0.008246,False,0
89,10101,2018-08-28,0.00124102,0.0320151,True,11.3527
89,10102,2018-08-29,0.00153847,0.0295074,True,12.6393
89,10103,2018-08-30,0.00141464,0.0149324,True,0.141038
89,10104,2018-08-31,0.001365,0.0142123,True,1.31976
90,10013,2018-06-01,0.00137373,0.0366483,True,0.187171
90,10014,2018-06-02,0,0.0281242,False,0
90,10015,2018-06-03,0.000476048,0.0308585,True,3.99298
90,10016,2018-06-04,0.000748649,0.0661269,True,9.77308
90,10017,2018-06-05,0.00093789,0.0613992,True,12.4148
90,10018,2018-06-06,0.000887459,0.0273429,True,0.343146
90,10019,2018-06-07,0.000872263,0.0289799,True,1.71967
90,10020,2018-06-08,0.00102917,0.0590323,True,14.7869
90,10021,2018-06-09,0.00138042,0.128646,True,41.2984
90,10022,2018-06-10,0.00190445,0.325063,True,89.2729
90,10023,2018-06-11,0.00208174,0.249948,True,46.083
90,10024,2018-06-12,0.00222335,0.258046,True,43.8919
90,10025,2018-06-13,0.00228019,0.196966,True,25.9991
90,10026,2018-06-14,0.00249341,0.356839,True,72.2399
90,10027,2018-06-15,0.00245976,0.0692075,True,2.63827
90,10028,2018-06-16,0.0024233,0.0518507,True,0.686293
90,10029,2018-06-17,0.00242533,0.0573718,True,11.9263
90,10030,2018-06-18,0.00240129,0.0326844,True,2.99421
90,10031,2018-06-19,0.00239511,0.0452782,True,8.22713
90,10032,2018-06-20,0.00242707,0.0600349,True,20.9469
90,10033,2018-06-21,0.00243328,0.0429671,True,12.0868
90,10034,2018-06-22,0.00242815,0.0285199,True,7.7656
90,10035,2018-06-23,0.00242354,0.0316436,True,7.61569
90,10036,2018-06-24,0.00241365,0.0291458,True,5.30782
90,10037,2018-06-25,0.00240098,0.0274623,True,3.87825
90,10038,2018-06-26,0.00244646,0.0762577,True,26.374
90,10039,2018-06-27,0.00243105,0.0259467,True,2.35305
90,10040,2018-06-28,0.0024426,0.0365528,True,13.0222
90,10041,2018-06-29,0.00244664,0.0419471,True,9.87643
90,10042,2018-06-30,0.00244998,0.0327837,True,9.46622
90,10043,2018-07-01,0.00243905,0.0224044,True,3.17676
90,10044,2018-07-02,0.00242603,0.0243141,True,1.99649
90,10045,2018-07-03,0.00243552,0.0364832,True,11.6604
90,10046,2018-07-04,0.00241905,0.022499,True,0
90,10047,2018-07-05,0,0.0118265,False,0
90,10048,2018-07-06,0,0.00757491,False,0
90,10049,2018-07-07,0.000711786,0.0142847,True,6.60107
90,10050,2018-07-08,0.00120794,0.0346749,True,20.0282
90,10051,2018-07-09,0.00194466,0.165749,True,58.3144
90,10052,2018-07-10,0.00216193,0.170642,True,35.0192
90,10053,2018-07-11,0.00256799,0.168683,True,68.8079
90,10054,2018-07-12,0.00271839,0.14524,True,41.2861
90,10055,2018-07-13,0.00284279,0.152466,True,39.9942
90,10056,2018-07-14,0.00304865,0.17833,True,60.8257
90,10057,2018-07-15,0.00311632,0.150908,True,33.7913
90,10058,2018-07-16,0.00327778,0.19448,True,59.3177
90,10059,2018-07-17,0.0033232,0.152007,True,30.9379
90,10060,2018-07-18,0.00334748,0.172473,True,24.9509
90,10061,2018-07-19,0.00334337,0.0506241,True,15.9758
90,10062,2018-07-20,0.00336586,0.0502552,True,23.6113
90,10063,2018-07-21,0.00335127,0.0309038,True,11.2623
90,10064,2018-07-22,0.00335132,0.0348574,True,15.3357
90,10065,2018-07-23,0.00334086,0.027127,True,11.1858
90,10066,2018-07-24,0.00334681,0.0342521,True,16.3232
90,10067,2018-07-25,0.00335399,0.0327245,True,16.443
90,10068,2018-07-26,0.00336373,0.0342469,True,17.1166
90,10069,2018-07-27,0.00334008,0.0172068,True,4.23235
90,10070,2018-07-28,0.00331004,0.0166118,True,1.13999
90,10071,2018-07-29,0.00333128,0.0402062,True,20.4253
90,10072,2018-07-30,0.00330498,0.0177648,True,1.52275
90,10073,2018-07-31,0.00328904,0.0181246,True,5.10885
90,10074,2018-08-01,0.0033499,0.0671132,True,36.2526
90,10075,2018-08-02,0.00332419,0.019251,True,0.498521
90,10076,2018-08-03,0.00330539,0.0193503,True,2.93208
90,10077,2018-08-04,0.00328244,0.0197081,True,0.742339
90,10078,2018-08-05,0,0.0111551,False,0.960705
90,10079,2018-08-06,0.000471296,0.0145704,False,2.21932
90,10080,2018-08-07,0.00104872,0.0349086,True,13.4171
90,10081,2018-08-08,0.00181027,0.100154,True,41.9388
90,10082,2018-08-09,0.00257414,0.276276,True,77.495
90,10083,2018-08-10,0.00258208,0.0713908,True,14.9145
90,10084,2018-08-11,0.00255913,0.0616695,True,9.58903
90,10085,2018-08-12,0.00256814,0.0368514,True,12.4644
90,10086,2018-08-13,0.00283729,0.132132,True,52.0871
90,10087,2018-08-14,0.00307486,0.221643,True,54.5544
90,10088,2018-08-15,0.00347869,0.268251,True,97.938
90,10089,2018-08-16,0.00392111,0.324771,True,126.324
90,10090,2018-08-17,0.00422809,0.526046,True,107.726
90,10091,2018-08-18,0.00426551,0.298634,True,33.5564
90,10092,2018-08-19,0.00424561,0.106742,True,14.9968
90,10093,2018-08-20,0.00421725,0.0497196,True,11.0154
90,10094,2018-08-21,0.00418108,0.0298849,True,7.18404
90,10095,2018-08-22,0.00414041,0.0243234,True,4.4395
90,10096,2018-08-23,0.00409398,0.0228383,True,1.29962
90,10097,2018-08-24,0.0040479,0.0217094,True,0.311951
90,10098,2018-08-25,0,0.00940007,False,0.187171
90,10099,2018-08-26,0,0.00883779,False,0.12478
90,10100,2018-08-27,0,0.0102711,False,0.311951
90,10101,2018-08-28,0.000849548,0.0214153,True,6.89851
90,10102,2018-08-29,0.00110122,0.0208933,True,9.08045
90,10103,2018-08-30,0.00103676,0.0151002,True,0.895574
90,10104,2018-08-31,0,0.0130291,False,0.748683
104,10013,2018-06-01,0,0.0182133,False,0.113826
104,10014,2018-06-02,0,0.012518,False,0
104,10015,2018-06-03,0.000702235,0.021623,True,4.17774
104,10016,2018-06-04,0.00214958,0.167941,True,52.6552
104,10017,2018-06-05,0.00231074,0.113917,True,22.0495
104,10018,2018-06-06,0.00218391,0.0347129,True,0.827466
104,10019,2018-06-07,0.00224553,0.0354346,True,13.4345
104,10020,2018-06-08,0.00242591,0.0555554,True,25.2323
104,10021,2018-06-09,0.00271715,0.168126,True,41.7077
104,10022,2018-06-10,0.00310467,0.270878,True,63.4757
104,10023,2018-06-11,0.00321288,0.205588,True,29.1699
104,10024,2018-06-12,0.00339507,0.267758,True,43.9429
104,10025,2018-06-13,0.00335197,0.0427676,True,4.67853
104,10026,2018-06-14,0.00372281,0.335761,True,87.5368
104,10027,2018-06-15,0.00379397,0.295239,True,30.0351
104,10028,2018-06-16,0.00374329,0.0950241,True,2.05708
104,10029,2018-06-17,0.00383761,0.123285,True,35.8912
104,10030,2018-06-18,0.00380743,0.0420743,True,5.58234
104,10031,2018-06-19,0.0038195,0.0514855,True,15.6448
104,10032,2018-06-20,0.00393817,0.0943069,True,44.1849
104,10033,2018-06-21,0.00402286,0.181145,True,36.6321
104,10034,2018-06-22,0.00405283,0.098072,True,21.6182
104,10035,2018-06-23,0.00403285,0.0312228,True,6.59968
104,10036,2018-06-24,0.00399393,0.018074,True,0.280812
104,10037,2018-06-25,0.00395993,0.0218423,True,1.13826
104,10038,2018-06-26,0.0039811,0.0338541,True,17.7896
104,10039,2018-06-27,0.00400993,0.034055,True,20.282
104,10040,2018-06-28,0.00410497,0.109516,True,42.5428
104,10041,2018-06-29,0.00414777,0.0976577,True,25.9658
104,10042,2018-06-30,0.00416907,0.0579179,True,18.7485
104,10043,2018-07-01,0.00413796,0.0125304,True,0
104,10044,2018-07-02,0,0.00536052,False,0
104,10045,2018-07-03,0,0.00430604,False,0
104,10046,2018-07-04,0,0.00438273,False,0
104,10047,2018-07-05,0,0.00551857,False,0
104,10048,2018-07-06,0.00130106,0.0217999,True,10.2493
104,10049,2018-07-07,0.00128391,0.0132425,True,3.28849
104,10050,2018-07-08,0.00222193,0.0474689,True,36.5917
104,10051,2018-07-09,0.00249837,0.042302,True,22.3478
104,10052,2018-07-10,0.00274238,0.0571529,True,24.4424
104,10053,2018-07-11,0.00364124,0.168029,True,91.6368
104,10054,2018-07-12,0.00385111,0.135086,True,38.022
104,10055,2018-07-13,0.00392076,0.0913662,True,22.8038
104,10056,2018-07-14,0.00399542,0.0593683,True,23.7284
104,10057,2018-07-15,0.00410541,0.0601316,True,29.4961
104,10058,2018-07-16,0.00430906,0.159862,True,46.1887
104,10059,2018-07-17,0.00436512,0.0842955,True,23.4513
104,10060,2018-07-18,0.00449036,0.113774,True,36.5857
104,10061,2018-07-19,0.00457229,0.11495,True,29.6629
104,10062,2018-07-20,0.0046396,0.135664,True,27.4061
104,10063,2018-07-21,0.00468024,0.0660953,True,22.1687
104,10064,2018-07-22,0.00463818,0.0146623,True,3.95433
104,10065,2018-07-23,0.00466851,0.026251,True,19.3997
104,10066,2018-07-24,0.00469249,0.0280929,True,17.9147
104,10067,2018-07-25,0.00468304,0.0214223,True,9.85736
104,10068,2018-07-26,0.00467424,0.0215763,True,9.58502
104,10069,2018-07-27,0.00464275,0.0148624,True,3.59966
104,10070,2018-07-28,0.00460092,0.0155341,True,0.493163
104,10071,2018-07-29,0.00470358,0.0563769,True,36.7651
104,10072,2018-07-30,0.00471933,0.0371724,True,14.8705
104,10073,2018-07-31,0.00472354,0.0324117,True,11.6803
104,10074,2018-08-01,0.00482369,0.0713646,True,38.112
104,10075,2018-08-02,0.00480357,0.0214796,True,4.85549
104,10076,2018-08-03,0.00478011,0.0195842,True,3.53618
104,10077,2018-08-04,0.00479306,0.0242387,True,13.7518
104,10078,2018-08-05,0.00477859,0.0187131,True,5.57538
104,10079,2018-08-06,0.00475041,0.0165752,True,1.20874
104,10080,2018-08-07,0.00477196,0.0375349,True,15.8422
104,10081,2018-08-08,0.00490689,0.100095,True,51.2942
104,10082,2018-08-09,0.00492737,0.0947591,True,16.2265
104,10083,2018-08-10,0.00493024,0.0484667,True,10.5151
104,10084,2018-08-11,0.00492272,0.0248848,True,6.96472
104,10085,2018-08-12,0.00494027,0.0376915,True,15.1353
104,10086,2018-08-13,0.00496554,0.0429635,True,17.7761
104,10087,2018-08-14,0.00496242,0.0279375,True,8.09756
104,10088,2018-08-15,0.00523165,0.284415,True,105.33
104,10089,2018-08-16,0.00572213,0.562493,True,201.474
104,10090,2018-08-17,0.00591907,0.56627,True,94.7643
104,10091,2018-08-18,0.0059247,0.196975,True,14.9391
104,10092,2018-08-19,0.00594693,0.0920384,True,22.1202
104,10093,2018-08-20,0.00594048,0.0345791,True,9.44161
104,10094,2018-08-21,0.00591878,0.0177423,True,2.43097
104,10095,2018-08-22,0.00590198,0.0225843,True,4.34421
104,10096,2018-08-23,0.00587931,0.023111,True,1.44304
104,10097,2018-08-24,0.00585534,0.0228039,True,0.580242
104,10098,2018-08-25,0,0.00806335,False,0
104,10099,2018-08-26,0,0.00833555,False,0
104,10100,2018-08-27,0,0.00733649,False,0
104,10101,2018-08-28,0.00093345,0.0128729,True,4.64086
104,10102,2018-08-29,0.00126976,0.0208056,True,7.23202
104,10103,2018-08-30,0.00119149,0.0159942,True,0.580242
104,10104,2018-08-31,0,0.0123325,False,0
105,10013,2018-06-01,0,0.0170596,False,0
105,10014,2018-06-02,0,0.0108342,False,0
105,10015,2018-06-03,0,0.012334,False,0
105,10016,2018-06-04,0.0022785,0.153825,True,69.0227
105,10017,2018-06-05,0.00217898,0.0888774,True,16.4296
105,10018,2018-06-06,0.0020617,0.0459533,True,5.71192
105,10019,2018-06-07,0.00203358,0.0314656,True,9.43935
105,10020,2018-06-08,0.00228145,0.101011,True,40.1083
105,10021,2018-06-09,0.00268035,0.318491,True,71.8954
105,10022,2018-06-10,0.00299014,0.305773,True,72.5597
105,10023,2018-06-11,0.00308232,0.228404,True,36.8512
105,10024,2018-06-12,0.00329297,0.277249,True,66.7493
105,10025,2018-06-13,0.00328076,0.100014,True,15.3736
105,10026,2018-06-14,0.00376077,0.318815,True,154.615
105,10027,2018-06-15,0.00379711,0.383541,True,33.4992
105,10028,2018-06-16,0.00373277,0.0763211,True,0
105,10029,2018-06-17,0.00378328,0.137718,True,36.8926
105,10030,2018-06-18,0.00372914,0.0327392,True,0.412826
105,10031,2018-06-19,0.00380634,0.184248,True,46.169
105,10032,2018-06-20,0.00390358,0.235373,True,55.4241
105,10033,2018-06-21,0.00396939,0.219712,True,45.0063
105,10034,2018-06-22,0.00395062,0.0782937,True,10.9794
105,10035,2018-06-23,0.00394778,0.0507226,True,16.8104
105,10036,2018-06-24,0.00390722,0.0157315,True,0.145237
105,10037,2018-06-25,0.00389564,0.0294806,True,11.6437
105,10038,2018-06-26,0.00394978,0.0636777,True,40.2036
105,10039,2018-06-27,0.00395279,0.0452755,True,17.5869
105,10040,2018-06-28,0.00404011,0.144369,True,56.9275
105,10041,2018-06-29,0.0040711,0.142235,True,31.2891
105,10042,2018-06-30,0.0040596,0.047579,True,10.4409
105,10043,2018-07-01,0.00402821,0.0132111,True,0
105,10044,2018-07-02,0.00400155,0.014071,True,1.70648
105,10045,2018-07-03,0.00397298,0.00877621,True,0.142814
105,10046,2018-07-04,0,0.00378107,False,0
105,10047,2018-07-05,0,0.00343271,False,0
105,10048,2018-07-06,0.000975674,0.00894064,True,6.21894
105,10049,2018-07-07,0.00119384,0.0124817,True,6.57335
105,10050,2018-07-08,0.00238393,0.0529284,True,50.8274
105,10051,2018-07-09,0.00321676,0.131775,True,70.3931
105,10052,2018-07-10,0.00342422,0.102333,True,34.2176
105,10053,2018-07-11,0.00422748,0.135623,True,113.497
105,10054,2018-07-12,0.00453028,0.17869,True,66.1541
105,10055,2018-07-13,0.00458523,0.100583,True,30.4045
105,10056,2018-07-14,0.00467336,0.141773,True,36.1562
105,10057,2018-07-15,0.00478561,0.0860932,True,41.54
105,10058,2018-07-16,0.00508684,0.179068,True,83.5428
105,10059,2018-07-17,0.00526846,0.164715,True,63.2877
105,10060,2018-07-18,0.0054527,0.156629,True,67.6693
105,10061,2018-07-19,0.0054705,0.0760434,True,26.9546
105,10062,2018-07-20,0.0055063,0.107195,True,31.3103
105,10063,2018-07-21,0.00551462,0.0642109,True,23.3789
105,10064,2018-07-22,0.00550801,0.0378316,True,18.4626
105,10065,2018-07-23,0.00548615,0.0206218,True,13.192
105,10066,2018-07-24,0.00552481,0.0506852,True,30.6524
105,10067,2018-07-25,0.00553928,0.0492948,True,23.1504
105,10068,2018-07-26,0.00555483,0.0396345,True,23.1894
105,10069,2018-07-27,0.00553588,0.022814,True,11.6484
105,10070,2018-07-28,0.00550528,0.0136964,True,7.12298
105,10071,2018-07-29,0.00553908,0.0373937,True,28.0811
105,10072,2018-07-30,0.00561289,0.0883434,True,42.1412
105,10073,2018-07-31,0.00579323,0.179089,True,81.9161
105,10074,2018-08-01,0.00583814,0.114235,True,34.2095
105,10075,2018-08-02,0.00581727,0.031149,True,9.2311
105,10076,2018-08-03,0.00580666,0.0243009,True,12.6477
105,10077,2018-08-04,0.00578782,0.0158391,True,8.97889
105,10078,2018-08-05,0.00578386,0.0197169,True,14.3962
105,10079,2018-08-06,0.00575691,0.0137972,True,4.82687
105,10080,2018-08-07,0.00576846,0.0326513,True,19.9453
105,10081,2018-08-08,0.00587257,0.142933,True,58.4509
105,10082,2018-08-09,0.00599468,0.162777,True,68.0061
105,10083,2018-08-10,0.00601249,0.0712153,True,23.6509
105,10084,2018-08-11,0.0060194,0.0648614,True,18.7284
105,10085,2018-08-12,0.00602566,0.0349413,True,18.2739
105,10086,2018-08-13,0.00605515,0.0706466,True,28.8291
105,10087,2018-08-14,0.00626918,0.275224,True,117.101
105,10088,2018-08-15,0.00646715,0.284864,True,114.825
105,10089,2018-08-16,0.00682862,0.502115,True,207.774
105,10090,2018-08-17,0.00696262,0.447766,True,93.0499
105,10091,2018-08-18,0.00695943,0.134608,True,17.3935
105,10092,2018-08-19,0.00697709,0.108531,True,29.0513
105,10093,2018-08-20,0.00696122,0.046897,True,9.62634
105,10094,2018-08-21,0.00693609,0.013959,True,3.8651
105,10095,2018-08-22,0.00691109,0.0158546,True,3.5057
105,10096,2018-08-23,0.00688424,0.0173694,True,2.00568
105,10097,2018-08-24,0.00685471,0.0159871,True,0
105,10098,2018-08-25,0,0.00547642,False,0
105,10099,2018-08-26,0,0.00485518,False,0
105,10100,2018-08-27,0,0.0043839,False,0
105,10101,2018-08-28,0.00121088,0.0129531,True,8.33446
105,10102,2018-08-29,0.0015294,0.0190253,True,9.96982
105,10103,2018-08-30,0.0014023,0.00870897,True,0
105,10104,2018-08-31,0,0.0071866,False,0
106,10013,2018-06-01,0,0.0212849,False,0
106,10014,2018-06-02,0,0.0141371,False,0
106,10015,2018-06-03,0,0.0145761,False,0
106,10016,2018-06-04,0.000663052,0.026094,True,4.72513
106,10017,2018-06-05,0.000744804,0.0255264,True,3.42377
106,10018,2018-06-06,0.000719171,0.0317864,True,0.917238
106,10019,2018-06-07,0.000753458,0.032875,False,2.26188
106,10020,2018-06-08,0.00151456,0.111554,True,41.3257
106,10021,2018-06-09,0.0019882,0.231817,True,47.3222
106,10022,2018-06-10,0.00257858,0.298087,True,82.9452
106,10023,2018-06-11,0.0027634,0.189629,True,40.8743
106,10024,2018-06-12,0.00313691,0.274294,True,82.4121
106,10025,2018-06-13,0.00352683,0.338038,True,102.323
106,10026,2018-06-14,0.00371607,0.346877,True,66.0912
106,10027,2018-06-15,0.00373806,0.22723,True,24.6065
106,10028,2018-06-16,0.00367694,0.0722132,True,0.623005
106,10029,2018-06-17,0.0036503,0.0458383,True,8.90477
106,10030,2018-06-18,0.00361164,0.037871,True,4.3085
106,10031,2018-06-19,0.00370484,0.158753,True,43.3262
106,10032,2018-06-20,0.00373195,0.0879772,True,23.7415
106,10033,2018-06-21,0.00369928,0.0406772,True,4.10129
106,10034,2018-06-22,0.00366692,0.0234541,True,3.33471
106,10035,2018-06-23,0.00369361,0.0458392,True,22.5101
106,10036,2018-06-24,0.00365843,0.0240748,True,1.06685
106,10037,2018-06-25,0.00362812,0.0276225,True,2.04122
106,10038,2018-06-26,0.0036214,0.0452959,True,9.74424
106,10039,2018-06-27,0.00360595,0.0276913,True,6.2233
106,10040,2018-06-28,0.00367818,0.0761026,True,38.2014
106,10041,2018-06-29,0.003679,0.0418241,True,11.9537
106,10042,2018-06-30,0.00365957,0.0213866,True,3.88724
106,10043,2018-07-01,0.00363215,0.0219619,True,0.345194
106,10044,2018-07-02,0,0.00806108,False,0
106,10045,2018-07-03,0.00125972,0.0136323,True,8.13227
106,10046,2018-07-04,0.00108602,0.0101752,True,0
106,10047,2018-07-05,0,0.00906523,False,0
106,10048,2018-07-06,0,0.00906594,False,0.918116
106,10049,2018-07-07,0.0031049,0.0822533,True,52.2289
106,10050,2018-07-08,0.00356364,0.151165,True,41.9981
106,10051,2018-07-09,0.00452018,0.163727,True,89.9025
106,10052,2018-07-10,0.00479878,0.170275,True,52.4088
106,10053,2018-07-11,0.00557729,0.160573,True,119.635
106,10054,2018-07-12,0.00568337,0.228277,True,45.1576
106,10055,2018-07-13,0.00575471,0.160193,True,39.4584
106,10056,2018-07-14,0.00602985,0.180412,True,74.1746
106,10057,2018-07-15,0.00597519,0.0712328,True,17.3218
106,10058,2018-07-16,0.00609977,0.14706,True,49.6414
106,10059,2018-07-17,0.00618825,0.159719,True,43.3408
106,10060,2018-07-18,0.00617942,0.0826742,True,22.5375
106,10061,2018-07-19,0.00613679,0.0497864,True,13.7201
106,10062,2018-07-20,0.00608572,0.023914,True,10.2498
106,10063,2018-07-21,0.0061534,0.0722047,True,36.7865
106,10064,2018-07-22,0.006243,0.142635,True,42.5999
106,10065,2018-07-23,0.00621837,0.057178,True,14.0598
106,10066,2018-07-24,0.00619034,0.0351776,True,12.2247
106,10067,2018-07-25,0.00617488,0.0259021,True,14.6453
106,10068,2018-07-26,0.00615889,0.0253067,True,13.7796
106,10069,2018-07-27,0.00613747,0.0260376,True,11.6074
106,10070,2018-07-28,0.00611782,0.0273175,True,11.4188
106,10071,2018-07-29,0.00624943,0.123508,True,54.4839
106,10072,2018-07-30,0.00620178,0.0257763,True,2.58322
106,10073,2018-07-31,0.0062127,0.0548107,True,19.3804
106,10074,2018-08-01,0.00631991,0.107335,True,49.0082
106,10075,2018-08-02,0.00632477,0.0754493,True,17.5578
106,10076,2018-08-03,0.00629255,0.0276136,True,5.32031
106,10077,2018-08-04,0.00625103,0.0160047,True,1.72843
106,10078,2018-08-05,0.00620991,0.0175678,True,1.25556
106,10079,2018-08-06,0.00623105,0.0400922,True,21.2956
106,10080,2018-08-07,0.00626297,0.0576204,True,24.9203
106,10081,2018-08-08,0.00632875,0.138922,True,36.7731
106,10082,2018-08-09,0.00684723,0.342367,True,204.903
106,10083,2018-08-10,0.00694909,0.356267,True,56.2142
106,10084,2018-08-11,0.00693452,0.0967871,True,10.7316
106,10085,2018-08-12,0.00693355,0.0546242,True,15.8344
106,10086,2018-08-13,0.0070572,0.206245,True,66.9656
106,10087,2018-08-14,0.00723789,0.383608,True,93.4691
106,10088,2018-08-15,0.0073914,0.370405,True,84.9083
106,10089,2018-08-16,0.0077092,0.537886,True,164.63
106,10090,2018-08-17,0.00786336,0.568555,True,93.3932
106,10091,2018-08-18,0.00785825,0.127536,True,16.8122
106,10092,2018-08-19,0.0078345,0.0461076,True,7.23802
106,10093,2018-08-20,0.00781127,0.0264155,True,7.05571
106,10094,2018-08-21,0.0077879,0.0283693,True,6.57043
106,10095,2018-08-22,0.00775554,0.0221779,True,1.60213
106,10096,2018-08-23,0.00772089,0.024659,True,0
106,10097,2018-08-24,0,0.00639293,False,0
106,10098,2018-08-25,0,0.00578257,False,0
106,10099,2018-08-26,0,0.00611314,False,0
106,10100,2018-08-27,0,0.00562165,False,0
106,10101,2018-08-28,0.000556281,0.00546985,False,1.05763
106,10102,2018-08-29,0.00154047,0.0309595,True,10.6387
106,10103,2018-08-30,0.00141245,0.0135985,True,0
106,10104,2018-08-31,0.00198369,0.0216272,True,15.0411
107,10013,2018-06-01,0,0.0180278,False,0
107,10014,2018-06-02,0,0.0123016,False,0
107,10015,2018-06-03,0,0.0119778,False,0
107,10016,2018-06-04,0,0.0138091,False,0.742486
107,10017,2018-06-05,0,0.0139517,False,0.807802
107,10018,2018-06-06,0,0.0101773,False,0.154685
107,10019,2018-06-07,0.000374987,0.0121222,False,1.09312
107,10020,2018-06-08,0.00107686,0.0503595,True,11.9268
107,10021,2018-06-09,0.00206945,0.199771,True,46.796
107,10022,2018-06-10,0.00257935,0.363789,True,47.129
107,10023,2018-06-11,0.00264332,0.26122,True,17.173
107,10024,2018-06-12,0.00275971,0.28756,True,22.8942
107,10025,2018-06-13,0.00284885,0.1243,True,21.005
107,10026,2018-06-14,0.00306634,0.204272,True,39.4045
107,10027,2018-06-15,0.00305312,0.0636776,True,9.11599
107,10028,2018-06-16,0.00298588,0.0400034,True,0.108279
107,10029,2018-06-17,0.00293559,0.0459919,True,1.51591
107,10030,2018-06-18,0.00288617,0.0329281,True,0.727018
107,10031,2018-06-19,0.00288647,0.0571051,True,7.91127
107,10032,2018-06-20,0.00293778,0.0883575,True,16.2091
107,10033,2018-06-21,0.00290872,0.0405926,True,2.42075
107,10034,2018-06-22,0.00288144,0.0412605,True,2.22062
107,10035,2018-06-23,0.00289061,0.0509574,True,8.38208
107,10036,2018-06-24,0.00286161,0.0475195,True,1.1275
107,10037,2018-06-25,0.00283047,0.062305,True,0.324838
107,10038,2018-06-26,0.00286973,0.086199,True,13.4837
107,10039,2018-06-27,0.00286408,0.0485367,True,4.76808
107,10040,2018-06-28,0.00292755,0.113921,True,18.7353
107,10041,2018-06-29,0.00293263,0.0328124,True,6.90447
107,10042,2018-06-30,0.00292115,0.0222712,True,3.23448
107,10043,2018-07-01,0.00290041,0.0296114,True,1.00375
107,10044,2018-07-02,0.0028762,0.0242286,True,0
107,10045,2018-07-03,0.00286878,0.0257182,True,3.47557
107,10046,2018-07-04,0.00284657,0.0278187,True,0
107,10047,2018-07-05,0,0.0187281,False,0
107,10048,2018-07-06,0,0.0177503,False,0.154685
107,10049,2018-07-07,0.0013929,0.0674354,True,11.0696
107,10050,2018-07-08,0.00231756,0.122781,True,31.8443
107,10051,2018-07-09,0.00332791,0.362,True,65.3405
107,10052,2018-07-10,0.0034232,0.297488,True,22.0147
107,10053,2018-07-11,0.00380997,0.213161,True,49.0242
107,10054,2018-07-12,0.00397346,0.225843,True,32.6223
107,10055,2018-07-13,0.00423499,0.24975,True,46.8297
107,10056,2018-07-14,0.00434813,0.254304,True,31.0554
107,10057,2018-07-15,0.00447529,0.29195,True,34.183
107,10058,2018-07-16,0.00454021,0.205536,True,25.6595
107,10059,2018-07-17,0.00461044,0.193252,True,26.7608
107,10060,2018-07-18,0.00459357,0.066542,True,11.7681
107,10061,2018-07-19,0.00454017,0.0342844,True,4.34228
107,10062,2018-07-20,0.00448875,0.0367454,True,3.60075
107,10063,2018-07-21,0.00447574,0.062046,True,9.79189
107,10064,2018-07-22,0.00453613,0.0939091,True,23.4463
107,10065,2018-07-23,0.00455116,0.0642552,True,14.6569
107,10066,2018-07-24,0.0045707,0.0723098,True,15.3812
107,10067,2018-07-25,0.00457028,0.0594866,True,10.9924
107,10068,2018-07-26,0.00462376,0.107501,True,22.4705
107,10069,2018-07-27,0.00459937,0.0423312,True,5.24072
107,10070,2018-07-28,0.0045679,0.035868,True,3.15731
107,10071,2018-07-29,0.00467468,0.143672,True,34.9278
107,10072,2018-07-30,0.0046472,0.0372752,True,3.54014
107,10073,2018-07-31,0.00462334,0.0468411,True,3.98572
107,10074,2018-08-01,0.00463361,0.0764697,True,12.0277
107,10075,2018-08-02,0.00461183,0.04238,True,3.84823
107,10076,2018-08-03,0.00457962,0.0408593,True,0.866234
107,10077,2018-08-04,0.00455628,0.0467794,True,2.76031
107,10078,2018-08-05,0.00453417,0.0471553,True,2.76031
107,10079,2018-08-06,0.00452152,0.0540557,True,4.93571
107,10080,2018-08-07,0.00453009,0.127,True,10.3189
107,10081,2018-08-08,0.00458298,0.140613,True,22.2443
107,10082,2018-08-09,0.00494545,0.394198,True,112.197
107,10083,2018-08-10,0.00500888,0.349623,True,28.5613
107,10084,2018-08-11,0.00500118,0.105116,True,6.90839
107,10085,2018-08-12,0.00499121,0.0515461,True,5.9982
107,10086,2018-08-13,0.0052033,0.388744,True,77.8025
107,10087,2018-08-14,0.00531853,0.348623,True,48.7572
107,10088,2018-08-15,0.00547163,0.420209,True,63.9522
107,10089,2018-08-16,0.005687,0.50429,True,90.0333
107,10090,2018-08-17,0.00577205,0.453905,True,43.7984
107,10091,2018-08-18,0.00577108,0.175583,True,10.898
107,10092,2018-08-19,0.00574977,0.0595927,True,2.71121
107,10093,2018-08-20,0.00574075,0.065853,True,7.31803
107,10094,2018-08-21,0.00573033,0.0629243,True,6.56046
107,10095,2018-08-22,0.00570475,0.0484641,True,0.247495
107,10096,2018-08-23,0,0.0222241,False,0
107,10097,2018-08-24,0,0.0172258,False,0
107,10098,2018-08-25,0,0.0181548,False,0
107,10099,2018-08-26,0,0.0194368,False,0
107,10100,2018-08-27,0,0.0181938,False,0
107,10101,2018-08-28,0.00056796,0.0177035,False,1.06562
107,10102,2018-08-29,0.00108316,0.0297998,False,4.39997
107,10103,2018-08-30,0.00101499,0.0351071,False,0.250938
107,10104,2018-08-31,0.00114584,0.0213075,False,2.61417
120,10013,2018-06-01,0.0028664,0.0411575,True,0.455175
120,10014,2018-06-02,0,0.0273132,False,0.78897
120,10015,2018-06-03,0.00173133,0.0481721,True,13.4422
120,10016,2018-06-04,0.00291427,0.0931776,True,39.9572
120,10017,2018-06-05,0.00330361,0.123471,True,29.3128
120,10018,2018-06-06,0.00316381,0.0316396,True,3.1682
120,10019,2018-06-07,0.0035078,0.0936826,True,31.3808
120,10020,2018-06-08,0.00385924,0.131233,True,37.5117
120,10021,2018-06-09,0.00416698,0.149335,True,39.3332
120,10022,2018-06-10,0.00422356,0.0882362,True,17.5888
120,10023,2018-06-11,0.00452394,0.17276,True,45.299
120,10024,2018-06-12,0.00469193,0.16444,True,33.2922
120,10025,2018-06-13,0.0047404,0.105676,True,18.9595
120,10026,2018-06-14,0.00525651,0.312765,True,88.6496
120,10027,2018-06-15,0.00528154,0.145385,True,18.3637
120,10028,2018-06-16,0.00519992,0.0673136,True,0.192566
120,10029,2018-06-17,0.00520983,0.0449646,True,14.556
120,10030,2018-06-18,0.00518308,0.0316547,True,7.74392
120,10031,2018-06-19,0.00525727,0.0738883,True,25.3295
120,10032,2018-06-20,0.0055699,0.221661,True,72.251
120,10033,2018-06-21,0.00589844,0.235337,True,82.0984
120,10034,2018-06-22,0.00593192,0.124203,True,21.5972
120,10035,2018-06-23,0.00592328,0.0756358,True,11.9482
120,10036,2018-06-24,0.00590254,0.0224547,True,8.69619
120,10037,2018-06-25,0.00586158,0.0207487,True,3.4368
120,10038,2018-06-26,0.00592602,0.0563685,True,28.0655
120,10039,2018-06-27,0.00590749,0.0265205,True,8.01718
120,10040,2018-06-28,0.00599745,0.0615528,True,34.8518
120,10041,2018-06-29,0.00603727,0.051165,True,22.6395
120,10042,2018-06-30,0.00604002,0.026571,True,12.9726
120,10043,2018-07-01,0.00599504,0.012137,True,0
120,10044,2018-07-02,0.00600796,0.0188862,True,15.0992
120,10045,2018-07-03,0.00597271,0.0126685,True,1.79156
120,10046,2018-07-04,0.00594491,0.013297,True,3.42717
120,10047,2018-07-05,0.00590606,0.0142412,True,0
120,10048,2018-07-06,0.00589655,0.0242944,True,7.81094
120,10049,2018-07-07,0.00589083,0.024613,True,8.65032
120,10050,2018-07-08,0.00596094,0.0604705,True,30.3559
120,10051,2018-07-09,0.00603325,0.0875607,True,31.6133
120,10052,2018-07-10,0.00619739,0.18104,True,60.5468
120,10053,2018-07-11,0.00636815,0.135884,True,65.1632
120,10054,2018-07-12,0.00651612,0.140818,True,60.1941
120,10055,2018-07-13,0.00658239,0.123887,True,34.1432
120,10056,2018-07-14,0.00664582,0.113398,True,33.7249
120,10057,2018-07-15,0.0067169,0.0947637,True,36.9992
120,10058,2018-07-16,0.00709206,0.197971,True,151.496
120,10059,2018-07-17,0.00716654,0.2693,True,42.0528
120,10060,2018-07-18,0.00735163,0.242903,True,87.3581
120,10061,2018-07-19,0.00738657,0.18209,True,28.0985
120,10062,2018-07-20,0.00742357,0.199035,True,29.1383
120,10063,2018-07-21,0.00741177,0.0514696,True,8.70673
120,10064,2018-07-22,0.00740057,0.0303294,True,8.72705
120,10065,2018-07-23,0.00740889,0.0422515,True,16.8561
120,10066,2018-07-24,0.00748405,0.114365,True,45.8607
120,10067,2018-07-25,0.00750428,0.126102,True,22.241
120,10068,2018-07-26,0.00750829,0.0954725,True,15.039
120,10069,2018-07-27,0.00748292,0.0203083,True,1.73517
120,10070,2018-07-28,0.0074547,0.0205689,True,0.18207
120,10071,2018-07-29,0.00745217,0.0356401,True,11.5232
120,10072,2018-07-30,0.00745521,0.0359384,True,13.9318
120,10073,2018-07-31,0.00753497,0.136669,True,49.3591
120,10074,2018-08-01,0.00756913,0.213537,True,28.6478
120,10075,2018-08-02,0.00754522,0.0411764,True,1.25568
120,10076,2018-08-03,0.00753374,0.0281407,True,6.92534
120,10077,2018-08-04,0.00752043,0.0258614,True,5.87374
120,10078,2018-08-05,0.00751357,0.0343462,True,8.78629
120,10079,2018-08-06,0.00749439,0.0228606,True,2.68214
120,10080,2018-08-07,0.00747663,0.0244637,True,3.17005
120,10081,2018-08-08,0.00753139,0.0878274,True,38.4902
120,10082,2018-08-09,0.00753178,0.0515997,True,11.9141
120,10083,2018-08-10,0.00752768,0.049964,True,9.57755
120,10084,2018-08-11,0.00752788,0.0436168,True,11.6191
120,10085,2018-08-12,0.00752963,0.0449421,True,12.3083
120,10086,2018-08-13,0.00755132,0.0630702,True,22.382
120,10087,2018-08-14,0.00758677,0.10643,True,29.5383
120,10088,2018-08-15,0.00784143,0.404883,True,145.753
120,10089,2018-08-16,0.00798612,0.49698,True,91.0291
120,10090,2018-08-17,0.00807729,0.37906,True,63.291
120,10091,2018-08-18,0.00810356,0.246597,True,27.4864
120,10092,2018-08-19,0.00811402,0.13884,True,18.5894
120,10093,2018-08-20,0.00809632,0.02831,True,2.42823
120,10094,2018-08-21,0.00807906,0.0227595,True,2.50239
120,10095,2018-08-22,0.00807142,0.0419161,True,7.87539
120,10096,2018-08-23,0.0080542,0.0319984,True,2.20223
120,10097,2018-08-24,0.00803347,0.0801738,True,0
120,10098,2018-08-25,0,0.0087446,False,0
120,10099,2018-08-26,0,0.00912393,False,0
120,10100,2018-08-27,0.0010086,0.00978532,False,2.46866
120,10101,2018-08-28,0.0019976,0.0264936,True,11.2304
120,10102,2018-08-29,0.00211586,0.0149535,True,4.74369
120,10103,2018-08-30,0.00198961,0.0136358,True,0
120,10104,2018-08-31,0,0.0134172,False,0.897199
121,10013,2018-06-01,0,0.0214598,False,0
121,10014,2018-06-02,0,0.0150174,False,0
121,10015,2018-06-03,0,0.0146163,False,0.211634
121,10016,2018-06-04,0.00181085,0.0624871,True,25.7007
121,10017,2018-06-05,0.0020538,0.050044,True,19.5242
121,10018,2018-06-06,0.00189139,0.0220206,True,0.406236
121,10019,2018-06-07,0.00193832,0.026754,True,8.85534
121,10020,2018-06-08,0.00231151,0.0671085,True,31.9465
121,10021,2018-06-09,0.00261349,0.106027,True,34.2301
121,10022,2018-06-10,0.0030474,0.232678,True,56.6444
121,10023,2018-06-11,0.00310491,0.117181,True,18.1499
121,10024,2018-06-12,0.00337538,0.203405,True,49.1557
121,10025,2018-06-13,0.00349101,0.214127,True,30.0831
121,10026,2018-06-14,0.00416749,0.463158,True,138.327
121,10027,2018-06-15,0.00422793,0.371656,True,29.1112
121,10028,2018-06-16,0.00417044,0.105181,True,3.10844
121,10029,2018-06-17,0.00416786,0.0538831,True,14.2
121,10030,2018-06-18,0.00415764,0.0431576,True,11.7931
121,10031,2018-06-19,0.00422794,0.0982576,True,30.6917
121,10032,2018-06-20,0.00442084,0.257925,True,63.3842
121,10033,2018-06-21,0.00451113,0.210691,True,39.164
121,10034,2018-06-22,0.00453788,0.0980167,True,22.1932
121,10035,2018-06-23,0.00457976,0.0942583,True,26.6213
121,10036,2018-06-24,0.00453958,0.0238652,True,2.15927
121,10037,2018-06-25,0.00450926,0.0233067,True,4.38035
121,10038,2018-06-26,0.00452834,0.032167,True,18.9562
121,10039,2018-06-27,0.00449524,0.0187668,True,2.45077
121,10040,2018-06-28,0.00461086,0.083378,True,49.7509
121,10041,2018-06-29,0.00461985,0.0416345,True,15.7496
121,10042,2018-06-30,0.00462798,0.031851,True,15.2925
121,10043,2018-07-01,0.00459221,0.0123675,True,0
121,10044,2018-07-02,0,0.00623819,False,0.406236
121,10045,2018-07-03,0,0.00450264,False,0
121,10046,2018-07-04,0,0.00447944,False,0
121,10047,2018-07-05,0,0.00489787,False,0
121,10048,2018-07-06,0.000945212,0.00917363,True,3.90757
121,10049,2018-07-07,0.00287554,0.0641413,True,48.6314
121,10050,2018-07-08,0.0034161,0.101114,True,37.1048
121,10051,2018-07-09,0.00396688,0.124818,True,48.9246
121,10052,2018-07-10,0.00420004,0.104266,True,33.4735
121,10053,2018-07-11,0.00482656,0.136684,True,76.4681
121,10054,2018-07-12,0.00512288,0.132085,True,52.3504
121,10055,2018-07-13,0.00519272,0.101401,True,27.3066
121,10056,2018-07-14,0.00546797,0.150569,True,56.4661
121,10057,2018-07-15,0.00562739,0.108918,True,42.9712
121,10058,2018-07-16,0.00579172,0.127534,True,45.7208
121,10059,2018-07-17,0.00584263,0.0934357,True,27.4998
121,10060,2018-07-18,0.00606518,0.152062,True,59.7255
121,10061,2018-07-19,0.00607957,0.0821542,True,21.4662
121,10062,2018-07-20,0.00621911,0.150872,True,46.8363
121,10063,2018-07-21,0.00626308,0.115635,True,27.6563
121,10064,2018-07-22,0.00623403,0.0526975,True,11.3259
121,10065,2018-07-23,0.00628136,0.0553397,True,27.8537
121,10066,2018-07-24,0.00639884,0.118394,True,44.6501
121,10067,2018-07-25,0.00640979,0.0707062,True,19.619
121,10068,2018-07-26,0.00641944,0.0594554,True,18.9472
121,10069,2018-07-27,0.00636727,0.0127163,True,2.82129
121,10070,2018-07-28,0.00633621,0.0161557,True,7.43951
121,10071,2018-07-29,0.00655999,0.170627,True,74.8711
121,10072,2018-07-30,0.00652874,0.0394902,True,7.03519
121,10073,2018-07-31,0.0065926,0.117696,True,33.2403
121,10074,2018-08-01,0.00671521,0.16297,True,50.9464
121,10075,2018-08-02,0.00667077,0.0282825,True,2.18084
121,10076,2018-08-03,0.00663435,0.0179648,True,3.96654
121,10077,2018-08-04,0.00660006,0.0143404,True,4.06038
121,10078,2018-08-05,0.00657799,0.0194908,True,7.28752
121,10079,2018-08-06,0.00655992,0.025019,True,8.10725
121,10080,2018-08-07,0.0065531,0.0322368,True,11.2594
121,10081,2018-08-08,0.00665449,0.0878871,True,45.624
121,10082,2018-08-09,0.00670089,0.138966,True,28.5861
121,10083,2018-08-10,0.0067946,0.174518,True,44.838
121,10084,2018-08-11,0.00681944,0.0800257,True,22.0368
121,10085,2018-08-12,0.00683952,0.0705899,True,20.4093
121,10086,2018-08-13,0.0069416,0.140385,True,49.6574
121,10087,2018-08-14,0.00712464,0.265188,True,80.927
121,10088,2018-08-15,0.00749405,0.342695,True,157.451
121,10089,2018-08-16,0.00786055,0.580524,True,167.022
121,10090,2018-08-17,0.00799236,0.483288,True,73.8108
121,10091,2018-08-18,0.00800347,0.12315,True,22.0464
121,10092,2018-08-19,0.00798878,0.0633313,True,10.4239
121,10093,2018-08-20,0.0079629,0.0185455,True,5.0866
121,10094,2018-08-21,0.00793252,0.015897,True,2.67647
121,10095,2018-08-22,0.0079023,0.0197279,True,2.35809
121,10096,2018-08-23,0.00787651,0.0203957,True,3.9923
121,10097,2018-08-24,0.00784342,0.0191374,True,0.305873
121,10098,2018-08-25,0,0.00713895,False,0
121,10099,2018-08-26,0,0.00569427,False,0
121,10100,2018-08-27,0,0.00625831,False,0
121,10101,2018-08-28,0.00177268,0.0251577,True,11.4874
121,10102,2018-08-29,0.00195408,0.0145605,True,7.57446
121,10103,2018-08-30,0.00179175,0.0109781,True,0
121,10104,2018-08-31,0,0.0104581,False,0
122,10013,2018-06-01,0,0.018538,False,0
122,10014,2018-06-02,0,0.0130427,False,0
122,10015,2018-06-03,0,0.0125177,False,0
122,10016,2018-06-04,0.00133363,0.0584044,True,24.9114
122,10017,2018-06-05,0.00158801,0.0555286,True,23.544
122,10018,2018-06-06,0.00145977,0.0218236,True,0.255887
122,10019,2018-06-07,0.0014715,0.0263151,True,7.50647
122,10020,2018-06-08,0.00169625,0.0576959,True,26.9214
122,10021,2018-06-09,0.00187553,0.0750813,True,27.6896
122,10022,2018-06-10,0.00224602,0.22113,True,61.1904
122,10023,2018-06-11,0.00243434,0.191339,True,43.3852
122,10024,2018-06-12,0.00273585,0.309718,True,73.2725
122,10025,2018-06-13,0.00329656,0.403953,True,155.624
122,10026,2018-06-14,0.00362409,0.542733,True,119.152
122,10027,2018-06-15,0.00364236,0.386719,True,28.1473
122,10028,2018-06-16,0.00358573,0.105028,True,1.73953
122,10029,2018-06-17,0.00353928,0.0393702,True,3.42271
122,10030,2018-06-18,0.00350059,0.0353533,True,4.62741
122,10031,2018-06-19,0.00352781,0.0750863,True,27.334
122,10032,2018-06-20,0.00361497,0.226435,True,50.4062
122,10033,2018-06-21,0.00360378,0.112814,True,12.8866
122,10034,2018-06-22,0.00358774,0.0602576,True,10.1975
122,10035,2018-06-23,0.00357419,0.0403796,True,10.4723
122,10036,2018-06-24,0.00357155,0.0409615,True,14.3875
122,10037,2018-06-25,0.00356193,0.0350766,True,10.9438
122,10038,2018-06-26,0.00357409,0.0406007,True,19.9238
122,10039,2018-06-27,0.00355829,0.0246857,True,7.32429
122,10040,2018-06-28,0.00360581,0.0748751,True,35.5339
122,10041,2018-06-29,0.00361143,0.0400681,True,16.5941
122,10042,2018-06-30,0.00359487,0.0191076,True,5.86393
122,10043,2018-07-01,0.00356706,0.0138129,True,0
122,10044,2018-07-02,0,0.0054773,False,0.120474
122,10045,2018-07-03,0,0.00392996,False,0
122,10046,2018-07-04,0,0.00424671,False,0
122,10047,2018-07-05,0,0.00483121,False,0
122,10048,2018-07-06,0,0.00631493,False,0.749009
122,10049,2018-07-07,0.00266471,0.0631203,True,47.2297
122,10050,2018-07-08,0.00335631,0.134606,True,55.9842
122,10051,2018-07-09,0.00339803,0.0757758,True,23.3918
122,10052,2018-07-10,0.00382519,0.137747,True,56.9323
122,10053,2018-07-11,0.00464681,0.148172,True,119.185
122,10054,2018-07-12,0.00485182,0.228119,True,55.9651
122,10055,2018-07-13,0.00498513,0.171269,True,47.3569
122,10056,2018-07-14,0.00516058,0.157444,True,56.555
122,10057,2018-07-15,0.00513214,0.0630826,True,19.1222
122,10058,2018-07-16,0.00533543,0.151386,True,65.1217
122,10059,2018-07-17,0.00533124,0.0841997,True,22.5445
122,10060,2018-07-18,0.00541824,0.139047,True,42.4139
122,10061,2018-07-19,0.00539619,0.0570735,True,16.6526
122,10062,2018-07-20,0.00546771,0.122608,True,38.8021
122,10063,2018-07-21,0.00542682,0.0376296,True,10.0092
122,10064,2018-07-22,0.00539249,0.0331171,True,10.4625
122,10065,2018-07-23,0.00541861,0.0391175,True,25.7271
122,10066,2018-07-24,0.00545124,0.0544625,True,27.3519
122,10067,2018-07-25,0.00551025,0.13594,True,34.9602
122,10068,2018-07-26,0.00553122,0.0854292,True,24.0049
122,10069,2018-07-27,0.0054852,0.0205346,True,3.38802
122,10070,2018-07-28,0.00543873,0.0148182,True,2.34063
122,10071,2018-07-29,0.00553716,0.0854219,True,46.9931
122,10072,2018-07-30,0.00551551,0.0364862,True,9.13605
122,10073,2018-07-31,0.00550219,0.0379098,True,11.2728
122,10074,2018-08-01,0.00549075,0.0285014,True,11.409
122,10075,2018-08-02,0.00547852,0.0278434,True,10.6991
122,10076,2018-08-03,0.00544216,0.0158607,True,2.02371
122,10077,2018-08-04,0.00540281,0.0160982,True,0.413701
122,10078,2018-08-05,0,0.0075713,False,0.868037
122,10079,2018-08-06,0.000863517,0.00873324,True,4.11532
122,10080,2018-08-07,0.00169285,0.0235046,True,18.2383
122,10081,2018-08-08,0.00287024,0.117162,True,57.0439
122,10082,2018-08-09,0.00450817,0.259044,True,149.575
122,10083,2018-08-10,0.00470605,0.228099,True,47.1312
122,10084,2018-08-11,0.00456836,0.0449199,True,5.29819
122,10085,2018-08-12,0.00465565,0.0882652,True,31.8073
122,10086,2018-08-13,0.00482287,0.129491,True,44.1323
122,10087,2018-08-14,0.00525253,0.229291,True,91.6889
122,10088,2018-08-15,0.00553041,0.216836,True,74.2849
122,10089,2018-08-16,0.00645717,0.440445,True,228.79
122,10090,2018-08-17,0.00660738,0.415869,True,67.5335
122,10091,2018-08-18,0.00657394,0.162402,True,20.568
122,10092,2018-08-19,0.00649375,0.040663,True,6.11955
122,10093,2018-08-20,0.00643923,0.028501,True,11.038
122,10094,2018-08-21,0.00639802,0.0276121,True,13.0967
122,10095,2018-08-22,0.00632226,0.0148859,True,1.80109
122,10096,2018-08-23,0.00625379,0.0155819,True,2.32047
122,10097,2018-08-24,0.0061822,0.0141978,True,0
122,10098,2018-08-25,0,0.00554386,False,0
122,10099,2018-08-26,0,0.00531875,False,0
122,10100,2018-08-27,0.000581356,0.00733764,False,1.71246
122,10101,2018-08-28,0.000650055,0.00736251,False,1.21309
122,10102,2018-08-29,0.000862174,0.0101085,False,3.33147
122,10103,2018-08-30,0.000810668,0.0109876,False,0
122,10104,2018-08-31,0.000869191,0.0111109,False,1.71246
123,10013,2018-06-01,0,0.0306002,False,0
123,10014,2018-06-02,0,0.0211906,False,0.273472
123,10015,2018-06-03,0.000376661,0.0235054,False,2.39288
123,10016,2018-06-04,0.000811561,0.0692849,True,13.3801
123,10017,2018-06-05,0.00100405,0.0597802,True,13.4617
123,10018,2018-06-06,0.000948345,0.0308409,True,0.272949
123,10019,2018-06-07,0.000968721,0.0329259,True,4.50773
123,10020,2018-06-08,0.00122349,0.107549,True,25.6112
123,10021,2018-06-09,0.00146603,0.142058,True,33.0063
123,10022,2018-06-10,0.00180941,0.2544,True,58.9605
123,10023,2018-06-11,0.00197545,0.228478,True,39.7564
123,10024,2018-06-12,0.00223122,0.247958,True,66.2945
123,10025,2018-06-13,0.00263259,0.262359,True,120.307
123,10026,2018-06-14,0.00285739,0.328935,True,87.1136
123,10027,2018-06-15,0.00287322,0.233414,True,22.2293
123,10028,2018-06-16,0.00283133,0.0729999,True,1.15666
123,10029,2018-06-17,0.00279728,0.0312784,True,2.6749
123,10030,2018-06-18,0.00276639,0.0335165,True,2.73126
123,10031,2018-06-19,0.00279949,0.0984798,True,25.9788
123,10032,2018-06-20,0.00285229,0.107281,True,34.221
123,10033,2018-06-21,0.00283176,0.0339325,True,4.97174
123,10034,2018-06-22,0.00281405,0.0368008,True,5.42963
123,10035,2018-06-23,0.00281165,0.0414158,True,11.261
123,10036,2018-06-24,0.00280515,0.0323404,True,9.12946
123,10037,2018-06-25,0.00279325,0.0296239,True,6.36677
123,10038,2018-06-26,0.00280636,0.0448249,True,17.0487
123,10039,2018-06-27,0.00279758,0.0285065,True,7.05575
123,10040,2018-06-28,0.00284653,0.0853466,True,33.545
123,10041,2018-06-29,0.00285168,0.0447675,True,13.3534
123,10042,2018-06-30,0.00283553,0.0245475,True,2.86467
123,10043,2018-07-01,0.00281901,0.0250944,True,2.276
123,10044,2018-07-02,0.00279866,0.0246069,True,0
123,10045,2018-07-03,0.00278528,0.021562,True,3.05449
123,10046,2018-07-04,0.00276645,0.019273,True,0
123,10047,2018-07-05,0,0.00741835,False,0
123,10048,2018-07-06,0,0.00937437,False,0.272949
123,10049,2018-07-07,0.00207104,0.0580386,True,41.4894
123,10050,2018-07-08,0.002573,0.119276,True,46.6205
123,10051,2018-07-09,0.00292031,0.119257,True,48.6973
123,10052,2018-07-10,0.00318652,0.115345,True,49.137
123,10053,2018-07-11,0.00379075,0.126725,True,107.685
123,10054,2018-07-12,0.00390284,0.127538,True,44.3189
123,10055,2018-07-13,0.00403307,0.137787,True,49.1413
123,10056,2018-07-14,0.00418292,0.137363,True,55.6121
123,10057,2018-07-15,0.00415417,0.0605329,True,16.9996
123,10058,2018-07-16,0.0042801,0.122804,True,52.5078
123,10059,2018-07-17,0.00430493,0.134411,True,28.4078
123,10060,2018-07-18,0.00433138,0.153159,True,28.2988
123,10061,2018-07-19,0.00430319,0.0363273,True,12.5372
123,10062,2018-07-20,0.00431278,0.0471966,True,22.082
123,10063,2018-07-21,0.00430162,0.0348316,True,15.3184
123,10064,2018-07-22,0.00431749,0.0420816,True,22.7264
123,10065,2018-07-23,0.00432728,0.0426243,True,20.4709
123,10066,2018-07-24,0.00433496,0.0428126,True,19.3876
123,10067,2018-07-25,0.00436327,0.0626722,True,25.8909
123,10068,2018-07-26,0.00439888,0.0726204,True,28.434
123,10069,2018-07-27,0.00437077,0.0237261,True,6.10613
123,10070,2018-07-28,0.00434253,0.0195162,True,5.29886
123,10071,2018-07-29,0.00444702,0.0959526,True,53.1607
123,10072,2018-07-30,0.0044234,0.0293271,True,6.23383
123,10073,2018-07-31,0.00440798,0.029699,True,8.74285
123,10074,2018-08-01,0.00442391,0.0408176,True,20.4291
123,10075,2018-08-02,0.00441817,0.0294524,True,11.7464
123,10076,2018-08-03,0.00438905,0.0161992,True,2.01131
123,10077,2018-08-04,0.00436111,0.0163681,True,1.93473
123,10078,2018-08-05,0.00433444,0.0172777,True,1.93473
123,10079,2018-08-06,0.00432472,0.0282174,True,8.41765
123,10080,2018-08-07,0.00433841,0.0446647,True,17.8764
123,10081,2018-08-08,0.00440837,0.0983294,True,41.9861
123,10082,2018-08-09,0.00475236,0.262401,True,169.101
123,10083,2018-08-10,0.00481934,0.278446,True,46.4609
123,10084,2018-08-11,0.00480418,0.0511778,True,6.73972
123,10085,2018-08-12,0.00482022,0.0582231,True,21.9074
123,10086,2018-08-13,0.00489107,0.131076,True,49.9164
123,10087,2018-08-14,0.00501535,0.269156,True,79.4907
123,10088,2018-08-15,0.00511661,0.301089,True,69.8139
123,10089,2018-08-16,0.00540826,0.472007,True,182.6
123,10090,2018-08-17,0.00548509,0.453865,True,62.8494
123,10091,2018-08-18,0.00548417,0.202134,True,16.2284
123,10092,2018-08-19,0.00546512,0.0504694,True,4.78558
123,10093,2018-08-20,0.00545373,0.0473609,True,9.15327
123,10094,2018-08-21,0.00544848,0.0573862,True,12.6794
123,10095,2018-08-22,0.00542564,0.0313851,True,1.30576
123,10096,2018-08-23,0.00540287,0.032889,True,0.965596
123,10097,2018-08-24,0,0.00999011,False,0
123,10098,2018-08-25,0,0.00926199,False,0
123,10099,2018-08-26,0,0.00889598,False,0
123,10100,2018-08-27,0,0.00913968,False,0.965596
123,10101,2018-08-28,0,0.00921996,False,0.812719
123,10102,2018-08-29,0.000883406,0.023658,True,5.69703
123,10103,2018-08-30,0.000772887,0.018986,True,0.175885
123,10104,2018-08-31,0.000988528,0.0308609,True,5.78354
137,10013,2018-06-01,0.00155057,0.0285805,True,0.253526
137,10014,2018-06-02,0,0.0190432,False,0.439445
137,10015,2018-06-03,0.000425673,0.0177107,True,3.32781
137,10016,2018-06-04,0.00105259,0.053982,True,25.8053
137,10017,2018-06-05,0.00153222,0.124727,True,46.3648
137,10018,2018-06-06,0.00149339,0.041791,True,5.79528
137,10019,2018-06-07,0.00160879,0.0694826,True,23.2723
137,10020,2018-06-08,0.00195826,0.208602,True,65.3597
137,10021,2018-06-09,0.00216583,0.256448,True,53.9364
137,10022,2018-06-10,0.00227636,0.213394,True,39.241
137,10023,2018-06-11,0.00231991,0.130316,True,25.0664
137,10024,2018-06-12,0.00236961,0.122212,True,27.1924
137,10025,2018-06-13,0.00236995,0.0506604,True,13.6311
137,10026,2018-06-14,0.00258323,0.278805,True,79.3601
137,10027,2018-06-15,0.00261706,0.213674,True,26.1733
137,10028,2018-06-16,0.00257827,0.0681979,True,0.815368
137,10029,2018-06-17,0.00260404,0.0565087,True,22.7491
137,10030,2018-06-18,0.0025805,0.0292418,True,4.47559
137,10031,2018-06-19,0.00259827,0.0481939,True,19.304
137,10032,2018-06-20,0.00270537,0.149998,True,55.2407
137,10033,2018-06-21,0.00282468,0.23547,True,64.1782
137,10034,2018-06-22,0.00282832,0.108104,True,15.3912
137,10035,2018-06-23,0.00282639,0.0628023,True,12.5209
137,10036,2018-06-24,0.00281712,0.0230048,True,8.70218
137,10037,2018-06-25,0.0027985,0.0207335,True,3.78305
137,10038,2018-06-26,0.00283174,0.0478712,True,28.2821
137,10039,2018-06-27,0.00281997,0.0308436,True,6.32702
137,10040,2018-06-28,0.00293925,0.134757,True,73.2051
137,10041,2018-06-29,0.00296191,0.1129,True,24.7504
137,10042,2018-06-30,0.00295022,0.0331988,True,6.12061
137,10043,2018-07-01,0.00292851,0.0108865,True,0.177893
137,10044,2018-07-02,0.00291917,0.0152308,True,6.54822
137,10045,2018-07-03,0.00290956,0.0164384,True,6.04492
137,10046,2018-07-04,0.00290323,0.0162049,True,7.57902
137,10047,2018-07-05,0.00288439,0.0126021,True,0.107328
137,10048,2018-07-06,0.00288622,0.0231241,True,11.6709
137,10049,2018-07-07,0.00289027,0.0247647,True,12.8379
137,10050,2018-07-08,0.00293588,0.0613457,True,37.7496
137,10051,2018-07-09,0.0029734,0.104865,True,33.6845
137,10052,2018-07-10,0.00303036,0.134961,True,46.8426
137,10053,2018-07-11,0.00309446,0.149072,True,53.0024
137,10054,2018-07-12,0.00315192,0.139931,True,50.1926
137,10055,2018-07-13,0.00319974,0.132953,True,44.8651
137,10056,2018-07-14,0.00323443,0.132431,True,36.4896
137,10057,2018-07-15,0.00325097,0.0727569,True,23.8367
137,10058,2018-07-16,0.0033466,0.193893,True,83.5035
137,10059,2018-07-17,0.00337099,0.158685,True,31.1496
137,10060,2018-07-18,0.00347667,0.244587,True,96.4943
137,10061,2018-07-19,0.00352105,0.247411,True,49.4952
137,10062,2018-07-20,0.00354129,0.140872,True,30.1562
137,10063,2018-07-21,0.00355227,0.123527,True,22.5096
137,10064,2018-07-22,0.00354948,0.0499119,True,10.7102
137,10065,2018-07-23,0.00355061,0.0325924,True,13.9223
137,10066,2018-07-24,0.00358418,0.0878233,True,42.2993
137,10067,2018-07-25,0.00358451,0.0554316,True,13.2119
137,10068,2018-07-26,0.00361892,0.135684,True,43.8333
137,10069,2018-07-27,0.00360619,0.0325228,True,1.29388
137,10070,2018-07-28,0.00359245,0.0255555,True,0.10141
137,10071,2018-07-29,0.0035897,0.0480987,True,9.92976
137,10072,2018-07-30,0.0036019,0.0458959,True,23.6643
137,10073,2018-07-31,0.00362572,0.105196,True,34.7119
137,10074,2018-08-01,0.00363758,0.107469,True,23.6449
137,10075,2018-08-02,0.00362632,0.0270818,True,1.49332
137,10076,2018-08-03,0.0036182,0.0186764,True,4.28169
137,10077,2018-08-04,0.00361228,0.0280276,True,6.22035
137,10078,2018-08-05,0.00360699,0.0265598,True,6.64581
137,10079,2018-08-06,0.00359759,0.0220549,True,2.4671
137,10080,2018-08-07,0.00359203,0.029916,True,6.04054
137,10081,2018-08-08,0.00360861,0.0531629,True,27.8142
137,10082,2018-08-09,0.00360635,0.0456599,True,9.12487
137,10083,2018-08-10,0.0036049,0.0476629,True,9.82127
137,10084,2018-08-11,0.00361156,0.0546706,True,17.9255
137,10085,2018-08-12,0.00362681,0.0621062,True,26.7456
137,10086,2018-08-13,0.00364527,0.105587,True,30.2375
137,10087,2018-08-14,0.00369403,0.30464,True,62.4285
137,10088,2018-08-15,0.00384808,0.504339,True,179.134
137,10089,2018-08-16,0.00393147,0.632802,True,106.722
137,10090,2018-08-17,0.0039679,0.451278,True,54.9319
137,10091,2018-08-18,0.00398015,0.156373,True,27.2751
137,10092,2018-08-19,0.00398151,0.10609,True,14.5108
137,10093,2018-08-20,0.00397472,0.0294351,True,4.77071
137,10094,2018-08-21,0.00396735,0.0261688,True,3.91247
137,10095,2018-08-22,0.00396504,0.0599086,True,9.78093
137,10096,2018-08-23,0.00396219,0.0477222,True,9.03008
137,10097,2018-08-24,0.00395298,0.0347193,True,1.23427
137,10098,2018-08-25,0.00394289,0.0377495,True,0
137,10099,2018-08-26,0,0.00717304,False,0
137,10100,2018-08-27,0.000468906,0.00746803,False,2.26947
137,10101,2018-08-28,0.000993269,0.0272411,True,12.1781
137,10102,2018-08-29,0.00124596,0.0243339,True,13.1066
137,10103,2018-08-30,0.00117156,0.012101,True,0
137,10104,2018-08-31,0,0.00942433,False,0.338495
138,10013,2018-06-01,0,0.0152209,False,0
138,10014,2018-06-02,0,0.0107241,False,0
138,10015,2018-06-03,0,0.0122777,False,0.933268
138,10016,2018-06-04,0.00129543,0.0825778,True,31.1546
138,10017,2018-06-05,0.00134061,0.0465334,True,14.2306
138,10018,2018-06-06,0.0012313,0.0184807,True,0.161705
138,10019,2018-06-07,0.00120119,0.0177129,True,3.58847
138,10020,2018-06-08,0.0017111,0.127529,True,63.2557
138,10021,2018-06-09,0.00183794,0.219177,True,28.7489
138,10022,2018-06-10,0.00217179,0.336171,True,71.9677
138,10023,2018-06-11,0.00246613,0.327743,True,80.6559
138,10024,2018-06-12,0.00279909,0.319148,True,108.035
138,10025,2018-06-13,0.00314798,0.409179,True,134.56
138,10026,2018-06-14,0.00360281,0.574697,True,202.731
138,10027,2018-06-15,0.00360621,0.472921,True,30.4043
138,10028,2018-06-16,0.00355071,0.161392,True,2.51838
138,10029,2018-06-17,0.00350088,0.0397476,True,2.69745
138,10030,2018-06-18,0.00345335,0.0328328,True,1.70678
138,10031,2018-06-19,0.00346152,0.0793382,True,26.3181
138,10032,2018-06-20,0.0035363,0.213131,True,58.9395
138,10033,2018-06-21,0.00355519,0.297428,True,31.7658
138,10034,2018-06-22,0.00351933,0.0612469,True,2.60221
138,10035,2018-06-23,0.00348459,0.0264908,True,1.91352
138,10036,2018-06-24,0.00345537,0.023026,True,3.71317
138,10037,2018-06-25,0.00343784,0.0290427,True,9.07041
138,10038,2018-06-26,0.00346487,0.0641011,True,33.1622
138,10039,2018-06-27,0.00345296,0.0374926,True,11.0666
138,10040,2018-06-28,0.00355141,0.122635,True,75.4528
138,10041,2018-06-29,0.00355415,0.122936,True,19.6439
138,10042,2018-06-30,0.00352672,0.0234822,True,0.67454
138,10043,2018-07-01,0,0.00493808,False,0
138,10044,2018-07-02,0.000637515,0.0039826,False,2.20006
138,10045,2018-07-03,0.000579002,0.0041128,False,0.249487
138,10046,2018-07-04,0,0.00405444,False,0.314169
138,10047,2018-07-05,0,0.00386101,False,0
138,10048,2018-07-06,0.000457423,0.00513539,False,1.15006
138,10049,2018-07-07,0.00299554,0.0611754,True,73.82
138,10050,2018-07-08,0.00355952,0.139472,True,53.0173
138,10051,2018-07-09,0.00387658,0.0926004,True,45.3046
138,10052,2018-07-10,0.00451169,0.114492,True,88.3093
138,10053,2018-07-11,0.0047922,0.13852,True,59.542
138,10054,2018-07-12,0.00508892,0.127662,True,68.0462
138,10055,2018-07-13,0.00518868,0.0976167,True,40.5118
138,10056,2018-07-14,0.00529781,0.0906729,True,42.8132
138,10057,2018-07-15,0.00541237,0.0836576,True,44.8654
138,10058,2018-07-16,0.00556276,0.115852,True,53.6826
138,10059,2018-07-17,0.0057281,0.109184,True,59.4058
138,10060,2018-07-18,0.00588311,0.141036,True,59.7517
138,10061,2018-07-19,0.00588923,0.0706946,True,24.462
138,10062,2018-07-20,0.0059482,0.0923964,True,37.4238
138,10063,2018-07-21,0.00597272,0.0713151,True,28.326
138,10064,2018-07-22,0.00598585,0.0561937,True,24.7935
138,10065,2018-07-23,0.00599019,0.0294543,True,21.7913
138,10066,2018-07-24,0.00608315,0.0916702,True,47.3838
138,10067,2018-07-25,0.00620149,0.116901,True,56.3945
138,10068,2018-07-26,0.00625657,0.123656,True,37.8106
138,10069,2018-07-27,0.00620781,0.0169068,True,4.18639
138,10070,2018-07-28,0.00617544,0.0138644,True,8.57345
138,10071,2018-07-29,0.00620933,0.034767,True,29.9838
138,10072,2018-07-30,0.00618902,0.0262605,True,11.4057
138,10073,2018-07-31,0.00623041,0.0436349,True,32.2985
138,10074,2018-08-01,0.0062745,0.0539928,True,33.4785
138,10075,2018-08-02,0.0062616,0.0290124,True,12.891
138,10076,2018-08-03,0.00622008,0.0109268,True,1.87229
138,10077,2018-08-04,0.00618368,0.00970615,True,3.09044
138,10078,2018-08-05,0.00616601,0.017643,True,9.4796
138,10079,2018-08-06,0.00613448,0.0114079,True,3.78593
138,10080,2018-08-07,0.00615841,0.029944,True,24.477
138,10081,2018-08-08,0.0064316,0.199016,True,124.166
138,10082,2018-08-09,0.0070844,0.381408,True,301.115
138,10083,2018-08-10,0.00719339,0.263551,True,70.6905
138,10084,2018-08-11,0.00718747,0.0867903,True,17.1017
138,10085,2018-08-12,0.00721328,0.0830228,True,32.1063
138,10086,2018-08-13,0.00727657,0.112278,True,50.6755
138,10087,2018-08-14,0.00741882,0.183355,True,91.5722
138,10088,2018-08-15,0.00765782,0.237862,True,145.842
138,10089,2018-08-16,0.00788948,0.429623,True,148.518
138,10090,2018-08-17,0.00793716,0.26432,True,49.1805
138,10091,2018-08-18,0.00794061,0.0702008,True,24.1427
138,10092,2018-08-19,0.00793276,0.0437972,True,17.3503
138,10093,2018-08-20,0.00790736,0.0148418,True,6.74472
138,10094,2018-08-21,0.00789053,0.0217143,True,11.2878
138,10095,2018-08-22,0.00786917,0.0176672,True,8.19822
138,10096,2018-08-23,0.00783678,0.0134494,True,1.20247
138,10097,2018-08-24,0.00780319,0.0137717,True,0
138,10098,2018-08-25,0,0.0046209,False,0
138,10099,2018-08-26,0,0.00426744,False,0
138,10100,2018-08-27,0.0011347,0.00894815,True,6.16367
138,10101,2018-08-28,0.00148003,0.011778,True,8.2999
138,10102,2018-08-29,0.00177077,0.0171311,True,10.5644
138,10103,2018-08-30,0.00166507,0.00815136,True,0
138,10104,2018-08-31,0,0.00808422,False,0.846113
139,10013,2018-06-01,0,0.0130554,False,0
139,10014,2018-06-02,0,0.00901188,False,0
139,10015,2018-06-03,0.000613104,0.0102094,True,2.7937
139,10016,2018-06-04,0.00127463,0.0281686,True,14.3241
139,10017,2018-06-05,0.00134393,0.0201175,True,5.70934
139,10018,2018-06-06,0.00126368,0.0152079,True,0
139,10019,2018-06-07,0.00123737,0.0176811,True,1.29163
139,10020,2018-06-08,0.00200739,0.0869517,True,46.7224
139,10021,2018-06-09,0.00219933,0.065684,True,20.6899
139,10022,2018-06-10,0.00269868,0.195671,True,56.5181
139,10023,2018-06-11,0.00320541,0.239276,True,74.3679
139,10024,2018-06-12,0.00366164,0.228044,True,84.242
139,10025,2018-06-13,0.00414601,0.292314,True,106.718
139,10026,2018-06-14,0.00462518,0.437651,True,125.092
139,10027,2018-06-15,0.00464579,0.284533,True,24.4935
139,10028,2018-06-16,0.00457705,0.0821577,True,1.04946
139,10029,2018-06-17,0.00452769,0.0302392,True,4.53359
139,10030,2018-06-18,0.00446887,0.0267782,True,0.815208
139,10031,2018-06-19,0.00447294,0.046705,True,16.5253
139,10032,2018-06-20,0.00454757,0.0878946,True,35.8566
139,10033,2018-06-21,0.00454869,0.0644312,True,15.3228
139,10034,2018-06-22,0.00450105,0.0250294,True,0.544218
139,10035,2018-06-23,0,0.00925855,False,0.680273
139,10036,2018-06-24,0.00110946,0.0107934,True,3.60852
139,10037,2018-06-25,0.00157886,0.0161858,True,6.52439
139,10038,2018-06-26,0.00267801,0.0291464,True,25.8806
139,10039,2018-06-27,0.00278321,0.0163631,True,8.25306
139,10040,2018-06-28,0.0038533,0.0895819,True,51.3309
139,10041,2018-06-29,0.0039506,0.030103,True,13.4779
139,10042,2018-06-30,0.00382999,0.0141099,True,0.429311
139,10043,2018-07-01,0,0.00777202,False,0.573226
139,10044,2018-07-02,0,0.00612426,False,0.96193
139,10045,2018-07-03,0.000917823,0.00816775,False,2.47986
139,10046,2018-07-04,0.000791231,0.00804909,False,0
139,10047,2018-07-05,0,0.00569864,False,0
139,10048,2018-07-06,0,0.00625537,False,0
139,10049,2018-07-07,0.00389027,0.06812,True,49.776
139,10050,2018-07-08,0.00446425,0.100308,True,40.014
139,10051,2018-07-09,0.00467216,0.0840796,True,28.1676
139,10052,2018-07-10,0.00549777,0.18282,True,69.5196
139,10053,2018-07-11,0.00577961,0.116419,True,41.9261
139,10054,2018-07-12,0.00610813,0.133589,True,49.3402
139,10055,2018-07-13,0.00622555,0.102136,True,31.5985
139,10056,2018-07-14,0.00630816,0.110358,True,27.9273
139,10057,2018-07-15,0.00644377,0.113692,True,34.0732
139,10058,2018-07-16,0.00657891,0.114247,True,34.8356
139,10059,2018-07-17,0.00679856,0.128579,True,47.3662
139,10060,2018-07-18,0.00693795,0.124688,True,38.059
139,10061,2018-07-19,0.00692982,0.0582745,True,16.4566
139,10062,2018-07-20,0.00699675,0.0598239,True,27.4872
139,10063,2018-07-21,0.00703027,0.0419561,True,22.0776
139,10064,2018-07-22,0.00704663,0.0378763,True,18.8987
139,10065,2018-07-23,0.00704533,0.0256224,True,15.4176
139,10066,2018-07-24,0.00712743,0.0552503,True,29.9078
139,10067,2018-07-25,0.00730332,0.172558,True,48.0796
139,10068,2018-07-26,0.00739293,0.144459,True,32.9129
139,10069,2018-07-27,0.00734774,0.0294876,True,6.22476
139,10070,2018-07-28,0.00729841,0.014739,True,4.66394
139,10071,2018-07-29,0.00729983,0.024436,True,14.4411
139,10072,2018-07-30,0.00727628,0.0189718,True,8.85174
139,10073,2018-07-31,0.00729489,0.0282056,True,17.3926
139,10074,2018-08-01,0.00729012,0.0252316,True,12.1355
139,10075,2018-08-02,0.0072766,0.0242292,True,9.88219
139,10076,2018-08-03,0.00722521,0.0131599,True,1.04812
139,10077,2018-08-04,0.00717699,0.0141769,True,1.24291
139,10078,2018-08-05,0.00714682,0.0148455,True,4.86205
139,10079,2018-08-06,0.00710721,0.0201006,True,2.31096
139,10080,2018-08-07,0.00713865,0.0359297,True,18.4235
139,10081,2018-08-08,0.00750531,0.236903,True,100.299
139,10082,2018-08-09,0.00836706,0.482334,True,244.007
139,10083,2018-08-10,0.00850456,0.391301,True,54.8412
139,10084,2018-08-11,0.00849329,0.125659,True,11.705
139,10085,2018-08-12,0.00852348,0.0637747,True,23.8774
139,10086,2018-08-13,0.00861,0.0750265,True,41.2409
139,10087,2018-08-14,0.00878777,0.221364,True,70.9112
139,10088,2018-08-15,0.00903043,0.264828,True,94.7288
139,10089,2018-08-16,0.00930122,0.33946,True,108.39
139,10090,2018-08-17,0.00937639,0.228539,True,43.1088
139,10091,2018-08-18,0.00938826,0.10108,True,20.9209
139,10092,2018-08-19,0.00938069,0.0551747,True,13.7593
139,10093,2018-08-20,0.00935858,0.0273248,True,8.19783
139,10094,2018-08-21,0.00934067,0.030268,True,9.40088
139,10095,2018-08-22,0.00931522,0.0261685,True,6.30941
139,10096,2018-08-23,0.00927619,0.0211663,True,0.935888
139,10097,2018-08-24,0.00923974,0.0225656,True,1.51475
139,10098,2018-08-25,0.00920112,0.0161674,True,0.35071
139,10099,2018-08-26,0,0.00706726,False,0.835977
139,10100,2018-08-27,0.00140063,0.01099,True,4.89114
139,10101,2018-08-28,0.00189147,0.0179152,True,7.44032
139,10102,2018-08-29,0.00235983,0.0241744,True,10.9362
139,10103,2018-08-30,0.0022458,0.0113932,True,0.582021
139,10104,2018-08-31,0.00223004,0.0135172,True,2.08638
140,10013,2018-06-01,0.000932926,0.0392158,True,0
140,10014,2018-06-02,0,0.0140024,False,0
140,10015,2018-06-03,0.000527513,0.0393786,True,8.12514
140,10016,2018-06-04,0.000568341,0.0396841,True,4.73372
140,10017,2018-06-05,0.000667612,0.0550189,True,8.55896
140,10018,2018-06-06,0.000627722,0.030636,True,0
140,10019,2018-06-07,0.000622026,0.0376417,True,1.77492
140,10020,2018-06-08,0.000634774,0.0341082,True,3.01332
140,10021,2018-06-09,0.000705205,0.0494636,True,8.62757
140,10022,2018-06-10,0.000851019,0.0722422,True,19.5704
140,10023,2018-06-11,0.000962848,0.0841187,True,19.4884
140,10024,2018-06-12,0.00104159,0.0972079,True,17.1162
140,10025,2018-06-13,0.00107929,0.0894753,True,11.1176
140,10026,2018-06-14,0.0011319,0.111968,True,14.9243
140,10027,2018-06-15,0.00116727,0.109664,True,12.1385
140,10028,2018-06-16,0.00115056,0.0663546,True,0.383859
140,10029,2018-06-17,0.00114844,0.0696771,True,3.49454
140,10030,2018-06-18,0.00113268,0.0628239,True,0
140,10031,2018-06-19,0.00112511,0.0667343,True,1.73138
140,10032,2018-06-20,0.00111604,0.0504979,True,1.15227
140,10033,2018-06-21,0.00110614,0.0768848,True,0.749204
140,10034,2018-06-22,0,0.0347495,False,0.465938
140,10035,2018-06-23,0.000227125,0.0348912,False,1.15987
140,10036,2018-06-24,0.000238583,0.026224,False,0.582423
140,10037,2018-06-25,0,0.0232376,False,0.349454
140,10038,2018-06-26,0.000361356,0.0376893,True,3.69641
140,10039,2018-06-27,0.000325468,0.0394337,False,0.349454
140,10040,2018-06-28,0.000483372,0.0588759,True,6.87354
140,10041,2018-06-29,0.000470668,0.0413883,False,0.815392
140,10042,2018-06-30,0.000684412,0.0579936,True,16.2508
140,10043,2018-07-01,0.000769809,0.046327,True,10.6498
140,10044,2018-07-02,0.000754753,0.0284831,True,1.0691
140,10045,2018-07-03,0.000763518,0.0332099,True,3.42096
140,10046,2018-07-04,0.000744502,0.0283588,True,0
140,10047,2018-07-05,0,0.0196576,False,0
140,10048,2018-07-06,0,0.0174213,False,0
140,10049,2018-07-07,0.000513491,0.0385073,True,7.38745
140,10050,2018-07-08,0.000646397,0.0482375,True,8.71941
140,10051,2018-07-09,0.000668554,0.0368053,True,4.53666
140,10052,2018-07-10,0.000777072,0.0701054,True,11.2988
140,10053,2018-07-11,0.000889097,0.0794124,True,14.5658
140,10054,2018-07-12,0.000963217,0.0795061,True,12.9282
140,10055,2018-07-13,0.000978738,0.04662,True,6.30922
140,10056,2018-07-14,0.000992165,0.0454519,True,5.97139
140,10057,2018-07-15,0.00100219,0.0404458,True,5.40319
140,10058,2018-07-16,0.00105581,0.0762443,True,12.8206
140,10059,2018-07-17,0.00110727,0.107167,True,13.5216
140,10060,2018-07-18,0.00112492,0.0683043,True,7.6045
140,10061,2018-07-19,0.00111719,0.060856,True,2.36672
140,10062,2018-07-20,0.00110801,0.068252,True,1.79259
140,10063,2018-07-21,0.00109932,0.0733889,True,1.6493
140,10064,2018-07-22,0.00110861,0.0741003,True,5.47535
140,10065,2018-07-23,0.00110518,0.0605881,True,2.51607
140,10066,2018-07-24,0.0010997,0.0635835,True,1.88227
140,10067,2018-07-25,0.00110423,0.0436945,True,4.15959
140,10068,2018-07-26,0.00115413,0.103117,True,15.7581
140,10069,2018-07-27,0.00115229,0.0340349,True,2.69766
140,10070,2018-07-28,0.00114217,0.0379293,True,0.349454
140,10071,2018-07-29,0.00113871,0.0412345,True,2.01229
140,10072,2018-07-30,0.00113403,0.0440069,True,1.56722
140,10073,2018-07-31,0.00112747,0.0374043,True,0.931876
140,10074,2018-08-01,0,0.0184198,False,0.349454
140,10075,2018-08-02,0,0.014376,False,0
140,10076,2018-08-03,0,0.0121309,False,0
140,10077,2018-08-04,0,0.0136295,False,0.582423
140,10078,2018-08-05,0,0.0146325,False,0.712731
140,10079,2018-08-06,0,0.0129992,False,0
140,10080,2018-08-07,0,0.013527,False,0.407696
140,10081,2018-08-08,0.000640006,0.101113,True,12.5273
140,10082,2018-08-09,0.000884318,0.0886005,True,20.5638
140,10083,2018-08-10,0.000841842,0.0256111,True,2.66325
140,10084,2018-08-11,0.000804883,0.0272366,True,1.25121
140,10085,2018-08-12,0.000818206,0.0402719,True,5.22977
140,10086,2018-08-13,0.000911608,0.0872937,True,14.9463
140,10087,2018-08-14,0.00108046,0.164801,True,29.6674
140,10088,2018-08-15,0.00125199,0.447474,True,37.9314
140,10089,2018-08-16,0.00136453,0.386993,True,32.1502
140,10090,2018-08-17,0.00140488,0.304575,True,17.6339
140,10091,2018-08-18,0.00140299,0.105082,True,6.98699
140,10092,2018-08-19,0.00138334,0.0846049,True,1.69959
140,10093,2018-08-20,0.00137168,0.094642,True,3.29859
140,10094,2018-08-21,0.00135132,0.0793856,True,0.349454
140,10095,2018-08-22,0,0.0616161,False,0.931876
140,10096,2018-08-23,0,0.0450859,False,0.434156
140,10097,2018-08-24,0.000249253,0.0436652,False,1.39781
140,10098,2018-08-25,0.000392786,0.0763827,False,3.44026
140,10099,2018-08-26,0.000384508,0.0779848,False,0.698907
140,10100,2018-08-27,0,0.0563412,False,0.232969
140,10101,2018-08-28,0.000389616,0.0688839,True,3.68508
140,10102,2018-08-29,0.000605794,0.119766,True,8.72418
140,10103,2018-08-30,0.00057429,0.0460199,True,0.884202
140,10104,2018-08-31,0.000621825,0.0407239,True,4.48209
155,10013,2018-06-01,0.00154741,0.0295466,True,0
155,10014,2018-06-02,0,0.0118318,False,0
155,10015,2018-06-03,0,0.0135639,False,0.838417
155,10016,2018-06-04,0.000822707,0.0416358,True,13.7328
155,10017,2018-06-05,0.00123088,0.0689448,True,29.0071
155,10018,2018-06-06,0.00120709,0.0369876,True,6.35266
155,10019,2018-06-07,0.00127247,0.0398121,True,13.0359
155,10020,2018-06-08,0.00172938,0.187396,True,66.8632
155,10021,2018-06-09,0.002101,0.279926,True,79.8083
155,10022,2018-06-10,0.0023736,0.246308,True,78.6057
155,10023,2018-06-11,0.00261275,0.286555,True,84.1743
155,10024,2018-06-12,0.00282346,0.306051,True,87.7194
155,10025,2018-06-13,0.00299809,0.301798,True,85.2668
155,10026,2018-06-14,0.00322399,0.357012,True,115.234
155,10027,2018-06-15,0.00332232,0.43162,True,69.6656
155,10028,2018-06-16,0.00328971,0.182528,True,10.9722
155,10029,2018-06-17,0.00329562,0.199558,True,27.4323
155,10030,2018-06-18,0.00326977,0.066595,True,10.9557
155,10031,2018-06-19,0.00329988,0.132355,True,37.7836
155,10032,2018-06-20,0.00337258,0.222008,True,60.713
155,10033,2018-06-21,0.00339558,0.230382,True,35.1038
155,10034,2018-06-22,0.00338332,0.0818495,True,15.0597
155,10035,2018-06-23,0.00336389,0.0353815,True,10.0032
155,10036,2018-06-24,0.00334669,0.0283274,True,10.3042
155,10037,2018-06-25,0.00333071,0.034439,True,10.1307
155,10038,2018-06-26,0.00335488,0.0620664,True,33.6476
155,10039,2018-06-27,0.00334706,0.0392629,True,13.9268
155,10040,2018-06-28,0.00343734,0.121373,True,76.0865
155,10041,2018-06-29,0.00345635,0.143858,True,31.4654
155,10042,2018-06-30,0.00344414,0.0460374,True,10.4389
155,10043,2018-07-01,0.00341766,0.01209,True,0.110663
155,10044,2018-07-02,0,0.00486728,False,0
155,10045,2018-07-03,0.000925167,0.00663863,True,6.74756
155,10046,2018-07-04,0.0010159,0.00679764,True,4.35806
155,10047,2018-07-05,0.000931429,0.006404,True,0
155,10048,2018-07-06,0.00133712,0.011363,True,15.4434
155,10049,2018-07-07,0.00235307,0.0693519,True,67.36
155,10050,2018-07-08,0.00280933,0.106429,True,52.7749
155,10051,2018-07-09,0.00326224,0.115414,True,67.0418
155,10052,2018-07-10,0.00378889,0.108461,True,95.0348
155,10053,2018-07-11,0.0042236,0.121501,True,98.2589
155,10054,2018-07-12,0.00446297,0.103121,True,70.7963
155,10055,2018-07-13,0.00461876,0.110721,True,57.1305
155,10056,2018-07-14,0.00479542,0.114398,True,65.7678
155,10057,2018-07-15,0.00483486,0.0879956,True,32.2055
155,10058,2018-07-16,0.00495008,0.0966902,True,53.6513
155,10059,2018-07-17,0.00506001,0.0971193,True,54.0925
155,10060,2018-07-18,0.00523192,0.134277,True,75.8913
155,10061,2018-07-19,0.00532954,0.134973,True,54.8115
155,10062,2018-07-20,0.0054115,0.114498,True,50.8988
155,10063,2018-07-21,0.00545851,0.0898948,True,39.3011
155,10064,2018-07-22,0.00551192,0.083659,True,42.007
155,10065,2018-07-23,0.00551601,0.0483194,True,23.3954
155,10066,2018-07-24,0.0055338,0.0677688,True,28.2895
155,10067,2018-07-25,0.00553871,0.0389465,True,22.8621
155,10068,2018-07-26,0.0055788,0.0641468,True,36.9345
155,10069,2018-07-27,0.00554963,0.0142876,True,8.0033
155,10070,2018-07-28,0.00551387,0.00981431,True,4.41037
155,10071,2018-07-29,0.0055021,0.0155481,True,13.8631
155,10072,2018-07-30,0.00548131,0.0126551,True,9.39775
155,10073,2018-07-31,0.0055057,0.0344473,True,28.7278
155,10074,2018-08-01,0.00552646,0.0529022,True,27.1183
155,10075,2018-08-02,0.00549725,0.013105,True,4.2242
155,10076,2018-08-03,0.00548311,0.0159866,True,10.542
155,10077,2018-08-04,0.00545706,0.0103892,True,4.548
155,10078,2018-08-05,0.00542526,0.00927065,True,1.31253
155,10079,2018-08-06,0.00540155,0.0120183,True,4.57394
155,10080,2018-08-07,0.00540714,0.0241648,True,18.0651
155,10081,2018-08-08,0.00556479,0.174883,True,92.6858
155,10082,2018-08-09,0.00574941,0.172997,True,110.783
155,10083,2018-08-10,0.00576684,0.0717188,True,25.9741
155,10084,2018-08-11,0.00577714,0.0606821,True,22.1381
155,10085,2018-08-12,0.00580837,0.0763554,True,33.4673
155,10086,2018-08-13,0.00589044,0.127009,True,62.098
155,10087,2018-08-14,0.00604181,0.179393,True,103.659
155,10088,2018-08-15,0.00628283,0.311157,True,162.237
155,10089,2018-08-16,0.00644428,0.44861,True,120.034
155,10090,2018-08-17,0.00652416,0.36321,True,71.0456
155,10091,2018-08-18,0.006556,0.136075,True,40.5791
155,10092,2018-08-19,0.00655757,0.0615096,True,20.5844
155,10093,2018-08-20,0.00654867,0.0340561,True,13.3224
155,10094,2018-08-21,0.00653996,0.0229349,True,13.131
155,10095,2018-08-22,0.00653137,0.0272948,True,12.9065
155,10096,2018-08-23,0.00652842,0.034144,True,16.4954
155,10097,2018-08-24,0.00650786,0.016849,True,4.05209
155,10098,2018-08-25,0.00648386,0.0161613,True,1.28718
155,10099,2018-08-26,0.00645858,0.0158164,True,0
155,10100,2018-08-27,0.00643593,0.0119369,True,1.45356
155,10101,2018-08-28,0.00643387,0.0311268,True,15.6086
155,10102,2018-08-29,0.0064423,0.0372412,True,22.8878
155,10103,2018-08-30,0.00642503,0.0147937,True,4.38913
155,10104,2018-08-31,0.00640955,0.0160108,True,5.36558
156,10013,2018-06-01,0,0.0365248,False,0
156,10014,2018-06-02,0,0.0184984,False,0
156,10015,2018-06-03,0.000211881,0.022337,False,1.10482
156,10016,2018-06-04,0.000448155,0.0470929,True,5.90294
156,10017,2018-06-05,0.000744923,0.0844665,True,16.844
156,10018,2018-06-06,0.000711216,0.0372953,True,0.763304
156,10019,2018-06-07,0.000781525,0.0527141,True,8.36302
156,10020,2018-06-08,0.00113497,0.159308,True,44.0831
156,10021,2018-06-09,0.0014791,0.273726,True,65.2681
156,10022,2018-06-10,0.00179926,0.317781,True,83.7329
156,10023,2018-06-11,0.00210313,0.259604,True,102.4
156,10024,2018-06-12,0.00232863,0.272758,True,96.0294
156,10025,2018-06-13,0.0025171,0.266133,True,95.3031
156,10026,2018-06-14,0.00273844,0.394248,True,122.889
156,10027,2018-06-15,0.00280165,0.458281,True,55.181
156,10028,2018-06-16,0.0027805,0.16442,True,11.9939
156,10029,2018-06-17,0.00277233,0.130779,True,17.4945
156,10030,2018-06-18,0.00274119,0.0363437,True,3.75441
156,10031,2018-06-19,0.00276187,0.125093,True,31.5415
156,10032,2018-06-20,0.00281312,0.301546,True,49.6995
156,10033,2018-06-21,0.00280222,0.119805,True,12.9615
156,10034,2018-06-22,0.00278271,0.0483641,True,6.79788
156,10035,2018-06-23,0.00276491,0.0388238,True,6.9092
156,10036,2018-06-24,0.00274667,0.0369079,True,5.7747
156,10037,2018-06-25,0.00273588,0.0562632,True,9.7491
156,10038,2018-06-26,0.00274125,0.0523702,True,19.7218
156,10039,2018-06-27,0.00273356,0.0470032,True,10.7291
156,10040,2018-06-28,0.00278613,0.126745,True,51.5282
156,10041,2018-06-29,0.0027954,0.103619,True,22.2615
156,10042,2018-06-30,0.00279052,0.0600993,True,11.9963
156,10043,2018-07-01,0.00277017,0.0195264,True,0.359874
156,10044,2018-07-02,0,0.0069753,False,0.308084
156,10045,2018-07-03,0.000692597,0.00763438,True,4.33014
156,10046,2018-07-04,0.000631929,0.00762145,False,0.536875
156,10047,2018-07-05,0,0.00806069,False,0
156,10048,2018-07-06,0.000821636,0.0142935,True,6.25551
156,10049,2018-07-07,0.00274115,0.0844135,True,95.4286
156,10050,2018-07-08,0.00310326,0.117462,True,55.3812
156,10051,2018-07-09,0.00353838,0.105076,True,76.7117
156,10052,2018-07-10,0.00411355,0.1117,True,118.29
156,10053,2018-07-11,0.0045138,0.193121,True,110.166
156,10054,2018-07-12,0.00468342,0.172746,True,71.7069
156,10055,2018-07-13,0.00475781,0.145934,True,51.1309
156,10056,2018-07-14,0.00489825,0.137394,True,69.387
156,10057,2018-07-15,0.00492994,0.0943476,True,40.3209
156,10058,2018-07-16,0.00502729,0.11769,True,59.7164
156,10059,2018-07-17,0.00510693,0.126848,True,55.4066
156,10060,2018-07-18,0.00513596,0.103177,True,38.9835
156,10061,2018-07-19,0.00513923,0.0956779,True,29.3525
156,10062,2018-07-20,0.00516708,0.104245,True,37.3001
156,10063,2018-07-21,0.00517457,0.0793732,True,29.2533
156,10064,2018-07-22,0.00521756,0.122757,True,42.3416
156,10065,2018-07-23,0.00521294,0.0563757,True,23.3391
156,10066,2018-07-24,0.00521163,0.0583945,True,23.8385
156,10067,2018-07-25,0.00524228,0.0802668,True,36.5683
156,10068,2018-07-26,0.00524709,0.0545112,True,25.361
156,10069,2018-07-27,0.0052167,0.02295,True,9.35645
156,10070,2018-07-28,0.00518156,0.0145302,True,6.23173
156,10071,2018-07-29,0.00516871,0.0241274,True,15.255
156,10072,2018-07-30,0.00512997,0.0113506,True,2.75705
156,10073,2018-07-31,0.00513455,0.0289164,True,21.8273
156,10074,2018-08-01,0.00515179,0.0399762,True,27.4695
156,10075,2018-08-02,0.00512128,0.0170107,True,4.43247
156,10076,2018-08-03,0.00509284,0.0149872,True,4.68973
156,10077,2018-08-04,0.00506132,0.0121907,True,2.51176
156,10078,2018-08-05,0.00503036,0.0130179,True,2.10855
156,10079,2018-08-06,0.00500973,0.0210765,True,6.5783
156,10080,2018-08-07,0.0050169,0.0369334,True,19.984
156,10081,2018-08-08,0.0052017,0.176745,True,112.133
156,10082,2018-08-09,0.00547047,0.220296,True,165.257
156,10083,2018-08-10,0.00548968,0.22986,True,29.7378
156,10084,2018-08-11,0.00548826,0.0836793,True,17.7243
156,10085,2018-08-12,0.00550517,0.0639116,True,28.2442
156,10086,2018-08-13,0.00557336,0.162884,True,59.1452
156,10087,2018-08-14,0.00570296,0.172701,True,98.6869
156,10088,2018-08-15,0.00587264,0.192262,True,128.364
156,10089,2018-08-16,0.00597365,0.407269,True,87.3438
156,10090,2018-08-17,0.00606934,0.286306,True,86.0479
156,10091,2018-08-18,0.00609916,0.133686,True,41.6398
156,10092,2018-08-19,0.00610679,0.0882137,True,26.0759
156,10093,2018-08-20,0.0060991,0.0573336,True,14.9225
156,10094,2018-08-21,0.00608982,0.0319243,True,13.4269
156,10095,2018-08-22,0.00607186,0.0251841,True,6.75525
156,10096,2018-08-23,0.00606074,0.0410718,True,11.3417
156,10097,2018-08-24,0.00604017,0.0222943,True,4.0196
156,10098,2018-08-25,0.00601611,0.0240441,True,1.00615
156,10099,2018-08-26,0.00599128,0.0219776,True,0
156,10100,2018-08-27,0.00596885,0.0148964,True,1.36959
156,10101,2018-08-28,0.00596318,0.0428842,True,13.5472
156,10102,2018-08-29,0.00597538,0.0678511,True,26.8538
156,10103,2018-08-30,0.00595886,0.0346363,True,4.86234
156,10104,2018-08-31,0.00594531,0.0426579,True,6.81086
157,10013,2018-06-01,0,0.019322,False,0
157,10014,2018-06-02,0,0.0112969,False,0
157,10015,2018-06-03,0.000364439,0.0125962,False,1.74395
157,10016,2018-06-04,0.00034351,0.0134295,False,0.352075
157,10017,2018-06-05,0,0.0118024,False,0.676246
157,10018,2018-06-06,0,0.010014,False,0.326426
157,10019,2018-06-07,0,0.0100521,False,0.947802
157,10020,2018-06-08,0.000702628,0.0267427,True,6.96215
157,10021,2018-06-09,0.000827189,0.0247542,True,6.26319
157,10022,2018-06-10,0.0010338,0.029026,True,11.8041
157,10023,2018-06-11,0.00123135,0.0325862,True,15.7052
157,10024,2018-06-12,0.00134251,0.0345461,True,12.9709
157,10025,2018-06-13,0.0013889,0.0250258,True,8.71461
157,10026,2018-06-14,0.00143158,0.0256087,True,8.68947
157,10027,2018-06-15,0.00146816,0.0298524,True,8.33622
157,10028,2018-06-16,0.00143754,0.0219773,True,0.679066
157,10029,2018-06-17,0.00145945,0.0275879,True,6.46729
157,10030,2018-06-18,0.00143116,0.0161296,True,0.145792
157,10031,2018-06-19,0.00143618,0.0195043,True,4.04453
157,10032,2018-06-20,0.00143289,0.0194056,True,2.81812
157,10033,2018-06-21,0.00142153,0.0198504,True,1.53517
157,10034,2018-06-22,0.00140613,0.0186738,True,0.761977
157,10035,2018-06-23,0,0.0104066,False,0.873501
157,10036,2018-06-24,0.000537456,0.0140696,True,3.99549
157,10037,2018-06-25,0.000529329,0.017844,False,1.26072
157,10038,2018-06-26,0.000672563,0.0191485,True,5.03404
157,10039,2018-06-27,0.000679371,0.0201911,False,1.63635
157,10040,2018-06-28,0.000787277,0.0245341,True,5.89957
157,10041,2018-06-29,0.000804092,0.0185797,True,2.35133
157,10042,2018-06-30,0.00080159,0.0153226,False,1.28088
157,10043,2018-07-01,0.000792383,0.0137993,False,0.766301
157,10044,2018-07-02,0,0.00566939,False,0.140029
157,10045,2018-07-03,0.000550621,0.0116768,True,5.96217
157,10046,2018-07-04,0.000474652,0.00822822,True,0
157,10047,2018-07-05,0,0.00940172,False,0
157,10048,2018-07-06,0,0.00677671,False,0
157,10049,2018-07-07,0.000555309,0.0154929,True,5.99793
157,10050,2018-07-08,0.000703783,0.0175654,True,7.263
157,10051,2018-07-09,0.000772855,0.0195604,True,5.9668
157,10052,2018-07-10,0.00091864,0.0258023,True,11.9287
157,10053,2018-07-11,0.00107625,0.0279301,True,16.4756
157,10054,2018-07-12,0.00116773,0.0289849,True,13.4324
157,10055,2018-07-13,0.00122403,0.0302207,True,10.9514
157,10056,2018-07-14,0.00127337,0.0324822,True,10.845
157,10057,2018-07-15,0.00128361,0.023185,True,5.86827
157,10058,2018-07-16,0.00132327,0.046268,True,10.2333
157,10059,2018-07-17,0.00135935,0.0514405,True,10.1282
157,10060,2018-07-18,0.00137472,0.0321477,True,6.92346
157,10061,2018-07-19,0.00138592,0.0324609,True,6.19184
157,10062,2018-07-20,0.0014238,0.0442471,True,11.2727
157,10063,2018-07-21,0.00144688,0.0341139,True,8.758
157,10064,2018-07-22,0.00145285,0.0295842,True,5.35371
157,10065,2018-07-23,0.00146175,0.0330601,True,5.9165
157,10066,2018-07-24,0.00146031,0.0251165,True,3.59885
157,10067,2018-07-25,0.00147416,0.0310719,True,6.94926
157,10068,2018-07-26,0.00148965,0.0314883,True,7.40574
157,10069,2018-07-27,0.00149754,0.0305781,True,5.64625
157,10070,2018-07-28,0.00149166,0.0248204,True,2.2103
157,10071,2018-07-29,0.00148556,0.01919,True,2.01085
157,10072,2018-07-30,0.00147689,0.0178033,True,1.22079
157,10073,2018-07-31,0.00146935,0.0172371,True,1.36466
157,10074,2018-08-01,0.00146408,0.0168998,True,1.82926
157,10075,2018-08-02,0.00145595,0.0153384,True,0.962468
157,10076,2018-08-03,0,0.00612704,False,0.156591
157,10077,2018-08-04,0,0.00685309,False,0.710899
157,10078,2018-08-05,0.000461472,0.00983998,True,3.29936
157,10079,2018-08-06,0.000422618,0.0126457,False,0.437731
157,10080,2018-08-07,0.000463332,0.0113621,False,1.66285
157,10081,2018-08-08,0.000781719,0.0388244,True,12.5937
157,10082,2018-08-09,0.00103867,0.0333985,True,17.6531
157,10083,2018-08-10,0.00106599,0.0138475,True,5.10537
157,10084,2018-08-11,0.00107379,0.0136644,True,3.52608
157,10085,2018-08-12,0.00107621,0.0162229,True,2.90334
157,10086,2018-08-13,0.00117257,0.0390611,True,12.1155
157,10087,2018-08-14,0.00128427,0.0410362,True,15.6255
157,10088,2018-08-15,0.001436,0.0632737,True,23.4286
157,10089,2018-08-16,0.00161686,0.127942,True,32.1438
157,10090,2018-08-17,0.00170589,0.118465,True,20.4764
157,10091,2018-08-18,0.00175701,0.101744,True,14.8012
157,10092,2018-08-19,0.00176188,0.0476269,True,6.09768
157,10093,2018-08-20,0.00176556,0.0458739,True,5.72208
157,10094,2018-08-21,0.00175478,0.0383656,True,2.52323
157,10095,2018-08-22,0.00173907,0.0386995,True,1.20476
157,10096,2018-08-23,0.00172695,0.0333292,True,1.71774
157,10097,2018-08-24,0.00171414,0.0339431,True,1.33462
157,10098,2018-08-25,0.00169915,0.0338151,True,0.630469
157,10099,2018-08-26,0,0.0161813,False,0.993735
157,10100,2018-08-27,0,0.0127131,False,0.14083
157,10101,2018-08-28,0.000506425,0.0204785,True,3.9117
157,10102,2018-08-29,0.000625687,0.0238565,True,4.29473
157,10103,2018-08-30,0.000587263,0.0182398,False,0.406072
157,10104,2018-08-31,0.000660715,0.0134552,True,3.84935
173,10013,2018-06-01,0.0029956,0.0372968,True,0
173,10014,2018-06-02,0,0.0135945,False,0
173,10015,2018-06-03,0,0.0116508,False,0.198102
173,10016,2018-06-04,0.00110501,0.0302801,True,8.3486
173,10017,2018-06-05,0.00166976,0.0394309,True,18.18
173,10018,2018-06-06,0.00195331,0.033773,True,17.2995
173,10019,2018-06-07,0.00226737,0.0510533,True,23.8327
173,10020,2018-06-08,0.00356042,0.300258,True,121.762
173,10021,2018-06-09,0.00392778,0.362179,True,62.0061
173,10022,2018-06-10,0.00459113,0.356025,True,120.074
173,10023,2018-06-11,0.00456287,0.163246,True,17.5324
173,10024,2018-06-12,0.00457464,0.126268,True,22.9239
173,10025,2018-06-13,0.00454157,0.0349419,True,13.1656
173,10026,2018-06-14,0.00495759,0.224745,True,106.315
173,10027,2018-06-15,0.0052696,0.31485,True,95.0766
173,10028,2018-06-16,0.00521133,0.12295,True,7.74801
173,10029,2018-06-17,0.00521165,0.125287,True,21.15
173,10030,2018-06-18,0.00520649,0.0551341,True,18.8608
173,10031,2018-06-19,0.00523334,0.0700288,True,26.8822
173,10032,2018-06-20,0.00541068,0.23154,True,70.3865
173,10033,2018-06-21,0.00565442,0.226781,True,95.2087
173,10034,2018-06-22,0.00565492,0.112013,True,21.0722
173,10035,2018-06-23,0.0056052,0.0487535,True,3.86446
173,10036,2018-06-24,0.00557477,0.0222755,True,9.18429
173,10037,2018-06-25,0.00557465,0.0288847,True,18.6288
173,10038,2018-06-26,0.00561671,0.0630175,True,32.8947
173,10039,2018-06-27,0.00567988,0.109349,True,40.7607
173,10040,2018-06-28,0.00592478,0.150721,True,110.343
173,10041,2018-06-29,0.00602038,0.172533,True,57.0724
173,10042,2018-06-30,0.00599511,0.0293835,True,9.24264
173,10043,2018-07-01,0.00597472,0.0227941,True,10.5567
173,10044,2018-07-02,0.00593193,0.00993553,True,0.702904
173,10045,2018-07-03,0.00591038,0.0127921,True,8.78921
173,10046,2018-07-04,0.00588714,0.0124909,True,7.52213
173,10047,2018-07-05,0.00584966,0.0114229,True,0.937205
173,10048,2018-07-06,0.0058324,0.0215408,True,8.95988
173,10049,2018-07-07,0.00592499,0.0725909,True,56.528
173,10050,2018-07-08,0.00603779,0.165272,True,67.2103
173,10051,2018-07-09,0.00607307,0.137088,True,32.9868
173,10052,2018-07-10,0.00611988,0.136755,True,38.6967
173,10053,2018-07-11,0.00620403,0.153996,True,57.2872
173,10054,2018-07-12,0.00633431,0.133065,True,81.7455
173,10055,2018-07-13,0.006368,0.118527,True,34.5275
173,10056,2018-07-14,0.00645557,0.144268,True,62.9611
173,10057,2018-07-15,0.00648912,0.112517,True,35.3922
173,10058,2018-07-16,0.00654697,0.122369,True,48.8519
173,10059,2018-07-17,0.00659568,0.112406,True,44.4918
173,10060,2018-07-18,0.00675522,0.144345,True,108.219
173,10061,2018-07-19,0.0068708,0.197753,True,86.0344
173,10062,2018-07-20,0.00696711,0.19908,True,76.653
173,10063,2018-07-21,0.00702347,0.1969,True,53.6515
173,10064,2018-07-22,0.00704974,0.150565,True,35.5113
173,10065,2018-07-23,0.00706917,0.120243,True,31.3199
173,10066,2018-07-24,0.00707176,0.0790091,True,20.5874
173,10067,2018-07-25,0.00705694,0.0293542,True,9.20671
173,10068,2018-07-26,0.00708247,0.0684456,True,35.0408
173,10069,2018-07-27,0.00707009,0.0367137,True,10.291
173,10070,2018-07-28,0.00704748,0.0188679,True,3.25042
173,10071,2018-07-29,0.00703392,0.0281764,True,8.86741
173,10072,2018-07-30,0.00701909,0.0235697,True,7.71663
173,10073,2018-07-31,0.00701363,0.0284061,True,13.6979
173,10074,2018-08-01,0.0070085,0.0291623,True,13.6932
173,10075,2018-08-02,0.00699293,0.0191453,True,6.40146
173,10076,2018-08-03,0.00699599,0.0346634,True,18.8319
173,10077,2018-08-04,0.0069842,0.0222507,True,8.49108
173,10078,2018-08-05,0.00696488,0.0134107,True,3.04592
173,10079,2018-08-06,0.00695381,0.0291738,True,8.47134
173,10080,2018-08-07,0.00695538,0.0494259,True,17.0612
173,10081,2018-08-08,0.00702401,0.178485,True,64.3283
173,10082,2018-08-09,0.00703028,0.116574,True,20.5066
173,10083,2018-08-10,0.00704242,0.112492,True,24.6706
173,10084,2018-08-11,0.00706036,0.0732616,True,28.8961
173,10085,2018-08-12,0.0070818,0.163303,True,31.5481
173,10086,2018-08-13,0.00714597,0.255239,True,63.4987
173,10087,2018-08-14,0.00720846,0.212303,True,63.1615
173,10088,2018-08-15,0.00734055,0.25562,True,117.993
173,10089,2018-08-16,0.00747427,0.508646,True,122.412
173,10090,2018-08-17,0.0074939,0.33457,True,32.9007
173,10091,2018-08-18,0.00751982,0.183375,True,38.1198
173,10092,2018-08-19,0.00751327,0.055401,True,11.7017
173,10093,2018-08-20,0.00750439,0.0352644,True,9.61641
173,10094,2018-08-21,0.00748824,0.0197892,True,3.42512
173,10095,2018-08-22,0.00747813,0.0302186,True,8.17763
173,10096,2018-08-23,0.00747367,0.0456829,True,12.6912
173,10097,2018-08-24,0.0074624,0.0298408,True,6.8456
173,10098,2018-08-25,0.00744338,0.0613125,True,0.158482
173,10099,2018-08-26,0,0.00787469,False,0
173,10100,2018-08-27,0.00108311,0.0109957,True,4.90129
173,10101,2018-08-28,0.00186463,0.0251835,True,15.4749
173,10102,2018-08-29,0.00213343,0.0200516,True,11.7849
173,10103,2018-08-30,0.0022757,0.0196239,True,9.54748
173,10104,2018-08-31,0.00219318,0.0113215,True,0.937205
174,10013,2018-06-01,0,0.030283,False,0
174,10014,2018-06-02,0.000475254,0.0200494,True,3.66261
174,10015,2018-06-03,0.000681582,0.0309273,True,6.78161
174,10016,2018-06-04,0.000813774,0.0297294,True,7.54548
174,10017,2018-06-05,0.00112764,0.0536204,True,21.9919
174,10018,2018-06-06,0.00108609,0.0209028,True,0.850911
174,10019,2018-06-07,0.00108818,0.0211748,True,3.59356
174,10020,2018-06-08,0.00140975,0.0787941,True,36.6286
174,10021,2018-06-09,0.00170832,0.180988,True,46.6651
174,10022,2018-06-10,0.00214654,0.309318,True,87.6746
174,10023,2018-06-11,0.0023694,0.247094,True,61.2176
174,10024,2018-06-12,0.00257956,0.235404,True,67.1382
174,10025,2018-06-13,0.00275827,0.268142,True,66.3738
174,10026,2018-06-14,0.00300811,0.323271,True,97.9695
174,10027,2018-06-15,0.00310479,0.33734,True,52.2896
174,10028,2018-06-16,0.00308446,0.0984775,True,9.5274
174,10029,2018-06-17,0.00306451,0.0498174,True,8.64969
174,10030,2018-06-18,0.00303608,0.028032,True,4.3561
174,10031,2018-06-19,0.00303793,0.0446866,True,15.6259
174,10032,2018-06-20,0.00308882,0.0849293,True,35.8211
174,10033,2018-06-21,0.00307994,0.0543445,True,10.6672
174,10034,2018-06-22,0.00310521,0.075127,True,25.233
174,10035,2018-06-23,0.00308237,0.0211364,True,3.54647
174,10036,2018-06-24,0.0030648,0.0219988,True,5.27353
174,10037,2018-06-25,0.00306443,0.0324104,True,12.6908
174,10038,2018-06-26,0.00307611,0.0361948,True,18.1155
174,10039,2018-06-27,0.00308431,0.0341055,True,16.3642
174,10040,2018-06-28,0.00322042,0.148835,True,81.0222
174,10041,2018-06-29,0.00329912,0.193207,True,54.967
174,10042,2018-06-30,0.00328325,0.031626,True,4.76987
174,10043,2018-07-01,0.00326067,0.0201718,True,0.611429
174,10044,2018-07-02,0,0.00541518,False,0
174,10045,2018-07-03,0.000459857,0.00427053,False,1.44962
174,10046,2018-07-04,0.000611238,0.00730046,False,2.08533
174,10047,2018-07-05,0.000560398,0.00698851,False,0
174,10048,2018-07-06,0.000787084,0.00895279,False,4.54095
174,10049,2018-07-07,0.00231715,0.0726858,True,74.3524
174,10050,2018-07-08,0.00300963,0.106327,True,70.767
174,10051,2018-07-09,0.00347937,0.107569,True,68.0001
174,10052,2018-07-10,0.00394397,0.104317,True,82.7194
174,10053,2018-07-11,0.00433711,0.113122,True,85.6334
174,10054,2018-07-12,0.00470327,0.12428,True,92.9362
174,10055,2018-07-13,0.00478401,0.108707,True,38.7267
174,10056,2018-07-14,0.0049888,0.129977,True,69.415
174,10057,2018-07-15,0.00503087,0.108666,True,31.9327
174,10058,2018-07-16,0.0050311,0.0581563,True,20.7386
174,10059,2018-07-17,0.00526567,0.17045,True,85.4053
174,10060,2018-07-18,0.00533287,0.104123,True,40.9609
174,10061,2018-07-19,0.00536337,0.110461,True,30.2281
174,10062,2018-07-20,0.00541267,0.107545,True,36.0887
174,10063,2018-07-21,0.00547046,0.0833412,True,39.1859
174,10064,2018-07-22,0.00551265,0.0841521,True,34.3586
174,10065,2018-07-23,0.00553112,0.0631922,True,26.231
174,10066,2018-07-24,0.00554347,0.0592708,True,23.8075
174,10067,2018-07-25,0.00561427,0.0940346,True,45.0267
174,10068,2018-07-26,0.00564656,0.0888371,True,31.2472
174,10069,2018-07-27,0.00565193,0.0541671,True,20.8893
174,10070,2018-07-28,0.00561708,0.013958,True,4.76138
174,10071,2018-07-29,0.00560666,0.0169705,True,13.6723
174,10072,2018-07-30,0.00557558,0.0112514,True,4.88366
174,10073,2018-07-31,0.00557221,0.024643,True,15.471
174,10074,2018-08-01,0.00558064,0.0229543,True,19.9813
174,10075,2018-08-02,0.00556401,0.0158996,True,9.27834
174,10076,2018-08-03,0.0055431,0.0136178,True,7.00301
174,10077,2018-08-04,0.00552111,0.0144992,True,6.06372
174,10078,2018-08-05,0.00549953,0.0131457,True,5.77403
174,10079,2018-08-06,0.00547095,0.0125753,True,2.29195
174,10080,2018-08-07,0.00546931,0.0231675,True,13.6003
174,10081,2018-08-08,0.00566281,0.171356,True,101.62
174,10082,2018-08-09,0.00609506,0.292629,True,224.743
174,10083,2018-08-10,0.00615641,0.232847,True,48.5987
174,10084,2018-08-11,0.00617464,0.123851,True,26.7551
174,10085,2018-08-12,0.00619782,0.0902367,True,29.3803
174,10086,2018-08-13,0.00628397,0.148127,True,63.5959
174,10087,2018-08-14,0.00640756,0.188534,True,86.0345
174,10088,2018-08-15,0.00660137,0.205098,True,129.624
174,10089,2018-08-16,0.00671912,0.388764,True,89.0563
174,10090,2018-08-17,0.00682465,0.290846,True,83.9712
174,10091,2018-08-18,0.00687038,0.16824,True,48.1909
174,10092,2018-08-19,0.00688306,0.119269,True,27.5773
174,10093,2018-08-20,0.00687773,0.0687052,True,15.9235
174,10094,2018-08-21,0.0068662,0.0259652,True,11.6238
174,10095,2018-08-22,0.00685189,0.0260707,True,9.48395
174,10096,2018-08-23,0.00683593,0.0235813,True,8.06033
174,10097,2018-08-24,0.00681705,0.0223761,True,5.77944
174,10098,2018-08-25,0.00679625,0.0184386,True,4.15075
174,10099,2018-08-26,0.00677077,0.0197657,True,0.671494
174,10100,2018-08-27,0.00674833,0.0178587,True,2.32694
174,10101,2018-08-28,0.00673796,0.032943,True,10.0715
174,10102,2018-08-29,0.00675408,0.0621077,True,27.766
174,10103,2018-08-30,0.00674039,0.0247202,True,7.39628
174,10104,2018-08-31,0.00672789,0.0224437,True,7.9357
175,10013,2018-06-01,0.00209017,0.034444,True,4.37081
175,10014,2018-06-02,0.00209252,0.0363345,True,4.67646
175,10015,2018-06-03,0.00208475,0.0382325,True,2.17038
175,10016,2018-06-04,0.00207446,0.0338825,True,1.42148
175,10017,2018-06-05,0.00209701,0.0518627,True,9.40537
175,10018,2018-06-06,0.00208186,0.0290834,True,0
175,10019,2018-06-07,0.00208308,0.0299455,True,4.00798
175,10020,2018-06-08,0.00213096,0.0871637,True,16.1748
175,10021,2018-06-09,0.0022028,0.0973532,True,23.3957
175,10022,2018-06-10,0.00239405,0.278247,True,60.3829
175,10023,2018-06-11,0.00246911,0.278658,True,28.4249
175,10024,2018-06-12,0.00257638,0.246806,True,40.678
175,10025,2018-06-13,0.00261147,0.136915,True,17.4125
175,10026,2018-06-14,0.00275871,0.219613,True,59.1134
175,10027,2018-06-15,0.0027974,0.243459,True,20.643
175,10028,2018-06-16,0.00279632,0.0661077,True,5.46237
175,10029,2018-06-17,0.0027909,0.0341675,True,3.657
175,10030,2018-06-18,0.00279225,0.0379248,True,6.23327
175,10031,2018-06-19,0.00280974,0.0606344,True,12.6893
175,10032,2018-06-20,0.00285502,0.0986985,True,24.3309
175,10033,2018-06-21,0.00286577,0.0525775,True,10.2715
175,10034,2018-06-22,0.00288513,0.0609998,True,13.9986
175,10035,2018-06-23,0.0028864,0.0340027,True,6.27369
175,10036,2018-06-24,0.00288557,0.0395145,True,5.29813
175,10037,2018-06-25,0.00289032,0.0464838,True,7.69333
175,10038,2018-06-26,0.00290337,0.061957,True,11.3868
175,10039,2018-06-27,0.00290782,0.0414426,True,7.55075
175,10040,2018-06-28,0.00300344,0.124852,True,49.9869
175,10041,2018-06-29,0.00305191,0.237972,True,29.1433
175,10042,2018-06-30,0.0030593,0.0716641,True,9.56346
175,10043,2018-07-01,0.00304955,0.0259295,True,1.09681
175,10044,2018-07-02,0.00303829,0.0260869,True,0.227002
175,10045,2018-07-03,0.00302912,0.0186112,True,1.13939
175,10046,2018-07-04,0.00302169,0.0234592,True,1.90332
175,10047,2018-07-05,0.00301068,0.0172641,True,0
175,10048,2018-07-06,0,0.0118823,False,0.512316
175,10049,2018-07-07,0.00312341,0.0878507,True,55.9
175,10050,2018-07-08,0.0035627,0.139796,True,43.6658
175,10051,2018-07-09,0.00376753,0.157205,True,34.0573
175,10052,2018-07-10,0.00403449,0.148171,True,41.1118
175,10053,2018-07-11,0.0043328,0.143077,True,48.6807
175,10054,2018-07-12,0.00458595,0.14055,True,48.8476
175,10055,2018-07-13,0.00461761,0.138444,True,23.321
175,10056,2018-07-14,0.00475599,0.144263,True,37.6566
175,10057,2018-07-15,0.00477603,0.10085,True,20.8267
175,10058,2018-07-16,0.0048528,0.12257,True,29.2669
175,10059,2018-07-17,0.00494597,0.166256,True,32.4832
175,10060,2018-07-18,0.00507098,0.132293,True,39.1493
175,10061,2018-07-19,0.00510117,0.113289,True,22.1638
175,10062,2018-07-20,0.00513467,0.105411,True,22.5659
175,10063,2018-07-21,0.00518212,0.0646018,True,25.3273
175,10064,2018-07-22,0.00522703,0.0661905,True,24.8808
175,10065,2018-07-23,0.00527159,0.0639915,True,24.9023
175,10066,2018-07-24,0.00529033,0.055995,True,19.0118
175,10067,2018-07-25,0.00539842,0.113618,True,40.3084
175,10068,2018-07-26,0.00545882,0.13022,True,29.6051
175,10069,2018-07-27,0.00546342,0.103569,True,15.6172
175,10070,2018-07-28,0.00542628,0.0165368,True,4.35929
175,10071,2018-07-29,0.00542664,0.0361781,True,13.6299
175,10072,2018-07-30,0.00538893,0.0183993,True,3.03118
175,10073,2018-07-31,0.00540723,0.0556478,True,17.7398
175,10074,2018-08-01,0.0053855,0.020588,True,6.46383
175,10075,2018-08-02,0.00535646,0.0165689,True,3.96473
175,10076,2018-08-03,0.00533383,0.0194922,True,5.31997
175,10077,2018-08-04,0.00530208,0.0181247,True,2.29689
175,10078,2018-08-05,0.00527881,0.0176428,True,4.31865
175,10079,2018-08-06,0.00525281,0.0204496,True,3.14887
175,10080,2018-08-07,0.00523892,0.0282238,True,6.36324
175,10081,2018-08-08,0.00539868,0.113931,True,58.9796
175,10082,2018-08-09,0.00565566,0.279016,True,93.4937
175,10083,2018-08-10,0.00566651,0.119468,True,15.2406
175,10084,2018-08-11,0.00566273,0.0704401,True,10.1874
175,10085,2018-08-12,0.00568011,0.0718007,True,17.2493
175,10086,2018-08-13,0.0057545,0.102124,True,37.2793
175,10087,2018-08-14,0.00586569,0.18882,True,51.4621
175,10088,2018-08-15,0.0060539,0.271424,True,82.2289
175,10089,2018-08-16,0.00616714,0.24314,True,56.3454
175,10090,2018-08-17,0.00629722,0.263236,True,64.8501
175,10091,2018-08-18,0.00632946,0.24313,True,26.1942
175,10092,2018-08-19,0.00633386,0.137229,True,14.7094
175,10093,2018-08-20,0.00633504,0.0506934,True,13.2269
175,10094,2018-08-21,0.00631283,0.0235388,True,3.12547
175,10095,2018-08-22,0.00629177,0.0241575,True,3.32295
175,10096,2018-08-23,0.00627656,0.0368274,True,5.55479
175,10097,2018-08-24,0.00625187,0.0306328,True,1.21346
175,10098,2018-08-25,0.00622662,0.0288781,True,0.692255
175,10099,2018-08-26,0,0.0104024,False,0.168253
175,10100,2018-08-27,0,0.012647,False,0.657894
175,10101,2018-08-28,0.00139272,0.0286488,True,8.65837
175,10102,2018-08-29,0.00212268,0.0667088,True,19.3549
175,10103,2018-08-30,0.00203381,0.0179918,True,2.65659
175,10104,2018-08-31,0.00220971,0.0392147,True,10.6415
176,10013,2018-06-01,0.00311933,0.0521144,True,3.20821
176,10014,2018-06-02,0.00311508,0.0586687,True,3.43256
176,10015,2018-06-03,0.0031017,0.0606888,True,1.85851
176,10016,2018-06-04,0.00308713,0.0602005,True,1.52573
176,10017,2018-06-05,0.00311718,0.0802534,True,8.74209
176,10018,2018-06-06,0.00309468,0.0496699,True,0
176,10019,2018-06-07,0.00310048,0.0502275,True,4.63976
176,10020,2018-06-08,0.0031602,0.111432,True,14.0094
176,10021,2018-06-09,0.00326334,0.130466,True,22.4096
176,10022,2018-06-10,0.00354374,0.392036,True,58.7513
176,10023,2018-06-11,0.00365633,0.46216,True,28.2088
176,10024,2018-06-12,0.0038285,0.344799,True,42.9831
176,10025,2018-06-13,0.00386253,0.130334,True,13.0042
176,10026,2018-06-14,0.00407238,0.319068,True,55.9609
176,10027,2018-06-15,0.00411612,0.307759,True,16.7365
176,10028,2018-06-16,0.00411006,0.0854954,True,4.1368
176,10029,2018-06-17,0.00409255,0.0583875,True,1.05942
176,10030,2018-06-18,0.00409249,0.0781854,True,5.46223
176,10031,2018-06-19,0.00410215,0.0701779,True,7.96084
176,10032,2018-06-20,0.00412953,0.0942824,True,12.7171
176,10033,2018-06-21,0.00413501,0.071546,True,6.86059
176,10034,2018-06-22,0.00414992,0.0801825,True,9.42862
176,10035,2018-06-23,0.00415346,0.0680017,True,6.27729
176,10036,2018-06-24,0.00414839,0.0622388,True,3.809
176,10037,2018-06-25,0.00414199,0.065051,True,3.34698
176,10038,2018-06-26,0.00414318,0.072786,True,5.42647
176,10039,2018-06-27,0.00413522,0.0817682,True,2.73838
176,10040,2018-06-28,0.00419926,0.167467,True,23.7286
176,10041,2018-06-29,0.00422138,0.0912137,True,11.6766
176,10042,2018-06-30,0.00424292,0.0713165,True,11.5912
176,10043,2018-07-01,0.00423618,0.0541238,True,3.00661
176,10044,2018-07-02,0.00422114,0.054614,True,0.374122
176,10045,2018-07-03,0,0.0332395,False,0.515105
176,10046,2018-07-04,0.000739833,0.0219559,False,1.54622
176,10047,2018-07-05,0.000637775,0.0211442,False,0
176,10048,2018-07-06,0,0.0238845,False,0.101716
176,10049,2018-07-07,0.00421832,0.201173,True,56.8567
176,10050,2018-07-08,0.00474953,0.295889,True,41.7629
176,10051,2018-07-09,0.00495399,0.26481,True,30.041
176,10052,2018-07-10,0.00527299,0.255654,True,37.519
176,10053,2018-07-11,0.0056796,0.218071,True,47.6385
176,10054,2018-07-12,0.00597254,0.247339,True,43.3131
176,10055,2018-07-13,0.00601937,0.224477,True,22.5687
176,10056,2018-07-14,0.00617255,0.216963,True,32.8017
176,10057,2018-07-15,0.00620908,0.135634,True,20.703
176,10058,2018-07-16,0.0063651,0.214631,True,34.2474
176,10059,2018-07-17,0.00643832,0.200984,True,24.9545
176,10060,2018-07-18,0.00650212,0.185216,True,23.7591
176,10061,2018-07-19,0.00647553,0.0674944,True,11.3053
176,10062,2018-07-20,0.00646117,0.0575471,True,12.1726
176,10063,2018-07-21,0.00644474,0.06253,True,11.1962
176,10064,2018-07-22,0.00644278,0.0653339,True,12.721
176,10065,2018-07-23,0.00645418,0.0726782,True,14.3036
176,10066,2018-07-24,0.006438,0.0539615,True,9.65477
176,10067,2018-07-25,0.00650865,0.103201,True,23.1737
176,10068,2018-07-26,0.00655979,0.100819,True,20.2177
176,10069,2018-07-27,0.00653588,0.0410777,True,7.45719
176,10070,2018-07-28,0.00648547,0.0357425,True,2.41634
176,10071,2018-07-29,0.00647521,0.0466606,True,8.8969
176,10072,2018-07-30,0.00642416,0.0392808,True,1.30747
176,10073,2018-07-31,0.00643815,0.0664576,True,12.5391
176,10074,2018-08-01,0.00641474,0.0482179,True,5.52164
176,10075,2018-08-02,0.00638053,0.0436414,True,3.1766
176,10076,2018-08-03,0.00635924,0.0485623,True,5.23873
176,10077,2018-08-04,0.00632008,0.0463471,True,1.55036
176,10078,2018-08-05,0.00629167,0.0455805,True,3.26304
176,10079,2018-08-06,0.00626555,0.054147,True,3.4136
176,10080,2018-08-07,0.00625337,0.073737,True,5.867
176,10081,2018-08-08,0.00649245,0.268326,True,56.5227
176,10082,2018-08-09,0.00678479,0.443188,True,71.3055
176,10083,2018-08-10,0.00678408,0.129831,True,9.09518
176,10084,2018-08-11,0.00677445,0.089435,True,6.93838
176,10085,2018-08-12,0.00680584,0.112654,True,16.1008
176,10086,2018-08-13,0.00691968,0.184481,True,35.4735
176,10087,2018-08-14,0.00708685,0.35163,True,49.428
176,10088,2018-08-15,0.00735503,0.467648,True,77.0669
176,10089,2018-08-16,0.007519,0.413783,True,53.1854
176,10090,2018-08-17,0.00772146,0.428421,True,65.6535
176,10091,2018-08-18,0.00776323,0.408535,True,22.4999
176,10092,2018-08-19,0.00776998,0.21895,True,12.6697
176,10093,2018-08-20,0.00777461,0.100209,True,11.9617
176,10094,2018-08-21,0.00774541,0.0580589,True,2.03788
176,10095,2018-08-22,0.00771859,0.0572705,True,2.4796
176,10096,2018-08-23,0.00770362,0.0834491,True,5.71641
176,10097,2018-08-24,0.007672,0.0750827,True,0.611806
176,10098,2018-08-25,0,0.0429129,False,0
176,10099,2018-08-26,0,0.0312929,False,0
176,10100,2018-08-27,0,0.0303875,False,0.305147
176,10101,2018-08-28,0.00198935,0.0631898,True,9.15252
176,10102,2018-08-29,0.00293227,0.1071,True,18.5021
176,10103,2018-08-30,0.00278506,0.0329392,True,2.07939
176,10104,2018-08-31,0.00316579,0.0782781,True,14.2373
192,10013,2018-06-01,0.00171106,0.0409209,True,0
192,10014,2018-06-02,0,0.0120287,False,0
192,10015,2018-06-03,0,0.011562,False,0
192,10016,2018-06-04,0.00179715,0.107983,True,50.0339
192,10017,2018-06-05,0.00169212,0.051429,True,9.95728
192,10018,2018-06-06,0.0016814,0.0552461,True,10.8093
192,10019,2018-06-07,0.00178623,0.0445321,True,20.2453
192,10020,2018-06-08,0.00248992,0.36069,True,108.202
192,10021,2018-06-09,0.0026545,0.266589,True,47.1538
192,10022,2018-06-10,0.00312394,0.372825,True,122.644
192,10023,2018-06-11,0.00309344,0.203284,True,14.5335
192,10024,2018-06-12,0.00308895,0.1361,True,19.2378
192,10025,2018-06-13,0.00304721,0.0324915,True,7.46838
192,10026,2018-06-14,0.00319475,0.211238,True,61.4714
192,10027,2018-06-15,0.00320134,0.169615,True,20.5376
192,10028,2018-06-16,0.00314812,0.0557,True,0.341272
192,10029,2018-06-17,0.00313791,0.0438329,True,12.9601
192,10030,2018-06-18,0.00319989,0.0992804,True,37.0881
192,10031,2018-06-19,0.00319888,0.0675458,True,15.3024
192,10032,2018-06-20,0.00328034,0.160912,True,45.6483
192,10033,2018-06-21,0.00337778,0.260881,True,53.9625
192,10034,2018-06-22,0.00339763,0.13963,True,24.0622
192,10035,2018-06-23,0.00336669,0.0438411,True,2.54331
192,10036,2018-06-24,0.00336008,0.0304585,True,12.0516
192,10037,2018-06-25,0.00337351,0.0393388,True,20.3015
192,10038,2018-06-26,0.00342241,0.0833943,True,36.2166
192,10039,2018-06-27,0.00345786,0.133591,True,30.7552
192,10040,2018-06-28,0.00365015,0.25731,True,108.541
192,10041,2018-06-29,0.00371393,0.201192,True,48.6136
192,10042,2018-06-30,0.0036941,0.0336023,True,5.27085
192,10043,2018-07-01,0.00367146,0.0168447,True,3.16593
192,10044,2018-07-02,0.00366482,0.0190619,True,11.198
192,10045,2018-07-03,0.00366883,0.0215285,True,16.6649
192,10046,2018-07-04,0.00365047,0.0126279,True,4.01439
192,10047,2018-07-05,0.00362647,0.0152088,True,0.371571
192,10048,2018-07-06,0.00362922,0.0247753,True,14.9613
192,10049,2018-07-07,0.00373651,0.122908,True,75.8021
192,10050,2018-07-08,0.003848,0.17696,True,81.7744
192,10051,2018-07-09,0.0038697,0.140069,True,28.0659
192,10052,2018-07-10,0.00389694,0.163455,True,31.823
192,10053,2018-07-11,0.0039405,0.151318,True,42.8806
192,10054,2018-07-12,0.00400013,0.172665,True,54.5341
192,10055,2018-07-13,0.00403789,0.14787,True,40.7019
192,10056,2018-07-14,0.00408325,0.167817,True,46.7083
192,10057,2018-07-15,0.00410644,0.144763,True,31.5685
192,10058,2018-07-16,0.00414257,0.183986,True,41.3075
192,10059,2018-07-17,0.00416563,0.131152,True,32.1352
192,10060,2018-07-18,0.00423093,0.199571,True,64.5724
192,10061,2018-07-19,0.00431752,0.261131,True,82.9577
192,10062,2018-07-20,0.0044126,0.254768,True,92.4802
192,10063,2018-07-21,0.00447789,0.239825,True,70.5026
192,10064,2018-07-22,0.00449149,0.163272,True,28.0716
192,10065,2018-07-23,0.00450042,0.121924,True,24.1303
192,10066,2018-07-24,0.00449186,0.0372344,True,8.97598
192,10067,2018-07-25,0.00448301,0.0227994,True,8.42903
192,10068,2018-07-26,0.00452047,0.10014,True,48.8358
192,10069,2018-07-27,0.00452169,0.0671099,True,17.087
192,10070,2018-07-28,0.0045195,0.0583538,True,13.8633
192,10071,2018-07-29,0.00451744,0.0341823,True,13.7985
192,10072,2018-07-30,0.00450975,0.0275348,True,8.48646
192,10073,2018-07-31,0.00452239,0.0641634,True,26.8997
192,10074,2018-08-01,0.00451122,0.0277889,True,4.88528
192,10075,2018-08-02,0.0045026,0.0360934,True,6.98341
192,10076,2018-08-03,0.00454829,0.137443,True,57.8111
192,10077,2018-08-04,0.00454601,0.0762708,True,12.8146
192,10078,2018-08-05,0.00453149,0.0275006,True,0.92594
192,10079,2018-08-06,0.00452475,0.029483,True,8.12195
192,10080,2018-08-07,0.00451913,0.0358904,True,8.99887
192,10081,2018-08-08,0.00455715,0.135343,True,51.4342
192,10082,2018-08-09,0.0045674,0.121649,True,24.5458
192,10083,2018-08-10,0.00457591,0.118938,True,22.8429
192,10084,2018-08-11,0.0045801,0.0633131,True,18.4938
192,10085,2018-08-12,0.00459717,0.0996928,True,31.5213
192,10086,2018-08-13,0.00462857,0.254682,True,46.4495
192,10087,2018-08-14,0.00463401,0.105942,True,19.9219
192,10088,2018-08-15,0.00475218,0.319427,True,139.375
192,10089,2018-08-16,0.00477997,0.431982,True,44.9543
192,10090,2018-08-17,0.00481557,0.308482,True,53.9891
192,10091,2018-08-18,0.00483387,0.220656,True,35.3627
192,10092,2018-08-19,0.00485985,0.194398,True,44.2013
192,10093,2018-08-20,0.00485597,0.0888433,True,10.7099
192,10094,2018-08-21,0.00484585,0.0288545,True,3.46649
192,10095,2018-08-22,0.00484189,0.0466674,True,10.2837
192,10096,2018-08-23,0.00483544,0.0372973,True,7.26954
192,10097,2018-08-24,0.00482398,0.0287353,True,1.3576
192,10098,2018-08-25,0.00481153,0.0440099,True,0
192,10099,2018-08-26,0,0.00725809,False,0
192,10100,2018-08-27,0.00106837,0.0201414,True,8.8976
192,10101,2018-08-28,0.00138255,0.027463,True,11.6438
192,10102,2018-08-29,0.00212622,0.0616215,True,39.0961
192,10103,2018-08-30,0.00205206,0.0181316,True,3.28663
192,10104,2018-08-31,0.00207079,0.0215867,True,7.81847
193,10013,2018-06-01,0.00205918,0.0455354,True,0
193,10014,2018-06-02,0,0.0169322,False,0
193,10015,2018-06-03,0.000523007,0.0129193,True,2.71037
193,10016,2018-06-04,0.00107368,0.0412103,True,13.4672
193,10017,2018-06-05,0.00137317,0.0393253,True,15.9334
193,10018,2018-06-06,0.00169907,0.057209,True,24.4237
193,10019,2018-06-07,0.00182207,0.0423952,True,15.51
193,10020,2018-06-08,0.00282669,0.308091,True,121.059
193,10021,2018-06-09,0.00321101,0.332809,True,75.7759
193,10022,2018-06-10,0.0036549,0.410741,True,103.7
193,10023,2018-06-11,0.00378738,0.300433,True,49.8033
193,10024,2018-06-12,0.00384283,0.234931,True,33.5678
193,10025,2018-06-13,0.00384067,0.122769,True,19.0177
193,10026,2018-06-14,0.00428241,0.409524,True,143.044
193,10027,2018-06-15,0.00441368,0.563387,True,63.416
193,10028,2018-06-16,0.0043636,0.211999,True,6.22395
193,10029,2018-06-17,0.00430636,0.0553367,True,2.15885
193,10030,2018-06-18,0.00438302,0.158055,True,46.2657
193,10031,2018-06-19,0.0043748,0.0977424,True,17.0144
193,10032,2018-06-20,0.0044787,0.198371,True,57.6066
193,10033,2018-06-21,0.00453714,0.248379,True,42.101
193,10034,2018-06-22,0.00452736,0.0997999,True,15.6264
193,10035,2018-06-23,0.00449005,0.0270843,True,3.83507
193,10036,2018-06-24,0.00446566,0.0246831,True,8.11042
193,10037,2018-06-25,0.00443771,0.024182,True,5.85092
193,10038,2018-06-26,0.00443757,0.0322012,True,16.7286
193,10039,2018-06-27,0.00454318,0.124458,True,62.1926
193,10040,2018-06-28,0.00468895,0.177076,True,83.0708
193,10041,2018-06-29,0.00478373,0.166495,True,62.6047
193,10042,2018-06-30,0.00475337,0.0274057,True,3.19696
193,10043,2018-07-01,0.00474859,0.0354738,True,15.017
193,10044,2018-07-02,0.00471982,0.0105865,True,2.69526
193,10045,2018-07-03,0.00471116,0.0167181,True,12.1328
193,10046,2018-07-04,0.00468282,0.0122639,True,1.74416
193,10047,2018-07-05,0.00465789,0.0128763,True,2.90778
193,10048,2018-07-06,0.00463957,0.0183803,True,5.77612
193,10049,2018-07-07,0.00476585,0.108631,True,81.5794
193,10050,2018-07-08,0.00486625,0.151136,True,70.5584
193,10051,2018-07-09,0.00491737,0.163376,True,44.7573
193,10052,2018-07-10,0.00497821,0.147939,True,51.1849
193,10053,2018-07-11,0.00504444,0.158384,True,55.4563
193,10054,2018-07-12,0.00511945,0.164652,True,62.0576
193,10055,2018-07-13,0.00514404,0.154189,True,31.9386
193,10056,2018-07-14,0.00520471,0.132666,True,55.0729
193,10057,2018-07-15,0.00521754,0.0959865,True,25.0458
193,10058,2018-07-16,0.00525691,0.118891,True,42.4544
193,10059,2018-07-17,0.00530268,0.138322,True,47.2691
193,10060,2018-07-18,0.00538028,0.163686,True,69.7999
193,10061,2018-07-19,0.00543198,0.215665,True,53.1982
193,10062,2018-07-20,0.00550718,0.221321,True,70.9208
193,10063,2018-07-21,0.00555966,0.238862,True,55.8027
193,10064,2018-07-22,0.00558804,0.196065,True,38.6991
193,10065,2018-07-23,0.00559449,0.110327,True,22.4738
193,10066,2018-07-24,0.00559443,0.0612526,True,17.4278
193,10067,2018-07-25,0.00559604,0.0445163,True,18.5212
193,10068,2018-07-26,0.00562547,0.0912072,True,39.877
193,10069,2018-07-27,0.00562365,0.0536857,True,15.7041
193,10070,2018-07-28,0.00561472,0.034632,True,9.9108
193,10071,2018-07-29,0.00560918,0.0317423,True,12.334
193,10072,2018-07-30,0.00560672,0.0343213,True,14.5603
193,10073,2018-07-31,0.00560467,0.0345562,True,14.6945
193,10074,2018-08-01,0.00559654,0.0301184,True,9.60754
193,10075,2018-08-02,0.00559081,0.0297007,True,11.3277
193,10076,2018-08-03,0.00560051,0.0494136,True,23.7505
193,10077,2018-08-04,0.00559689,0.0304266,True,12.7291
193,10078,2018-08-05,0.00559061,0.0271893,True,10.3417
193,10079,2018-08-06,0.00557529,0.0192202,True,2.60253
193,10080,2018-08-07,0.00556401,0.0246396,True,5.71578
193,10081,2018-08-08,0.00563316,0.198395,True,73.6478
193,10082,2018-08-09,0.00567853,0.231704,True,54.4105
193,10083,2018-08-10,0.00569124,0.160301,True,26.4706
193,10084,2018-08-11,0.00569555,0.0863261,True,19.1115
193,10085,2018-08-12,0.00571542,0.0931572,True,32.8703
193,10086,2018-08-13,0.00575389,0.200552,True,49.7804
193,10087,2018-08-14,0.00579931,0.220076,True,56.6878
193,10088,2018-08-15,0.0059506,0.415655,True,156.673
193,10089,2018-08-16,0.00599973,0.485367,True,63.1423
193,10090,2018-08-17,0.00604538,0.366477,True,60.5904
193,10091,2018-08-18,0.00607012,0.269154,True,40.7448
193,10092,2018-08-19,0.00608068,0.175544,True,26.9246
193,10093,2018-08-20,0.00607864,0.0702453,True,14.3725
193,10094,2018-08-21,0.00607118,0.0309682,True,8.80257
193,10095,2018-08-22,0.00606531,0.0432907,True,10.2225
193,10096,2018-08-23,0.0060605,0.0455132,True,11.1156
193,10097,2018-08-24,0.00605027,0.0350742,True,5.4659
193,10098,2018-08-25,0.00603485,0.0289074,True,0
193,10099,2018-08-26,0,0.00758699,False,0
193,10100,2018-08-27,0.000847558,0.00776049,True,3.42064
193,10101,2018-08-28,0.00162328,0.0174312,True,14.2877
193,10102,2018-08-29,0.00216891,0.0221308,True,20.7709
193,10103,2018-08-30,0.00253529,0.0276561,True,21.7912
193,10104,2018-08-31,0.00250259,0.0105886,True,4.47431
194,10013,2018-06-01,0.00128538,0.0290904,True,0
194,10014,2018-06-02,0.00131004,0.0431806,True,10.6026
194,10015,2018-06-03,0.00133569,0.0486732,True,11.168
194,10016,2018-06-04,0.00138427,0.0609196,True,17.8275
194,10017,2018-06-05,0.00141409,0.0436429,True,13.3616
194,10018,2018-06-06,0.00140764,0.0240596,True,2.909
194,10019,2018-06-07,0.00140708,0.0282312,True,4.47279
194,10020,2018-06-08,0.00149325,0.0835464,True,32.1316
194,10021,2018-06-09,0.00155358,0.103553,True,25.764
194,10022,2018-06-10,0.00165261,0.183876,True,42.0061
194,10023,2018-06-11,0.0017654,0.187307,True,51.4753
194,10024,2018-06-12,0.001849,0.189199,True,43.0774
194,10025,2018-06-13,0.00199625,0.250544,True,76.99
194,10026,2018-06-14,0.00207352,0.223258,True,47.6933
194,10027,2018-06-15,0.00206932,0.0615055,True,6.27963
194,10028,2018-06-16,0.00208413,0.077728,True,16.3245
194,10029,2018-06-17,0.00207722,0.0271107,True,4.46677
194,10030,2018-06-18,0.00212843,0.101152,True,36.9929
194,10031,2018-06-19,0.00214734,0.0815418,True,19.3533
194,10032,2018-06-20,0.00220258,0.170714,True,41.5785
194,10033,2018-06-21,0.00220385,0.0479155,True,9.41923
194,10034,2018-06-22,0.0022163,0.0511744,True,16.3257
194,10035,2018-06-23,0.00221271,0.0226435,True,6.1798
194,10036,2018-06-24,0.00220806,0.022377,True,5.31298
194,10037,2018-06-25,0.00221264,0.0381721,True,11.1279
194,10038,2018-06-26,0.00221972,0.0367133,True,12.7437
194,10039,2018-06-27,0.0022566,0.073475,True,32.9072
194,10040,2018-06-28,0.00233202,0.150518,True,61.0416
194,10041,2018-06-29,0.00236416,0.135096,True,31.9597
194,10042,2018-06-30,0.00235577,0.0262173,True,2.55747
194,10043,2018-07-01,0.00234654,0.0167508,True,1.71107
194,10044,2018-07-02,0.00233529,0.0156531,True,0
194,10045,2018-07-03,0,0.00527911,False,0.27999
194,10046,2018-07-04,0.000585674,0.00516219,True,2.73897
194,10047,2018-07-05,0.000504871,0.00639096,False,0
194,10048,2018-07-06,0,0.00782687,False,0.466741
194,10049,2018-07-07,0.00222109,0.040508,True,44.2611
194,10050,2018-07-08,0.00254752,0.0793095,True,35.4572
194,10051,2018-07-09,0.00264464,0.0828847,True,23.2527
194,10052,2018-07-10,0.002679,0.0362563,True,17.0801
194,10053,2018-07-11,0.00282493,0.0523798,True,27.7294
194,10054,2018-07-12,0.00299972,0.0764064,True,33.491
194,10055,2018-07-13,0.0030749,0.0846606,True,22.9166
194,10056,2018-07-14,0.00320899,0.100631,True,32.3271
194,10057,2018-07-15,0.00323271,0.0376995,True,16.4225
194,10058,2018-07-16,0.00327343,0.0385065,True,18.9626
194,10059,2018-07-17,0.00341836,0.0744871,True,38.1983
194,10060,2018-07-18,0.00340938,0.029465,True,10.3814
194,10061,2018-07-19,0.00339103,0.0238435,True,7.83424
194,10062,2018-07-20,0.00339009,0.0265187,True,10.7105
194,10063,2018-07-21,0.00341265,0.0308788,True,15.2906
194,10064,2018-07-22,0.00340578,0.0189383,True,8.7136
194,10065,2018-07-23,0.00341087,0.0253369,True,10.9858
194,10066,2018-07-24,0.00341397,0.0277543,True,10.2647
194,10067,2018-07-25,0.00345434,0.0337749,True,18.9373
194,10068,2018-07-26,0.00345632,0.0234541,True,9.71124
194,10069,2018-07-27,0.00343794,0.0148356,True,4.36174
194,10070,2018-07-28,0.00341422,0.0151055,True,2.60132
194,10071,2018-07-29,0.00338672,0.0189679,True,1.22215
194,10072,2018-07-30,0.00335883,0.016614,True,0.713588
194,10073,2018-07-31,0.00334511,0.0177546,True,4.04752
194,10074,2018-08-01,0.00333331,0.018167,True,4.27956
194,10075,2018-08-02,0.00332547,0.0174915,True,5.09647
194,10076,2018-08-03,0.00331496,0.0171681,True,4.15477
194,10077,2018-08-04,0.00330037,0.014055,True,2.80419
194,10078,2018-08-05,0.00328515,0.0126413,True,2.39705
194,10079,2018-08-06,0.00326543,0.0134483,True,0.904931
194,10080,2018-08-07,0.00325243,0.01349,True,2.5755
194,10081,2018-08-08,0.00330555,0.0384968,True,21.5656
194,10082,2018-08-09,0.00345395,0.15432,True,51.3825
194,10083,2018-08-10,0.00344887,0.0361168,True,5.10068
194,10084,2018-08-11,0.0034508,0.0340721,True,7.18821
194,10085,2018-08-12,0.00346797,0.0434128,True,12.0427
194,10086,2018-08-13,0.00353793,0.09384,True,29.6818
194,10087,2018-08-14,0.00365182,0.221399,True,45.95
194,10088,2018-08-15,0.00375865,0.178209,True,45.4991
194,10089,2018-08-16,0.00386663,0.233694,True,47.8854
194,10090,2018-08-17,0.00403154,0.31822,True,72.681
194,10091,2018-08-18,0.00404723,0.114225,True,14.6176
194,10092,2018-08-19,0.00406961,0.116679,True,17.4449
194,10093,2018-08-20,0.00406389,0.0314925,True,5.75353
194,10094,2018-08-21,0.00405557,0.0224224,True,4.51626
194,10095,2018-08-22,0.00404728,0.0250254,True,4.36824
194,10096,2018-08-23,0.00403479,0.0284791,True,2.41937
194,10097,2018-08-24,0.00402352,0.0278536,True,2.77514
194,10098,2018-08-25,0.00400709,0.0300082,True,0.380724
194,10099,2018-08-26,0,0.0118547,False,0
194,10100,2018-08-27,0.000525524,0.0155979,True,3.12436
194,10101,2018-08-28,0.00082577,0.0251186,True,7.62929
194,10102,2018-08-29,0.00106621,0.0315049,True,11.0108
194,10103,2018-08-30,0.00103425,0.018632,True,1.44202
194,10104,2018-08-31,0.00105476,0.0191513,True,3.45604
211,10013,2018-06-01,0,0.0424518,False,0
211,10014,2018-06-02,0,0.0183199,False,0
211,10015,2018-06-03,0,0.0178865,False,0
211,10016,2018-06-04,0.000979863,0.0526707,True,13.0961
211,10017,2018-06-05,0.00158323,0.104339,True,34.6711
211,10018,2018-06-06,0.00184247,0.172399,True,30.3044
211,10019,2018-06-07,0.00211748,0.302871,True,39.9952
211,10020,2018-06-08,0.00276864,0.503171,True,108.409
211,10021,2018-06-09,0.00276109,0.226364,True,17.5778
211,10022,2018-06-10,0.00295112,0.368425,True,55.6178
211,10023,2018-06-11,0.00300059,0.317361,True,29.2654
211,10024,2018-06-12,0.00297361,0.200615,True,11.1345
211,10025,2018-06-13,0.00292242,0.0479566,True,3.63274
211,10026,2018-06-14,0.00298323,0.148288,True,30.3104
211,10027,2018-06-15,0.00296833,0.127757,True,10.6338
211,10028,2018-06-16,0.00298188,0.132788,True,17.5784
211,10029,2018-06-17,0.00296516,0.0663697,True,8.56629
211,10030,2018-06-18,0.00297483,0.0825275,True,15.5438
211,10031,2018-06-19,0.00300739,0.0920276,True,22.2706
211,10032,2018-06-20,0.00317776,0.363815,True,67.647
211,10033,2018-06-21,0.00340215,0.452983,True,93.2464
211,10034,2018-06-22,0.00337215,0.131961,True,3.39405
211,10035,2018-06-23,0.00341902,0.297975,True,32.1433
211,10036,2018-06-24,0.00341609,0.0782279,True,12.8576
211,10037,2018-06-25,0.00345886,0.155427,True,31.1094
211,10038,2018-06-26,0.00356064,0.399151,True,56.9936
211,10039,2018-06-27,0.00362347,0.369096,True,42.0839
211,10040,2018-06-28,0.00372605,0.329433,True,61.9289
211,10041,2018-06-29,0.00381647,0.355187,True,58.7306
211,10042,2018-06-30,0.00381756,0.0945791,True,15.7951
211,10043,2018-07-01,0.00378928,0.0296938,True,0.626631
211,10044,2018-07-02,0.00378326,0.0299719,True,11.3429
211,10045,2018-07-03,0.003772,0.0270588,True,8.26946
211,10046,2018-07-04,0.00377534,0.0325183,True,15.5128
211,10047,2018-07-05,0.00377688,0.0313943,True,14.3586
211,10048,2018-07-06,0.0037854,0.0510731,True,17.9198
211,10049,2018-07-07,0.0038438,0.148071,True,45.46
211,10050,2018-07-08,0.00399006,0.272277,True,97.6572
211,10051,2018-07-09,0.00399525,0.146625,True,17.2853
211,10052,2018-07-10,0.00400246,0.124936,True,18.3722
211,10053,2018-07-11,0.00399805,0.0393842,True,11.1533
211,10054,2018-07-12,0.00403793,0.104832,True,38.3986
211,10055,2018-07-13,0.00408983,0.228541,True,46.713
211,10056,2018-07-14,0.00409996,0.137663,True,20.4414
211,10057,2018-07-15,0.00410477,0.0916013,True,16.9131
211,10058,2018-07-16,0.0041474,0.161864,True,42.0559
211,10059,2018-07-17,0.0041944,0.247446,True,45.7749
211,10060,2018-07-18,0.00420878,0.163822,True,23.8511
211,10061,2018-07-19,0.00429599,0.372103,True,75.7182
211,10062,2018-07-20,0.00439324,0.41285,True,85.5409
211,10063,2018-07-21,0.0044888,0.349884,True,87.1386
211,10064,2018-07-22,0.00450133,0.199717,True,24.9086
211,10065,2018-07-23,0.00449079,0.0801692,True,6.88415
211,10066,2018-07-24,0.00448626,0.0411313,True,11.3096
211,10067,2018-07-25,0.00447418,0.0280563,True,5.11477
211,10068,2018-07-26,0.00449673,0.0998261,True,32.4907
211,10069,2018-07-27,0.00448941,0.0480709,True,8.53558
211,10070,2018-07-28,0.00448101,0.0438141,True,7.41213
211,10071,2018-07-29,0.00446472,0.0428905,True,0.738687
211,10072,2018-07-30,0,0.0120007,False,0.458526
211,10073,2018-07-31,0.00111301,0.0176356,True,7.4176
211,10074,2018-08-01,0.00114505,0.0127677,True,3.2576
211,10075,2018-08-02,0.00135127,0.0200109,True,7.27885
211,10076,2018-08-03,0.00232532,0.0647671,True,44.4391
211,10077,2018-08-04,0.00254832,0.0582215,True,20.7622
211,10078,2018-08-05,0.00245312,0.021805,True,0.154854
211,10079,2018-08-06,0.00242953,0.0179244,True,4.09968
211,10080,2018-08-07,0.00248452,0.0477314,True,9.68014
211,10081,2018-08-08,0.00292438,0.112651,True,46.0525
211,10082,2018-08-09,0.00293765,0.0433092,True,8.21433
211,10083,2018-08-10,0.00298965,0.0519389,True,12.3154
211,10084,2018-08-11,0.00327518,0.0943274,True,41.6309
211,10085,2018-08-12,0.00346412,0.169447,True,33.4821
211,10086,2018-08-13,0.00371667,0.214779,True,46.5145
211,10087,2018-08-14,0.00406464,0.287337,True,68.5266
211,10088,2018-08-15,0.00433775,0.285142,True,62.5633
211,10089,2018-08-16,0.00442106,0.179178,True,28.4285
211,10090,2018-08-17,0.00464125,0.294004,True,59.556
211,10091,2018-08-18,0.00482093,0.267348,True,54.3608
211,10092,2018-08-19,0.00483845,0.0893278,True,17.0823
211,10093,2018-08-20,0.00479969,0.0334656,True,2.81904
211,10094,2018-08-21,0.00480291,0.0426269,True,12.8111
211,10095,2018-08-22,0.00478805,0.0322313,True,7.85296
211,10096,2018-08-23,0.00481231,0.0508058,True,17.7664
211,10097,2018-08-24,0.00478528,0.024463,True,3.93428
211,10098,2018-08-25,0.00475938,0.0255875,True,3.78137
211,10099,2018-08-26,0.00473474,0.0259094,True,3.70466
211,10100,2018-08-27,0.00472783,0.0425478,True,8.231
211,10101,2018-08-28,0.00477007,0.057297,True,21.9286
211,10102,2018-08-29,0.00483231,0.0938053,True,28.0803
211,10103,2018-08-30,0.00480498,0.033115,True,1.87891
211,10104,2018-08-31,0.00481291,0.0480194,True,12.0905
212,10013,2018-06-01,0.00137173,0.0562781,True,0
212,10014,2018-06-02,0,0.00994612,False,0
212,10015,2018-06-03,0,0.00999824,False,0
212,10016,2018-06-04,0.00086972,0.0611636,True,20.8
212,10017,2018-06-05,0.000952338,0.0420604,True,13.2367
212,10018,2018-06-06,0.000956585,0.0257098,True,7.03724
212,10019,2018-06-07,0.00107864,0.0508125,True,18.6383
212,10020,2018-06-08,0.00177218,0.333631,True,123.542
212,10021,2018-06-09,0.00193985,0.479676,True,56.0169
212,10022,2018-06-10,0.00231562,0.505598,True,129.668
212,10023,2018-06-11,0.00248192,0.50039,True,82.5452
212,10024,2018-06-12,0.00252656,0.322743,True,41.8752
212,10025,2018-06-13,0.00261372,0.391643,True,60.9115
212,10026,2018-06-14,0.00283798,0.424091,True,130.785
212,10027,2018-06-15,0.00279855,0.168023,True,6.53653
212,10028,2018-06-16,0.00279314,0.183798,True,21.9881
212,10029,2018-06-17,0.00278271,0.0828999,True,18.0282
212,10030,2018-06-18,0.002803,0.165367,True,33.9912
212,10031,2018-06-19,0.00280321,0.119353,True,22.2185
212,10032,2018-06-20,0.00288267,0.267536,True,69.3809
212,10033,2018-06-21,0.00293438,0.362873,True,54.7214
212,10034,2018-06-22,0.00292298,0.100368,True,14.5289
212,10035,2018-06-23,0.00290869,0.0620534,True,11.6551
212,10036,2018-06-24,0.00289831,0.0323463,True,13.3544
212,10037,2018-06-25,0.0029046,0.0449805,True,24.0739
212,10038,2018-06-26,0.00292329,0.0711359,True,32.5618
212,10039,2018-06-27,0.00302973,0.198824,True,97.766
212,10040,2018-06-28,0.00317543,0.27943,True,134.701
212,10041,2018-06-29,0.00320285,0.357099,True,44.2314
212,10042,2018-06-30,0.00318681,0.0430393,True,8.09672
212,10043,2018-07-01,0.00318016,0.0275517,True,15.2457
212,10044,2018-07-02,0.00316427,0.0143761,True,6.72936
212,10045,2018-07-03,0.00315461,0.0198531,True,11.4049
212,10046,2018-07-04,0.0031406,0.0150064,True,7.00619
212,10047,2018-07-05,0.00312597,0.0154394,True,5.82979
212,10048,2018-07-06,0.00311716,0.0325605,True,10.4111
212,10049,2018-07-07,0.00324043,0.107622,True,131.838
212,10050,2018-07-08,0.00334206,0.300211,True,117.812
212,10051,2018-07-09,0.00339567,0.389118,True,74.0582
212,10052,2018-07-10,0.00343577,0.179725,True,61.8879
212,10053,2018-07-11,0.00350737,0.141986,True,96.8898
212,10054,2018-07-12,0.00355878,0.164965,True,77.627
212,10055,2018-07-13,0.00362205,0.134423,True,92.9893
212,10056,2018-07-14,0.00367763,0.162547,True,86.6011
212,10057,2018-07-15,0.00370699,0.14725,True,57.2772
212,10058,2018-07-16,0.00373647,0.143065,True,58.1515
212,10059,2018-07-17,0.0037841,0.153529,True,81.4923
212,10060,2018-07-18,0.00381187,0.145273,True,57.8981
212,10061,2018-07-19,0.00385606,0.185258,True,79.8434
212,10062,2018-07-20,0.00390803,0.183798,True,91.6911
212,10063,2018-07-21,0.00393776,0.193669,True,63.5265
212,10064,2018-07-22,0.00396011,0.165512,True,54.1562
212,10065,2018-07-23,0.00396812,0.136402,True,34.6672
212,10066,2018-07-24,0.0039797,0.149165,True,39.6506
212,10067,2018-07-25,0.0039869,0.100099,True,33.4966
212,10068,2018-07-26,0.00400384,0.155825,True,47.4335
212,10069,2018-07-27,0.00399653,0.0588629,True,12.4761
212,10070,2018-07-28,0.00399051,0.0370577,True,13.978
212,10071,2018-07-29,0.00398027,0.0181253,True,7.43029
212,10072,2018-07-30,0.00397024,0.0190357,True,7.32502
212,10073,2018-07-31,0.00396638,0.0307671,True,16.0521
212,10074,2018-08-01,0.00395684,0.0187368,True,7.3116
212,10075,2018-08-02,0.00395179,0.0297495,True,13.6458
212,10076,2018-08-03,0.00396242,0.0725629,True,37.0324
212,10077,2018-08-04,0.00395952,0.0417285,True,16.4727
212,10078,2018-08-05,0.00395178,0.0249539,True,8.81972
212,10079,2018-08-06,0.00394173,0.017225,True,4.92386
212,10080,2018-08-07,0.00393658,0.0548359,True,12.1699
212,10081,2018-08-08,0.00397182,0.209567,True,74.9921
212,10082,2018-08-09,0.00398611,0.290688,True,42.7536
212,10083,2018-08-10,0.0039904,0.124534,True,26.9264
212,10084,2018-08-11,0.00400746,0.186044,True,47.5038
212,10085,2018-08-12,0.004036,0.254892,True,66.6155
212,10086,2018-08-13,0.00406948,0.363264,True,75.6179
212,10087,2018-08-14,0.004131,0.347034,True,124.204
212,10088,2018-08-15,0.00421533,0.605454,True,166.814
212,10089,2018-08-16,0.00426027,0.591814,True,101.085
212,10090,2018-08-17,0.00431695,0.506552,True,124.092
212,10091,2018-08-18,0.00433882,0.460874,True,62.3177
212,10092,2018-08-19,0.00435914,0.308978,True,59.9657
212,10093,2018-08-20,0.00436394,0.18594,True,31.3339
212,10094,2018-08-21,0.00435932,0.115348,True,13.5549
212,10095,2018-08-22,0.00436012,0.0655467,True,23.5685
212,10096,2018-08-23,0.00435505,0.0494817,True,12.2701
212,10097,2018-08-24,0.00434795,0.0346608,True,8.14766
212,10098,2018-08-25,0.00433814,0.0296315,True,2.7221
212,10099,2018-08-26,0.00432801,0.0326616,True,1.80757
212,10100,2018-08-27,0.0043226,0.070374,True,10.5759
212,10101,2018-08-28,0.0043274,0.0968585,True,30.0836
212,10102,2018-08-29,0.00434043,0.30086,True,46.0954
212,10103,2018-08-30,0.00433686,0.100806,True,13.718
212,10104,2018-08-31,0.00433478,0.081051,True,16.4445
213,10013,2018-06-01,0.0015566,0.0353164,True,0
213,10014,2018-06-02,0,0.0124513,False,0
213,10015,2018-06-03,0.000724277,0.0338528,True,9.90289
213,10016,2018-06-04,0.000627916,0.0153255,True,0.116331
213,10017,2018-06-05,0.000907633,0.0382121,True,15.5623
213,10018,2018-06-06,0.000888748,0.0165128,True,2.22889
213,10019,2018-06-07,0.000923001,0.0193054,True,5.3604
213,10020,2018-06-08,0.00164908,0.151179,True,85.643
213,10021,2018-06-09,0.0019116,0.164797,True,53.6156
213,10022,2018-06-10,0.00244075,0.215053,True,130.263
213,10023,2018-06-11,0.00284306,0.360479,True,134.069
213,10024,2018-06-12,0.0031067,0.411262,True,112.643
213,10025,2018-06-13,0.00345613,0.427972,True,164.591
213,10026,2018-06-14,0.00368936,0.430095,True,135.017
213,10027,2018-06-15,0.00363065,0.11694,True,1.8447
213,10028,2018-06-16,0.00366456,0.15233,True,45.2982
213,10029,2018-06-17,0.00362905,0.0493856,True,9.28757
213,10030,2018-06-18,0.0036229,0.0648205,True,22.8791
213,10031,2018-06-19,0.00360549,0.0418009,True,15.7081
213,10032,2018-06-20,0.0036377,0.0707345,True,42.0401
213,10033,2018-06-21,0.00364287,0.062973,True,26.7529
213,10034,2018-06-22,0.00361722,0.0288129,True,8.16271
213,10035,2018-06-23,0.00359853,0.0233933,True,11.0993
213,10036,2018-06-24,0.00357618,0.0187913,True,7.92061
213,10037,2018-06-25,0.0035565,0.0194932,True,8.5694
213,10038,2018-06-26,0.00353566,0.0172225,True,6.97759
213,10039,2018-06-27,0.00362254,0.0931609,True,74.4124
213,10040,2018-06-28,0.00375699,0.107752,True,109.564
213,10041,2018-06-29,0.00375408,0.0454375,True,18.7825
213,10042,2018-06-30,0.00372889,0.0175016,True,2.68738
213,10043,2018-07-01,0.00371307,0.0116502,True,8.46839
213,10044,2018-07-02,0.0036867,0.00893974,True,0.291273
213,10045,2018-07-03,0.00366651,0.00844528,True,3.96091
213,10046,2018-07-04,0.00364988,0.00983869,True,5.88978
213,10047,2018-07-05,0.00362834,0.00945352,True,1.71944
213,10048,2018-07-06,0.00361021,0.011581,True,3.61528
213,10049,2018-07-07,0.00375152,0.0778123,True,123.919
213,10050,2018-07-08,0.00384584,0.152736,True,92.6665
213,10051,2018-07-09,0.00389335,0.098866,True,57.2857
213,10052,2018-07-10,0.00396963,0.0920352,True,82.9274
213,10053,2018-07-11,0.00407036,0.0940176,True,107.138
213,10054,2018-07-12,0.004148,0.105268,True,90.0332
213,10055,2018-07-13,0.00421038,0.102696,True,78.3553
213,10056,2018-07-14,0.00428319,0.100997,True,90.3562
213,10057,2018-07-15,0.0043424,0.114721,True,79.3079
213,10058,2018-07-16,0.00439525,0.11608,True,74.6204
213,10059,2018-07-17,0.00446129,0.120075,True,89.8586
213,10060,2018-07-18,0.00447333,0.0491756,True,34.6159
213,10061,2018-07-19,0.00449012,0.0589899,True,39.7237
213,10062,2018-07-20,0.00451453,0.0884768,True,48.1349
213,10063,2018-07-21,0.00452742,0.0539994,True,35.8381
213,10064,2018-07-22,0.00454298,0.0655786,True,38.8639
213,10065,2018-07-23,0.00455105,0.0446053,True,30.5467
213,10066,2018-07-24,0.00457095,0.093563,True,43.9644
213,10067,2018-07-25,0.0045888,0.0577666,True,41.8653
213,10068,2018-07-26,0.00459316,0.0392303,True,26.299
213,10069,2018-07-27,0.0045811,0.0182945,True,6.89784
213,10070,2018-07-28,0.00457145,0.0166878,True,9.33057
213,10071,2018-07-29,0.00455677,0.0110386,True,3.01556
213,10072,2018-07-30,0.00454116,0.0118208,True,1.50151
213,10073,2018-07-31,0.00453174,0.0159969,True,8.49937
213,10074,2018-08-01,0.00452234,0.0146817,True,8.18666
213,10075,2018-08-02,0.00451281,0.0136917,True,7.69676
213,10076,2018-08-03,0.00450498,0.0174365,True,9.45943
213,10077,2018-08-04,0.00449542,0.0140174,True,7.05431
213,10078,2018-08-05,0.00448515,0.012135,True,5.89574
213,10079,2018-08-06,0.00447114,0.0107767,True,0.977445
213,10080,2018-08-07,0.00446542,0.0267939,True,10.8955
213,10081,2018-08-08,0.00452022,0.129961,True,86.3969
213,10082,2018-08-09,0.00456047,0.167198,True,69.3775
213,10083,2018-08-10,0.00455946,0.0583589,True,16.9497
213,10084,2018-08-11,0.00457159,0.0669905,True,33.864
213,10085,2018-08-12,0.00459898,0.144634,True,54.0111
213,10086,2018-08-13,0.00464634,0.193304,True,81.2611
213,10087,2018-08-14,0.00475529,0.297531,True,167.122
213,10088,2018-08-15,0.00485063,0.481652,True,153.142
213,10089,2018-08-16,0.00492399,0.480164,True,125.46
213,10090,2018-08-17,0.00500578,0.505755,True,140.78
213,10091,2018-08-18,0.00502483,0.39616,True,49.3569
213,10092,2018-08-19,0.0050504,0.187888,True,59.5282
213,10093,2018-08-20,0.00505429,0.0983052,True,26.8279
213,10094,2018-08-21,0.0050539,0.0718731,True,20.1659
213,10095,2018-08-22,0.00505112,0.0414406,True,16.3298
213,10096,2018-08-23,0.00504539,0.0372799,True,11.5704
213,10097,2018-08-24,0.00503522,0.0193804,True,4.43487
213,10098,2018-08-25,0.00502483,0.0275901,True,3.81374
213,10099,2018-08-26,0.00501263,0.0239704,True,0.727705
213,10100,2018-08-27,0.00500627,0.0514136,True,9.60793
213,10101,2018-08-28,0.00500839,0.0650678,True,22.7829
213,10102,2018-08-29,0.00501409,0.0923115,True,28.3724
213,10103,2018-08-30,0.00501343,0.0839744,True,18.1884
213,10104,2018-08-31,0.00501267,0.0781342,True,17.8902
231,10013,2018-06-01,0,0.0371977,False,0
231,10014,2018-06-02,0.000521404,0.0183263,True,2.4994
231,10015,2018-06-03,0.000749287,0.0336151,True,4.65797
231,10016,2018-06-04,0.00144274,0.086014,True,25.8362
231,10017,2018-06-05,0.00183417,0.116953,True,28.4327
231,10018,2018-06-06,0.00198784,0.0915382,True,18.5769
231,10019,2018-06-07,0.00224496,0.126761,True,31.4106
231,10020,2018-06-08,0.00313026,0.487513,True,125.33
231,10021,2018-06-09,0.00330628,0.474826,True,44.3736
231,10022,2018-06-10,0.00358896,0.380112,True,69.6341
231,10023,2018-06-11,0.00367314,0.32048,True,34.6952
231,10024,2018-06-12,0.00375056,0.25987,True,34.2365
231,10025,2018-06-13,0.00374083,0.10972,True,14.0797
231,10026,2018-06-14,0.00385509,0.178193,True,44.3884
231,10027,2018-06-15,0.00383821,0.0801057,True,11.4227
231,10028,2018-06-16,0.00384775,0.0820255,True,17.7165
231,10029,2018-06-17,0.00383915,0.0459749,True,12.2364
231,10030,2018-06-18,0.00384072,0.0446342,True,14.5247
231,10031,2018-06-19,0.00383656,0.0447315,True,12.405
231,10032,2018-06-20,0.0040295,0.195977,True,72.8756
231,10033,2018-06-21,0.00420645,0.349521,True,72.9845
231,10034,2018-06-22,0.00417204,0.0799789,True,3.15021
231,10035,2018-06-23,0.00418603,0.0864893,True,19.3398
231,10036,2018-06-24,0.00418237,0.0291491,True,12.8303
231,10037,2018-06-25,0.00423054,0.0754487,True,31.5332
231,10038,2018-06-26,0.00432133,0.202174,True,48.4543
231,10039,2018-06-27,0.00442521,0.19143,True,55.4324
231,10040,2018-06-28,0.00457014,0.178735,True,74.9163
231,10041,2018-06-29,0.00464899,0.2225,True,49.4612
231,10042,2018-06-30,0.00467122,0.0742609,True,25.3347
231,10043,2018-07-01,0.00464434,0.0180736,True,3.06338
231,10044,2018-07-02,0.00466458,0.0231062,True,24.0989
231,10045,2018-07-03,0.00465449,0.0179541,True,9.94913
231,10046,2018-07-04,0.00466441,0.0211376,True,19.0335
231,10047,2018-07-05,0.0046543,0.0158082,True,9.31561
231,10048,2018-07-06,0.00467014,0.0296507,True,21.564
231,10049,2018-07-07,0.00482188,0.133683,True,89.8373
231,10050,2018-07-08,0.00495204,0.184008,True,82.6261
231,10051,2018-07-09,0.00497433,0.157795,True,27.0605
231,10052,2018-07-10,0.00502498,0.13672,True,42.7835
231,10053,2018-07-11,0.00504143,0.0843704,True,24.2731
231,10054,2018-07-12,0.00510288,0.14331,True,49.9972
231,10055,2018-07-13,0.00517238,0.176344,True,55.7451
231,10056,2018-07-14,0.00521973,0.209377,True,43.6477
231,10057,2018-07-15,0.00524164,0.119181,True,28.7648
231,10058,2018-07-16,0.00527926,0.140637,True,38.6258
231,10059,2018-07-17,0.00532693,0.13856,True,45.4182
231,10060,2018-07-18,0.00534843,0.136785,True,29.2731
231,10061,2018-07-19,0.00544106,0.278231,True,75.9592
231,10062,2018-07-20,0.0055344,0.310029,True,78.4998
231,10063,2018-07-21,0.00560054,0.291411,True,61.7122
231,10064,2018-07-22,0.00561217,0.161399,True,24.5641
231,10065,2018-07-23,0.00561886,0.0899723,True,21.0477
231,10066,2018-07-24,0.00566555,0.1577,True,49.6202
231,10067,2018-07-25,0.00569367,0.168908,True,36.7456
231,10068,2018-07-26,0.00572358,0.154044,True,38.3355
231,10069,2018-07-27,0.00572265,0.0701296,True,15.6192
231,10070,2018-07-28,0.00570521,0.0188405,True,3.06188
231,10071,2018-07-29,0.00569886,0.0292717,True,11.0941
231,10072,2018-07-30,0.00568787,0.021655,True,7.36739
231,10073,2018-07-31,0.00568323,0.0304121,True,11.9426
231,10074,2018-08-01,0.00566957,0.0195402,True,4.83774
231,10075,2018-08-02,0.00566005,0.0244611,True,7.76346
231,10076,2018-08-03,0.00569103,0.0721277,True,38.9974
231,10077,2018-08-04,0.0057118,0.106067,True,31.2868
231,10078,2018-08-05,0.00572292,0.123718,True,23.7641
231,10079,2018-08-06,0.00570681,0.0244207,True,1.97978
231,10080,2018-08-07,0.00572021,0.0563184,True,25.4353
231,10081,2018-08-08,0.00575811,0.110555,True,45.4387
231,10082,2018-08-09,0.00578441,0.182088,True,36.3571
231,10083,2018-08-10,0.00580616,0.161822,True,32.816
231,10084,2018-08-11,0.00585814,0.205869,True,58.5611
231,10085,2018-08-12,0.00589976,0.277525,True,50.5009
231,10086,2018-08-13,0.00595826,0.234637,True,65.8361
231,10087,2018-08-14,0.00605427,0.306886,True,100.326
231,10088,2018-08-15,0.00613129,0.331492,True,85.3423
231,10089,2018-08-16,0.00620575,0.343035,True,84.6128
231,10090,2018-08-17,0.006258,0.294583,True,65.201
231,10091,2018-08-18,0.00628848,0.248203,True,45.2828
231,10092,2018-08-19,0.00629878,0.149121,True,26.2118
231,10093,2018-08-20,0.00630051,0.0904723,True,17.9307
231,10094,2018-08-21,0.00630812,0.0581785,True,23.5574
231,10095,2018-08-22,0.00630495,0.0400409,True,12.9907
231,10096,2018-08-23,0.00630837,0.0483792,True,19.3192
231,10097,2018-08-24,0.00631596,0.0540825,True,23.383
231,10098,2018-08-25,0.00630834,0.0405106,True,8.22498
231,10099,2018-08-26,0.00629646,0.0242331,True,3.80335
231,10100,2018-08-27,0.00629878,0.0591926,True,17.8279
231,10101,2018-08-28,0.00632413,0.104338,True,41.0124
231,10102,2018-08-29,0.0063527,0.188073,True,44.5883
231,10103,2018-08-30,0.00636086,0.101431,True,23.8714
231,10104,2018-08-31,0.00636027,0.0753609,True,14.8234
232,10013,2018-06-01,0,0.0323016,False,0
232,10014,2018-06-02,0,0.0120953,False,0
232,10015,2018-06-03,0,0.0116686,False,0
232,10016,2018-06-04,0.000411385,0.0165957,False,1.85758
232,10017,2018-06-05,0.000827941,0.0333476,True,8.78347
232,10018,2018-06-06,0.000917918,0.0225391,True,5.09461
232,10019,2018-06-07,0.0011478,0.0380889,True,12.5702
232,10020,2018-06-08,0.00251247,0.276983,True,128.667
232,10021,2018-06-09,0.00278365,0.398663,True,53.1923
232,10022,2018-06-10,0.00325983,0.276631,True,101.44
232,10023,2018-06-11,0.00356553,0.268117,True,86.0802
232,10024,2018-06-12,0.00362373,0.248733,True,35.4391
232,10025,2018-06-13,0.00379482,0.274298,True,65.9463
232,10026,2018-06-14,0.00430789,0.355896,True,177.293
232,10027,2018-06-15,0.00423225,0.134858,True,1.19315
232,10028,2018-06-16,0.00423931,0.177891,True,26.7619
232,10029,2018-06-17,0.00421115,0.0514403,True,13.4388
232,10030,2018-06-18,0.00421418,0.0625763,True,23.2709
232,10031,2018-06-19,0.00420254,0.0544935,True,17.0431
232,10032,2018-06-20,0.00433612,0.195828,True,72.5383
232,10033,2018-06-21,0.00443381,0.29189,True,61.3329
232,10034,2018-06-22,0.0044028,0.0703837,True,8.36692
232,10035,2018-06-23,0.0043818,0.0499898,True,11.5391
232,10036,2018-06-24,0.00437094,0.0255978,True,15.06
232,10037,2018-06-25,0.00440108,0.0615472,True,32.7385
232,10038,2018-06-26,0.00443519,0.106696,True,34.7337
232,10039,2018-06-27,0.00464934,0.164749,True,122.555
232,10040,2018-06-28,0.00490244,0.384754,True,151.989
232,10041,2018-06-29,0.00493421,0.308331,True,39.4943
232,10042,2018-06-30,0.00491502,0.0449634,True,11.2742
232,10043,2018-07-01,0.00490211,0.0186099,True,14.0618
232,10044,2018-07-02,0.00487334,0.00882487,True,4.41205
232,10045,2018-07-03,0.00484692,0.00962156,True,4.96856
232,10046,2018-07-04,0.00482629,0.0123678,True,7.59658
232,10047,2018-07-05,0.00480394,0.0105664,True,5.95687
232,10048,2018-07-06,0.00478911,0.0185119,True,9.77507
232,10049,2018-07-07,0.00507652,0.0990012,True,195.416
232,10050,2018-07-08,0.00526191,0.297491,True,141.903
232,10051,2018-07-09,0.00537428,0.273279,True,98.3611
232,10052,2018-07-10,0.00543167,0.14949,True,62.4282
232,10053,2018-07-11,0.00554075,0.104591,True,101.274
232,10054,2018-07-12,0.00561711,0.100539,True,79.758
232,10055,2018-07-13,0.00572139,0.11356,True,103.213
232,10056,2018-07-14,0.00579568,0.119154,True,82.2917
232,10057,2018-07-15,0.00583955,0.125285,True,59.3003
232,10058,2018-07-16,0.00588131,0.125768,True,58.2647
232,10059,2018-07-17,0.00596182,0.133248,True,91.6431
232,10060,2018-07-18,0.00598552,0.10777,True,44.6175
232,10061,2018-07-19,0.00603537,0.13518,True,67.6526
232,10062,2018-07-20,0.0061065,0.150771,True,87.5809
232,10063,2018-07-21,0.00614324,0.165844,True,57.9112
232,10064,2018-07-22,0.00618815,0.16319,True,66.0105
232,10065,2018-07-23,0.00619585,0.126218,True,31.9216
232,10066,2018-07-24,0.00622209,0.12383,True,49.2991
232,10067,2018-07-25,0.00624115,0.103799,True,42.7011
232,10068,2018-07-26,0.00625295,0.102557,True,35.7679
232,10069,2018-07-27,0.00623726,0.0270553,True,8.90143
232,10070,2018-07-28,0.00622362,0.0214938,True,10.4527
232,10071,2018-07-29,0.00620433,0.0124645,True,4.46872
232,10072,2018-07-30,0.00619092,0.0213606,True,9.81418
232,10073,2018-07-31,0.00617723,0.0172289,True,9.13847
232,10074,2018-08-01,0.00616147,0.0156585,True,6.67375
232,10075,2018-08-02,0.00616258,0.0285447,True,23.2289
232,10076,2018-08-03,0.00615988,0.0302246,True,19.189
232,10077,2018-08-04,0.00615395,0.0249181,True,15.6391
232,10078,2018-08-05,0.00614528,0.0193776,True,12.5712
232,10079,2018-08-06,0.00612707,0.0135409,True,2.43109
232,10080,2018-08-07,0.00612165,0.0349019,True,15.2871
232,10081,2018-08-08,0.00617109,0.202037,True,72.4336
232,10082,2018-08-09,0.00620096,0.254855,True,52.5335
232,10083,2018-08-10,0.00620208,0.0793636,True,22.0915
232,10084,2018-08-11,0.00624218,0.171008,True,64.0882
232,10085,2018-08-12,0.00629107,0.337671,True,74.4662
232,10086,2018-08-13,0.00636005,0.271822,True,97.9102
232,10087,2018-08-14,0.00646403,0.350831,True,139.69
232,10088,2018-08-15,0.00656565,0.484705,True,140.273
232,10089,2018-08-16,0.006648,0.526914,True,120.419
232,10090,2018-08-17,0.0067373,0.506367,True,131.222
232,10091,2018-08-18,0.00676623,0.357687,True,58.9535
232,10092,2018-08-19,0.00678962,0.186304,True,52.4457
232,10093,2018-08-20,0.00679662,0.150212,True,32.1124
232,10094,2018-08-21,0.00679023,0.0642626,True,15.1325
232,10095,2018-08-22,0.00679143,0.0495989,True,24.529
232,10096,2018-08-23,0.00678289,0.034664,True,11.9587
232,10097,2018-08-24,0.00677635,0.0328746,True,14.258
232,10098,2018-08-25,0.00676132,0.0192139,True,3.11667
232,10099,2018-08-26,0.00674673,0.0200656,True,3.37494
232,10100,2018-08-27,0.00673877,0.0426087,True,11.6349
232,10101,2018-08-28,0.00674609,0.0754911,True,31.2543
232,10102,2018-08-29,0.00676038,0.173671,True,40.3426
232,10103,2018-08-30,0.00675571,0.0617558,True,15.4527
232,10104,2018-08-31,0.00675322,0.0539553,True,18.1476
253,10013,2018-06-01,0.00197433,0.080849,True,0
253,10014,2018-06-02,0.00196234,0.0258563,True,1.7063
253,10015,2018-06-03,0.00195485,0.0357573,True,3.17992
253,10016,2018-06-04,0.00196289,0.0529421,True,9.03659
253,10017,2018-06-05,0.00195663,0.0299281,True,3.33291
253,10018,2018-06-06,0.00201685,0.116758,True,30.3437
253,10019,2018-06-07,0.00203928,0.0931073,True,15.457
253,10020,2018-06-08,0.00229742,0.362062,True,125.364
253,10021,2018-06-09,0.00239939,0.594369,True,59.5267
253,10022,2018-06-10,0.0025337,0.453221,True,81.2391
253,10023,2018-06-11,0.00256894,0.292652,True,29.0189
253,10024,2018-06-12,0.00263581,0.365936,True,48.5341
253,10025,2018-06-13,0.00264771,0.136897,True,16.5597
253,10026,2018-06-14,0.00287972,0.337661,True,159.146
253,10027,2018-06-15,0.00286637,0.208781,True,1.7609
253,10028,2018-06-16,0.00286483,0.159504,True,9.53765
253,10029,2018-06-17,0.00287083,0.0587404,True,14.599
253,10030,2018-06-18,0.00288434,0.0637019,True,19.8624
253,10031,2018-06-19,0.00288687,0.0590945,True,12.1094
253,10032,2018-06-20,0.00297496,0.252008,True,74.8242
253,10033,2018-06-21,0.0030641,0.409708,True,78.8845
253,10034,2018-06-22,0.00307243,0.174246,True,17.7777
253,10035,2018-06-23,0.00306783,0.0804204,True,7.50683
253,10036,2018-06-24,0.00307655,0.0431336,True,17.9839
253,10037,2018-06-25,0.00309475,0.0618328,True,25.7233
253,10038,2018-06-26,0.00319168,0.27257,True,92.0128
253,10039,2018-06-27,0.00324158,0.372904,True,54.6783
253,10040,2018-06-28,0.003373,0.253664,True,129.848
253,10041,2018-06-29,0.00341956,0.454959,True,56.0447
253,10042,2018-06-30,0.00342271,0.0868929,True,15.8496
253,10043,2018-07-01,0.00341071,0.0227741,True,1.3238
253,10044,2018-07-02,0.00340873,0.0228913,True,10.6358
253,10045,2018-07-03,0.00341031,0.0224011,True,13.9288
253,10046,2018-07-04,0.00341079,0.023797,True,12.7594
253,10047,2018-07-05,0.0034003,0.0162026,True,1.90135
253,10048,2018-07-06,0.00340216,0.0313714,True,13.8163
253,10049,2018-07-07,0.00359903,0.192246,True,213.54
253,10050,2018-07-08,0.00370195,0.48689,True,124.267
253,10051,2018-07-09,0.00373318,0.469681,True,48.4947
253,10052,2018-07-10,0.00375912,0.159572,True,43.2001
253,10053,2018-07-11,0.00378082,0.133156,True,38.8323
253,10054,2018-07-12,0.0038059,0.127518,True,43.1261
253,10055,2018-07-13,0.00383939,0.161356,True,53.4876
253,10056,2018-07-14,0.00387241,0.157375,True,53.6948
253,10057,2018-07-15,0.00389493,0.127796,True,41.7073
253,10058,2018-07-16,0.00390819,0.111465,True,30.752
253,10059,2018-07-17,0.00393582,0.175423,True,48.6937
253,10060,2018-07-18,0.00396547,0.152266,True,51.8082
253,10061,2018-07-19,0.00400948,0.186558,True,70.8325
253,10062,2018-07-20,0.00406172,0.197737,True,82.7972
253,10063,2018-07-21,0.00408766,0.169432,True,49.4819
253,10064,2018-07-22,0.00409791,0.0932528,True,29.0221
253,10065,2018-07-23,0.00411559,0.15934,True,39.1168
253,10066,2018-07-24,0.00415237,0.1647,True,65.4912
253,10067,2018-07-25,0.00417582,0.148292,True,47.9106
253,10068,2018-07-26,0.00419117,0.130033,True,37.0278
253,10069,2018-07-27,0.00418776,0.0499725,True,10.7918
253,10070,2018-07-28,0.00417757,0.0160505,True,1.06808
253,10071,2018-07-29,0.00417275,0.0276586,True,8.45549
253,10072,2018-07-30,0.004168,0.0273558,True,8.38339
253,10073,2018-07-31,0.00416328,0.0315992,True,8.25139
253,10074,2018-08-01,0.00415402,0.0233163,True,1.59881
253,10075,2018-08-02,0.00415074,0.0487238,True,9.99786
253,10076,2018-08-03,0.00415893,0.0623579,True,26.4278
253,10077,2018-08-04,0.00416688,0.0798292,True,26.125
253,10078,2018-08-05,0.00417573,0.111219,True,27.5007
253,10079,2018-08-06,0.00416618,0.0376368,True,0.419252
253,10080,2018-08-07,0.00417597,0.0936394,True,28.8265
253,10081,2018-08-08,0.0041933,0.143585,True,40.1813
253,10082,2018-08-09,0.00421365,0.162131,True,45.0289
253,10083,2018-08-10,0.00422027,0.0918496,True,24.479
253,10084,2018-08-11,0.00426819,0.29052,True,88.018
253,10085,2018-08-12,0.00428524,0.200538,True,41.1766
253,10086,2018-08-13,0.00433061,0.232968,True,86.1745
253,10087,2018-08-14,0.00438639,0.234139,True,104.31
253,10088,2018-08-15,0.00444194,0.260624,True,105.873
253,10089,2018-08-16,0.00450917,0.421925,True,127.382
253,10090,2018-08-17,0.00454872,0.513323,True,82.8692
253,10091,2018-08-18,0.00456729,0.188745,True,47.906
253,10092,2018-08-19,0.00458274,0.15726,True,42.8427
253,10093,2018-08-20,0.00458812,0.0988953,True,25.549
253,10094,2018-08-21,0.00458965,0.0744507,True,18.8392
253,10095,2018-08-22,0.0045907,0.0445733,True,17.915
253,10096,2018-08-23,0.00458623,0.0296501,True,8.13844
253,10097,2018-08-24,0.00459306,0.0594257,True,27.9798
253,10098,2018-08-25,0.00459016,0.0649141,True,10.6947
253,10099,2018-08-26,0.00458327,0.0264619,True,3.50155
253,10100,2018-08-27,0.00458111,0.0506476,True,11.7643
253,10101,2018-08-28,0.00459822,0.106954,True,46.2827
253,10102,2018-08-29,0.00461612,0.220044,True,47.9766
253,10103,2018-08-30,0.00462087,0.107352,True,24.299
253,10104,2018-08-31,0.0046247,0.109007,True,22.5963
